operator,txid,from,to,amount,fee,ts
mvola,tx-000000,user0000,user0987,27705,0,1790877429659862700
orange,tx-000001,user0001,user0750,31468,0,1790877429667862700
airtel,tx-000002,user0002,user1345,38023,0,1790877429675862700
mvola,tx-000003,user0003,user1176,38657,0,1790877429683862700
orange,tx-000004,user0004,user0643,30628,0,1790877429691862700
airtel,tx-000005,user0005,user1967,17829,0,1790877429699862700
mvola,tx-000006,user0006,user0828,14415,0,1790877429707862700
orange,tx-000007,user0007,user0653,10352,0,1790877429715862700
airtel,tx-000008,user0008,user0601,9852,0,1790877429723862700
mvola,tx-000009,user0009,user1504,26135,0,1790877429731862700
orange,tx-000010,user0010,user0934,26682,0,1790877429739862700
airtel,tx-000011,user0011,user1275,28844,0,1790877429747862700
mvola,tx-000012,user0012,user0861,24944,0,1790877429755862700
orange,tx-000013,user0013,user0919,1602,0,1790877429763862700
airtel,tx-000014,user0014,user0679,36407,0,1790877429771862700
mvola,tx-000015,user0015,user1102,48882,0,1790877429779862700
orange,tx-000016,user0016,user0610,21615,0,1790877429787862700
airtel,tx-000017,user0017,user0298,42129,0,1790877429795862700
mvola,tx-000018,user0018,user1767,15374,0,1790877429803862700
orange,tx-000019,user0019,user0507,18972,0,1790877429811862700
airtel,tx-000020,user0020,user1387,26735,0,1790877429819862700
mvola,tx-000021,user0021,user1160,22224,0,1790877429827862700
orange,tx-000022,user0022,user1512,31336,0,1790877429835862700
airtel,tx-000023,user0023,user1532,4094,0,1790877429843862700
mvola,tx-000024,user0024,user0919,8929,0,1790877429851862700
orange,tx-000025,user0025,user1392,42478,0,1790877429859862700
airtel,tx-000026,user0026,user0991,47009,0,1790877429867862700
mvola,tx-000027,user0027,user1276,16172,0,1790877429875862700
orange,tx-000028,user0028,user1401,438,0,1790877429883862700
airtel,tx-000029,user0029,user1887,48086,0,1790877429891862700
mvola,tx-000030,user0030,user0178,32904,0,1790877429899862700
orange,tx-000031,user0031,user1856,42611,0,1790877429907862700
airtel,tx-000032,user0032,user1895,44015,0,1790877429915862700
mvola,tx-000033,user0033,user1728,7896,0,1790877429923862700
orange,tx-000034,user0034,user1775,17216,0,1790877429931862700
airtel,tx-000035,user0035,user1987,7766,0,1790877429939862700
mvola,tx-000036,user0036,user0087,49470,0,1790877429947862700
orange,tx-000037,user0037,user1504,3980,0,1790877429955862700
airtel,tx-000038,user0038,user1784,3801,0,1790877429963862700
mvola,tx-000039,user0039,user1366,24503,0,1790877429971862700
orange,tx-000040,user0040,user0323,15239,0,1790877429979862700
airtel,tx-000041,user0041,user1559,6813,0,1790877429987862700
mvola,tx-000042,user0042,user1854,25046,0,1790877429995862700
orange,tx-000043,user0043,user1546,36935,0,1790877430003862700
airtel,tx-000044,user0044,user1138,17983,0,1790877430011862700
mvola,tx-000045,user0045,user0198,23382,0,1790877430019862700
orange,tx-000046,user0046,user1507,35931,0,1790877430027862700
airtel,tx-000047,user0047,user0151,26263,0,1790877430035862700
mvola,tx-000048,user0048,user1375,25940,0,1790877430043862700
orange,tx-000049,user0049,user1602,47556,0,1790877430051862700
airtel,tx-000050,user0050,user1504,12958,0,1790877430059862700
mvola,tx-000051,user0051,user1055,12728,0,1790877430067862700
orange,tx-000052,user0052,user1818,4798,0,1790877430075862700
airtel,tx-000053,user0053,user1107,49762,0,1790877430083862700
mvola,tx-000054,user0054,user1327,38380,0,1790877430091862700
orange,tx-000055,user0055,user1031,26768,0,1790877430099862700
airtel,tx-000056,user0056,user0419,15039,0,1790877430107862700
mvola,tx-000057,user0057,user0678,14379,0,1790877430115862700
orange,tx-000058,user0058,user0043,39577,0,1790877430123862700
airtel,tx-000059,user0059,user0378,27661,0,1790877430131862700
mvola,tx-000060,user0060,user1922,20013,0,1790877430139862700
orange,tx-000061,user0061,user0648,28410,0,1790877430147862700
airtel,tx-000062,user0062,user1551,49483,0,1790877430155862700
mvola,tx-000063,user0063,user1754,49745,0,1790877430163862700
orange,tx-000064,user0064,user0334,12243,0,1790877430171862700
airtel,tx-000065,user0065,user0529,46258,0,1790877430179862700
mvola,tx-000066,user0066,user0581,11314,0,1790877430187862700
orange,tx-000067,user0067,user1687,33914,0,1790877430195862700
airtel,tx-000068,user0068,user0062,20799,0,1790877430203862700
mvola,tx-000069,user0069,user1839,4523,0,1790877430211862700
orange,tx-000070,user0070,user1155,18925,0,1790877430219862700
airtel,tx-000071,user0071,user0263,219,0,1790877430227862700
mvola,tx-000072,user0072,user0478,16251,0,1790877430235862700
orange,tx-000073,user0073,user1173,40994,0,1790877430243862700
airtel,tx-000074,user0074,user1387,26762,0,1790877430251862700
mvola,tx-000075,user0075,user1176,16689,0,1790877430259862700
orange,tx-000076,user0076,user0567,3583,0,1790877430267862700
airtel,tx-000077,user0077,user0306,24231,0,1790877430275862700
mvola,tx-000078,user0078,user1085,29842,0,1790877430283862700
orange,tx-000079,user0079,user0793,13423,0,1790877430291862700
airtel,tx-000080,user0080,user1571,39508,0,1790877430299862700
mvola,tx-000081,user0081,user1860,10912,0,1790877430307862700
orange,tx-000082,user0082,user0416,4481,0,1790877430315862700
airtel,tx-000083,user0083,user0549,21393,0,1790877430323862700
mvola,tx-000084,user0084,user1605,13459,0,1790877430331862700
orange,tx-000085,user0085,user1953,20138,0,1790877430339862700
airtel,tx-000086,user0086,user1469,46713,0,1790877430347862700
mvola,tx-000087,user0087,user0090,34037,0,1790877430355862700
orange,tx-000088,user0088,user1888,12359,0,1790877430363862700
airtel,tx-000089,user0089,user1665,32716,0,1790877430371862700
mvola,tx-000090,user0090,user0653,11869,0,1790877430379862700
orange,tx-000091,user0091,user0520,39846,0,1790877430387862700
airtel,tx-000092,user0092,user1656,47518,0,1790877430395862700
mvola,tx-000093,user0093,user0993,43569,0,1790877430403862700
orange,tx-000094,user0094,user1220,20426,0,1790877430411862700
airtel,tx-000095,user0095,user1942,41537,0,1790877430419862700
mvola,tx-000096,user0096,user0132,48960,0,1790877430427862700
orange,tx-000097,user0097,user1827,34717,0,1790877430435862700
airtel,tx-000098,user0098,user1301,48275,0,1790877430443862700
mvola,tx-000099,user0099,user1301,26656,0,1790877430451862700
orange,tx-000100,user0100,user0130,17623,0,1790877430459862700
airtel,tx-000101,user0101,user0256,47006,0,1790877430467862700
mvola,tx-000102,user0102,user1295,35138,0,1790877430475862700
orange,tx-000103,user0103,user0680,43401,0,1790877430483862700
airtel,tx-000104,user0104,user0630,11709,0,1790877430491862700
mvola,tx-000105,user0105,user0983,29677,0,1790877430499862700
orange,tx-000106,user0106,user1401,38297,0,1790877430507862700
airtel,tx-000107,user0107,user0237,8901,0,1790877430515862700
mvola,tx-000108,user0108,user1567,26246,0,1790877430523862700
orange,tx-000109,user0109,user1794,42100,0,1790877430531862700
airtel,tx-000110,user0110,user0724,34887,0,1790877430539862700
mvola,tx-000111,user0111,user1358,1722,0,1790877430547862700
orange,tx-000112,user0112,user1655,29145,0,1790877430555862700
airtel,tx-000113,user0113,user0697,44198,0,1790877430563862700
mvola,tx-000114,user0114,user1074,31295,0,1790877430571862700
orange,tx-000115,user0115,user0600,13073,0,1790877430579862700
airtel,tx-000116,user0116,user0556,9702,0,1790877430587862700
mvola,tx-000117,user0117,user1584,10547,0,1790877430595862700
orange,tx-000118,user0118,user0743,23307,0,1790877430603862700
airtel,tx-000119,user0119,user0828,28040,0,1790877430611862700
mvola,tx-000120,user0120,user0227,15045,0,1790877430619862700
orange,tx-000121,user0121,user0817,6534,0,1790877430627862700
airtel,tx-000122,user0122,user1625,48289,0,1790877430635862700
mvola,tx-000123,user0123,user0333,13848,0,1790877430643862700
orange,tx-000124,user0124,user0588,9679,0,1790877430651862700
airtel,tx-000125,user0125,user1312,14611,0,1790877430659862700
mvola,tx-000126,user0126,user0958,21290,0,1790877430667862700
orange,tx-000127,user0127,user1569,4848,0,1790877430675862700
airtel,tx-000128,user0128,user0805,14353,0,1790877430683862700
mvola,tx-000129,user0129,user0639,19990,0,1790877430691862700
orange,tx-000130,user0130,user1692,28728,0,1790877430699862700
airtel,tx-000131,user0131,user0982,5045,0,1790877430707862700
mvola,tx-000132,user0132,user1584,10745,0,1790877430715862700
orange,tx-000133,user0133,user1517,37532,0,1790877430723862700
airtel,tx-000134,user0134,user0394,45946,0,1790877430731862700
mvola,tx-000135,user0135,user0083,7094,0,1790877430739862700
orange,tx-000136,user0136,user1560,22108,0,1790877430747862700
airtel,tx-000137,user0137,user1335,27740,0,1790877430755862700
mvola,tx-000138,user0138,user1496,160,0,1790877430763862700
orange,tx-000139,user0139,user0651,45383,0,1790877430771862700
airtel,tx-000140,user0140,user0477,2387,0,1790877430779862700
mvola,tx-000141,user0141,user0062,44641,0,1790877430787862700
orange,tx-000142,user0142,user1751,11046,0,1790877430795862700
airtel,tx-000143,user0143,user1729,25862,0,1790877430803862700
mvola,tx-000144,user0144,user1292,15548,0,1790877430811862700
orange,tx-000145,user0145,user1959,42811,0,1790877430819862700
airtel,tx-000146,user0146,user1716,46260,0,1790877430827862700
mvola,tx-000147,user0147,user1774,27997,0,1790877430835862700
orange,tx-000148,user0148,user1022,48391,0,1790877430843862700
airtel,tx-000149,user0149,user0836,47144,0,1790877430851862700
mvola,tx-000150,user0150,user0517,22682,0,1790877430859862700
orange,tx-000151,user0151,user1987,11854,0,1790877430867862700
airtel,tx-000152,user0152,user0936,7510,0,1790877430875862700
mvola,tx-000153,user0153,user0240,15024,0,1790877430883862700
orange,tx-000154,user0154,user1029,44229,0,1790877430891862700
airtel,tx-000155,user0155,user1473,32245,0,1790877430899862700
mvola,tx-000156,user0156,user0485,13936,0,1790877430907862700
orange,tx-000157,user0157,user0104,27259,0,1790877430915862700
airtel,tx-000158,user0158,user0658,18153,0,1790877430923862700
mvola,tx-000159,user0159,user1028,14901,0,1790877430931862700
orange,tx-000160,user0160,user1915,4675,0,1790877430939862700
airtel,tx-000161,user0161,user1678,39135,0,1790877430947862700
mvola,tx-000162,user0162,user0413,29320,0,1790877430955862700
orange,tx-000163,user0163,user0828,36239,0,1790877430963862700
airtel,tx-000164,user0164,user0013,39596,0,1790877430971862700
mvola,tx-000165,user0165,user1867,40874,0,1790877430979862700
orange,tx-000166,user0166,user0235,37957,0,1790877430987862700
airtel,tx-000167,user0167,user1003,21120,0,1790877430995862700
mvola,tx-000168,user0168,user1505,49135,0,1790877431003862700
orange,tx-000169,user0169,user0059,29115,0,1790877431011862700
airtel,tx-000170,user0170,user0592,8567,0,1790877431019862700
mvola,tx-000171,user0171,user0651,32300,0,1790877431027862700
orange,tx-000172,user0172,user1908,16306,0,1790877431035862700
airtel,tx-000173,user0173,user0796,26547,0,1790877431043862700
mvola,tx-000174,user0174,user1453,9114,0,1790877431051862700
orange,tx-000175,user0175,user0620,12213,0,1790877431059862700
airtel,tx-000176,user0176,user0489,31689,0,1790877431067862700
mvola,tx-000177,user0177,user0596,46664,0,1790877431075862700
orange,tx-000178,user0178,user1158,952,0,1790877431083862700
airtel,tx-000179,user0179,user1339,45752,0,1790877431091862700
mvola,tx-000180,user0180,user1360,1423,0,1790877431099862700
orange,tx-000181,user0181,user1014,22589,0,1790877431107862700
airtel,tx-000182,user0182,user1417,13979,0,1790877431115862700
mvola,tx-000183,user0183,user1345,8099,0,1790877431123862700
orange,tx-000184,user0184,user1620,40125,0,1790877431131862700
airtel,tx-000185,user0185,user1319,9051,0,1790877431139862700
mvola,tx-000186,user0186,user0580,20113,0,1790877431147862700
orange,tx-000187,user0187,user1030,25101,0,1790877431155862700
airtel,tx-000188,user0188,user0648,23877,0,1790877431163862700
mvola,tx-000189,user0189,user1656,5158,0,1790877431171862700
orange,tx-000190,user0190,user1179,20787,0,1790877431179862700
airtel,tx-000191,user0191,user0416,44941,0,1790877431187862700
mvola,tx-000192,user0192,user1321,44701,0,1790877431195862700
orange,tx-000193,user0193,user1783,41292,0,1790877431203862700
airtel,tx-000194,user0194,user1743,23216,0,1790877431211862700
mvola,tx-000195,user0195,user0780,24382,0,1790877431219862700
orange,tx-000196,user0196,user0864,44539,0,1790877431227862700
airtel,tx-000197,user0197,user0227,4939,0,1790877431235862700
mvola,tx-000198,user0198,user0958,23761,0,1790877431243862700
orange,tx-000199,user0199,user0858,34434,0,1790877431251862700
airtel,tx-000200,user0200,user0288,30656,0,1790877431259862700
mvola,tx-000201,user0201,user0272,38729,0,1790877431267862700
orange,tx-000202,user0202,user0049,25226,0,1790877431275862700
airtel,tx-000203,user0203,user0948,34166,0,1790877431283862700
mvola,tx-000204,user0204,user0244,32912,0,1790877431291862700
orange,tx-000205,user0205,user1306,17947,0,1790877431299862700
airtel,tx-000206,user0206,user1080,45694,0,1790877431307862700
mvola,tx-000207,user0207,user1060,37386,0,1790877431315862700
orange,tx-000208,user0208,user1232,47737,0,1790877431323862700
airtel,tx-000209,user0209,user0356,11182,0,1790877431331862700
mvola,tx-000210,user0210,user1628,47454,0,1790877431339862700
orange,tx-000211,user0211,user1831,40565,0,1790877431347862700
airtel,tx-000212,user0212,user0006,20111,0,1790877431355862700
mvola,tx-000213,user0213,user1700,30880,0,1790877431363862700
orange,tx-000214,user0214,user1418,47315,0,1790877431371862700
airtel,tx-000215,user0215,user0053,31113,0,1790877431379862700
mvola,tx-000216,user0216,user0009,28824,0,1790877431387862700
orange,tx-000217,user0217,user1887,31670,0,1790877431395862700
airtel,tx-000218,user0218,user0132,48170,0,1790877431403862700
mvola,tx-000219,user0219,user0196,43873,0,1790877431411862700
orange,tx-000220,user0220,user1509,2940,0,1790877431419862700
airtel,tx-000221,user0221,user0465,39767,0,1790877431427862700
mvola,tx-000222,user0222,user1640,38016,0,1790877431435862700
orange,tx-000223,user0223,user1884,40773,0,1790877431443862700
airtel,tx-000224,user0224,user0565,47993,0,1790877431451862700
mvola,tx-000225,user0225,user0646,651,0,1790877431459862700
orange,tx-000226,user0226,user1515,23277,0,1790877431467862700
airtel,tx-000227,user0227,user0356,29954,0,1790877431475862700
mvola,tx-000228,user0228,user0466,1844,0,1790877431483862700
orange,tx-000229,user0229,user0960,10580,0,1790877431491862700
airtel,tx-000230,user0230,user0050,576,0,1790877431499862700
mvola,tx-000231,user0231,user1815,18872,0,1790877431507862700
orange,tx-000232,user0232,user0949,33137,0,1790877431515862700
airtel,tx-000233,user0233,user1355,12024,0,1790877431523862700
mvola,tx-000234,user0234,user1565,49359,0,1790877431531862700
orange,tx-000235,user0235,user0997,8499,0,1790877431539862700
airtel,tx-000236,user0236,user1308,35335,0,1790877431547862700
mvola,tx-000237,user0237,user1838,42277,0,1790877431555862700
orange,tx-000238,user0238,user1822,47895,0,1790877431563862700
airtel,tx-000239,user0239,user1374,23819,0,1790877431571862700
mvola,tx-000240,user0240,user0487,34416,0,1790877431579862700
orange,tx-000241,user0241,user0857,16029,0,1790877431587862700
airtel,tx-000242,user0242,user1597,27894,0,1790877431595862700
mvola,tx-000243,user0243,user1098,39098,0,1790877431603862700
orange,tx-000244,user0244,user0657,6479,0,1790877431611862700
airtel,tx-000245,user0245,user0210,7602,0,1790877431619862700
mvola,tx-000246,user0246,user1728,35598,0,1790877431627862700
orange,tx-000247,user0247,user0129,28324,0,1790877431635862700
airtel,tx-000248,user0248,user1487,5587,0,1790877431643862700
mvola,tx-000249,user0249,user1656,18512,0,1790877431651862700
orange,tx-000250,user0250,user0659,19763,0,1790877431659862700
airtel,tx-000251,user0251,user0433,16740,0,1790877431667862700
mvola,tx-000252,user0252,user1233,33534,0,1790877431675862700
orange,tx-000253,user0253,user0658,22863,0,1790877431683862700
airtel,tx-000254,user0254,user0675,47773,0,1790877431691862700
mvola,tx-000255,user0255,user0197,5876,0,1790877431699862700
orange,tx-000256,user0256,user1440,39978,0,1790877431707862700
airtel,tx-000257,user0257,user0287,6429,0,1790877431715862700
mvola,tx-000258,user0258,user1285,9865,0,1790877431723862700
orange,tx-000259,user0259,user1095,16193,0,1790877431731862700
airtel,tx-000260,user0260,user0114,17758,0,1790877431739862700
mvola,tx-000261,user0261,user1102,31966,0,1790877431747862700
orange,tx-000262,user0262,user0673,41041,0,1790877431755862700
airtel,tx-000263,user0263,user0970,49266,0,1790877431763862700
mvola,tx-000264,user0264,user1499,34854,0,1790877431771862700
orange,tx-000265,user0265,user0162,7966,0,1790877431779862700
airtel,tx-000266,user0266,user1275,49694,0,1790877431787862700
mvola,tx-000267,user0267,user1576,31225,0,1790877431795862700
orange,tx-000268,user0268,user0777,3542,0,1790877431803862700
airtel,tx-000269,user0269,user1687,46745,0,1790877431811862700
mvola,tx-000270,user0270,user0616,936,0,1790877431819862700
orange,tx-000271,user0271,user1556,11984,0,1790877431827862700
airtel,tx-000272,user0272,user0367,37554,0,1790877431835862700
mvola,tx-000273,user0273,user1766,35180,0,1790877431843862700
orange,tx-000274,user0274,user1913,48865,0,1790877431851862700
airtel,tx-000275,user0275,user0156,27994,0,1790877431859862700
mvola,tx-000276,user0276,user1085,13608,0,1790877431867862700
orange,tx-000277,user0277,user0991,1424,0,1790877431875862700
airtel,tx-000278,user0278,user0338,29520,0,1790877431883862700
mvola,tx-000279,user0279,user0766,30364,0,1790877431891862700
orange,tx-000280,user0280,user1789,33505,0,1790877431899862700
airtel,tx-000281,user0281,user1160,9488,0,1790877431907862700
mvola,tx-000282,user0282,user0160,843,0,1790877431915862700
orange,tx-000283,user0283,user1169,37234,0,1790877431923862700
airtel,tx-000284,user0284,user1196,12911,0,1790877431931862700
mvola,tx-000285,user0285,user0947,11716,0,1790877431939862700
orange,tx-000286,user0286,user0424,23128,0,1790877431947862700
airtel,tx-000287,user0287,user1210,34170,0,1790877431955862700
mvola,tx-000288,user0288,user0687,22251,0,1790877431963862700
orange,tx-000289,user0289,user1415,35194,0,1790877431971862700
airtel,tx-000290,user0290,user1080,32829,0,1790877431979862700
mvola,tx-000291,user0291,user0355,47758,0,1790877431987862700
orange,tx-000292,user0292,user1601,41137,0,1790877431995862700
airtel,tx-000293,user0293,user0711,35129,0,1790877432003862700
mvola,tx-000294,user0294,user1953,5653,0,1790877432011862700
orange,tx-000295,user0295,user0116,17124,0,1790877432019862700
airtel,tx-000296,user0296,user1521,19917,0,1790877432027862700
mvola,tx-000297,user0297,user1796,45177,0,1790877432035862700
orange,tx-000298,user0298,user0074,17175,0,1790877432043862700
airtel,tx-000299,user0299,user1280,1716,0,1790877432051862700
mvola,tx-000300,user0300,user1490,8839,0,1790877432059862700
orange,tx-000301,user0301,user1661,17564,0,1790877432067862700
airtel,tx-000302,user0302,user0668,32326,0,1790877432075862700
mvola,tx-000303,user0303,user0077,28096,0,1790877432083862700
orange,tx-000304,user0304,user0155,2791,0,1790877432091862700
airtel,tx-000305,user0305,user0938,30155,0,1790877432099862700
mvola,tx-000306,user0306,user0525,31756,0,1790877432107862700
orange,tx-000307,user0307,user0928,34668,0,1790877432115862700
airtel,tx-000308,user0308,user0936,8547,0,1790877432123862700
mvola,tx-000309,user0309,user0915,38475,0,1790877432131862700
orange,tx-000310,user0310,user0618,43025,0,1790877432139862700
airtel,tx-000311,user0311,user0165,10606,0,1790877432147862700
mvola,tx-000312,user0312,user1776,30221,0,1790877432155862700
orange,tx-000313,user0313,user1047,36645,0,1790877432163862700
airtel,tx-000314,user0314,user0897,32282,0,1790877432171862700
mvola,tx-000315,user0315,user1448,17585,0,1790877432179862700
orange,tx-000316,user0316,user0277,39100,0,1790877432187862700
airtel,tx-000317,user0317,user0297,9779,0,1790877432195862700
mvola,tx-000318,user0318,user1713,12594,0,1790877432203862700
orange,tx-000319,user0319,user0667,40271,0,1790877432211862700
airtel,tx-000320,user0320,user1754,8608,0,1790877432219862700
mvola,tx-000321,user0321,user0678,25071,0,1790877432227862700
orange,tx-000322,user0322,user1037,31239,0,1790877432235862700
airtel,tx-000323,user0323,user1388,12939,0,1790877432243862700
mvola,tx-000324,user0324,user0601,1118,0,1790877432251862700
orange,tx-000325,user0325,user1194,6509,0,1790877432259862700
airtel,tx-000326,user0326,user1134,30020,0,1790877432267862700
mvola,tx-000327,user0327,user1671,40363,0,1790877432275862700
orange,tx-000328,user0328,user0832,7935,0,1790877432283862700
airtel,tx-000329,user0329,user0654,49114,0,1790877432291862700
mvola,tx-000330,user0330,user1540,21374,0,1790877432299862700
orange,tx-000331,user0331,user1472,45820,0,1790877432307862700
airtel,tx-000332,user0332,user0026,5382,0,1790877432315862700
mvola,tx-000333,user0333,user0595,16704,0,1790877432323862700
orange,tx-000334,user0334,user1273,29357,0,1790877432331862700
airtel,tx-000335,user0335,user0350,17466,0,1790877432339862700
mvola,tx-000336,user0336,user1352,48953,0,1790877432347862700
orange,tx-000337,user0337,user1597,49768,0,1790877432355862700
airtel,tx-000338,user0338,user1992,49900,0,1790877432363862700
mvola,tx-000339,user0339,user0836,46036,0,1790877432371862700
orange,tx-000340,user0340,user1245,13835,0,1790877432379862700
airtel,tx-000341,user0341,user1949,7701,0,1790877432387862700
mvola,tx-000342,user0342,user1098,37990,0,1790877432395862700
orange,tx-000343,user0343,user1178,20899,0,1790877432403862700
airtel,tx-000344,user0344,user0750,25035,0,1790877432411862700
mvola,tx-000345,user0345,user1480,29843,0,1790877432419862700
orange,tx-000346,user0346,user0842,26063,0,1790877432427862700
airtel,tx-000347,user0347,user1549,25927,0,1790877432435862700
mvola,tx-000348,user0348,user1194,43021,0,1790877432443862700
orange,tx-000349,user0349,user1963,28757,0,1790877432451862700
airtel,tx-000350,user0350,user0278,2007,0,1790877432459862700
mvola,tx-000351,user0351,user1805,35869,0,1790877432467862700
orange,tx-000352,user0352,user1081,27080,0,1790877432475862700
airtel,tx-000353,user0353,user1329,18263,0,1790877432483862700
mvola,tx-000354,user0354,user0598,15344,0,1790877432491862700
orange,tx-000355,user0355,user1123,15587,0,1790877432499862700
airtel,tx-000356,user0356,user0755,3266,0,1790877432507862700
mvola,tx-000357,user0357,user0648,26116,0,1790877432515862700
orange,tx-000358,user0358,user1837,19244,0,1790877432523862700
airtel,tx-000359,user0359,user0512,47272,0,1790877432531862700
mvola,tx-000360,user0360,user0624,26255,0,1790877432539862700
orange,tx-000361,user0361,user1529,39696,0,1790877432547862700
airtel,tx-000362,user0362,user1491,37390,0,1790877432555862700
mvola,tx-000363,user0363,user0267,9246,0,1790877432563862700
orange,tx-000364,user0364,user1606,43078,0,1790877432571862700
airtel,tx-000365,user0365,user1015,49267,0,1790877432579862700
mvola,tx-000366,user0366,user1821,34563,0,1790877432587862700
orange,tx-000367,user0367,user0216,8305,0,1790877432595862700
airtel,tx-000368,user0368,user0296,24502,0,1790877432603862700
mvola,tx-000369,user0369,user0439,34130,0,1790877432611862700
orange,tx-000370,user0370,user1325,8637,0,1790877432619862700
airtel,tx-000371,user0371,user0798,21052,0,1790877432627862700
mvola,tx-000372,user0372,user1010,41360,0,1790877432635862700
orange,tx-000373,user0373,user1454,49499,0,1790877432643862700
airtel,tx-000374,user0374,user0266,39846,0,1790877432651862700
mvola,tx-000375,user0375,user1870,11986,0,1790877432659862700
orange,tx-000376,user0376,user0262,21804,0,1790877432667862700
airtel,tx-000377,user0377,user0892,4013,0,1790877432675862700
mvola,tx-000378,user0378,user1835,8445,0,1790877432683862700
orange,tx-000379,user0379,user0382,5126,0,1790877432691862700
airtel,tx-000380,user0380,user1611,24366,0,1790877432699862700
mvola,tx-000381,user0381,user0045,35215,0,1790877432707862700
orange,tx-000382,user0382,user1973,48195,0,1790877432715862700
airtel,tx-000383,user0383,user0933,35322,0,1790877432723862700
mvola,tx-000384,user0384,user1299,27653,0,1790877432731862700
orange,tx-000385,user0385,user1745,26799,0,1790877432739862700
airtel,tx-000386,user0386,user0656,24525,0,1790877432747862700
mvola,tx-000387,user0387,user0799,36261,0,1790877432755862700
orange,tx-000388,user0388,user0272,29891,0,1790877432763862700
airtel,tx-000389,user0389,user0876,48786,0,1790877432771862700
mvola,tx-000390,user0390,user0162,5179,0,1790877432779862700
orange,tx-000391,user0391,user1187,6617,0,1790877432787862700
airtel,tx-000392,user0392,user0746,36785,0,1790877432795862700
mvola,tx-000393,user0393,user0999,20158,0,1790877432803862700
orange,tx-000394,user0394,user0564,21540,0,1790877432811862700
airtel,tx-000395,user0395,user0764,44458,0,1790877432819862700
mvola,tx-000396,user0396,user1728,36303,0,1790877432827862700
orange,tx-000397,user0397,user0093,44007,0,1790877432835862700
airtel,tx-000398,user0398,user1579,37522,0,1790877432843862700
mvola,tx-000399,user0399,user1979,42615,0,1790877432851862700
orange,tx-000400,user0400,user1771,26603,0,1790877432859862700
airtel,tx-000401,user0401,user0394,49178,0,1790877432867862700
mvola,tx-000402,user0402,user0102,10163,0,1790877432875862700
orange,tx-000403,user0403,user1949,22028,0,1790877432883862700
airtel,tx-000404,user0404,user1949,29159,0,1790877432891862700
mvola,tx-000405,user0405,user1436,37886,0,1790877432899862700
orange,tx-000406,user0406,user1738,21634,0,1790877432907862700
airtel,tx-000407,user0407,user1993,25797,0,1790877432915862700
mvola,tx-000408,user0408,user1231,29939,0,1790877432923862700
orange,tx-000409,user0409,user1530,41951,0,1790877432931862700
airtel,tx-000410,user0410,user0767,38419,0,1790877432939862700
mvola,tx-000411,user0411,user1892,28151,0,1790877432947862700
orange,tx-000412,user0412,user0609,29975,0,1790877432955862700
airtel,tx-000413,user0413,user0711,8732,0,1790877432963862700
mvola,tx-000414,user0414,user0995,36668,0,1790877432971862700
orange,tx-000415,user0415,user1562,43849,0,1790877432979862700
airtel,tx-000416,user0416,user1755,40821,0,1790877432987862700
mvola,tx-000417,user0417,user1783,2838,0,1790877432995862700
orange,tx-000418,user0418,user1468,4635,0,1790877433003862700
airtel,tx-000419,user0419,user1689,1812,0,1790877433011862700
mvola,tx-000420,user0420,user1158,8678,0,1790877433019862700
orange,tx-000421,user0421,user0924,32581,0,1790877433027862700
airtel,tx-000422,user0422,user0221,9543,0,1790877433035862700
mvola,tx-000423,user0423,user1116,13252,0,1790877433043862700
orange,tx-000424,user0424,user1685,49390,0,1790877433051862700
airtel,tx-000425,user0425,user1935,46756,0,1790877433059862700
mvola,tx-000426,user0426,user1530,36192,0,1790877433067862700
orange,tx-000427,user0427,user1290,49066,0,1790877433075862700
airtel,tx-000428,user0428,user0849,13996,0,1790877433083862700
mvola,tx-000429,user0429,user1771,19366,0,1790877433091862700
orange,tx-000430,user0430,user1054,11222,0,1790877433099862700
airtel,tx-000431,user0431,user0178,7522,0,1790877433107862700
mvola,tx-000432,user0432,user1707,27373,0,1790877433115862700
orange,tx-000433,user0433,user1257,44613,0,1790877433123862700
airtel,tx-000434,user0434,user1121,43088,0,1790877433131862700
mvola,tx-000435,user0435,user1561,11757,0,1790877433139862700
orange,tx-000436,user0436,user1671,32916,0,1790877433147862700
airtel,tx-000437,user0437,user1010,34860,0,1790877433155862700
mvola,tx-000438,user0438,user0321,15907,0,1790877433163862700
orange,tx-000439,user0439,user1404,48352,0,1790877433171862700
airtel,tx-000440,user0440,user0331,36889,0,1790877433179862700
mvola,tx-000441,user0441,user0267,42290,0,1790877433187862700
orange,tx-000442,user0442,user0940,21286,0,1790877433195862700
airtel,tx-000443,user0443,user1356,40528,0,1790877433203862700
mvola,tx-000444,user0444,user0741,48158,0,1790877433211862700
orange,tx-000445,user0445,user0321,5150,0,1790877433219862700
airtel,tx-000446,user0446,user0239,27367,0,1790877433227862700
mvola,tx-000447,user0447,user1955,4047,0,1790877433235862700
orange,tx-000448,user0448,user0985,13610,0,1790877433243862700
airtel,tx-000449,user0449,user0005,15736,0,1790877433251862700
mvola,tx-000450,user0450,user0779,17163,0,1790877433259862700
orange,tx-000451,user0451,user1477,33571,0,1790877433267862700
airtel,tx-000452,user0452,user1197,18970,0,1790877433275862700
mvola,tx-000453,user0453,user0014,41514,0,1790877433283862700
orange,tx-000454,user0454,user1948,48114,0,1790877433291862700
airtel,tx-000455,user0455,user1982,900,0,1790877433299862700
mvola,tx-000456,user0456,user0032,29303,0,1790877433307862700
orange,tx-000457,user0457,user0101,7447,0,1790877433315862700
airtel,tx-000458,user0458,user1384,48407,0,1790877433323862700
mvola,tx-000459,user0459,user1828,17611,0,1790877433331862700
orange,tx-000460,user0460,user1629,22826,0,1790877433339862700
airtel,tx-000461,user0461,user0814,37606,0,1790877433347862700
mvola,tx-000462,user0462,user1922,2305,0,1790877433355862700
orange,tx-000463,user0463,user1539,32363,0,1790877433363862700
airtel,tx-000464,user0464,user1123,17238,0,1790877433371862700
mvola,tx-000465,user0465,user1886,2710,0,1790877433379862700
orange,tx-000466,user0466,user0165,49020,0,1790877433387862700
airtel,tx-000467,user0467,user0368,35321,0,1790877433395862700
mvola,tx-000468,user0468,user1057,3486,0,1790877433403862700
orange,tx-000469,user0469,user1662,40345,0,1790877433411862700
airtel,tx-000470,user0470,user0529,49631,0,1790877433419862700
mvola,tx-000471,user0471,user1301,49977,0,1790877433427862700
orange,tx-000472,user0472,user0621,37907,0,1790877433435862700
airtel,tx-000473,user0473,user0536,19764,0,1790877433443862700
mvola,tx-000474,user0474,user1200,7690,0,1790877433451862700
orange,tx-000475,user0475,user1042,26996,0,1790877433459862700
airtel,tx-000476,user0476,user0135,20996,0,1790877433467862700
mvola,tx-000477,user0477,user0067,14041,0,1790877433475862700
orange,tx-000478,user0478,user1203,11202,0,1790877433483862700
airtel,tx-000479,user0479,user0689,22818,0,1790877433491862700
mvola,tx-000480,user0480,user0052,25867,0,1790877433499862700
orange,tx-000481,user0481,user0596,19899,0,1790877433507862700
airtel,tx-000482,user0482,user1115,47691,0,1790877433515862700
mvola,tx-000483,user0483,user0450,8781,0,1790877433523862700
orange,tx-000484,user0484,user1111,18009,0,1790877433531862700
airtel,tx-000485,user0485,user0288,31561,0,1790877433539862700
mvola,tx-000486,user0486,user1407,35981,0,1790877433547862700
orange,tx-000487,user0487,user0047,7476,0,1790877433555862700
airtel,tx-000488,user0488,user0484,10326,0,1790877433563862700
mvola,tx-000489,user0489,user0428,13700,0,1790877433571862700
orange,tx-000490,user0490,user0897,11562,0,1790877433579862700
airtel,tx-000491,user0491,user1964,11981,0,1790877433587862700
mvola,tx-000492,user0492,user0024,45972,0,1790877433595862700
orange,tx-000493,user0493,user1556,46864,0,1790877433603862700
airtel,tx-000494,user0494,user1386,43579,0,1790877433611862700
mvola,tx-000495,user0495,user1526,7153,0,1790877433619862700
orange,tx-000496,user0496,user0200,16286,0,1790877433627862700
airtel,tx-000497,user0497,user1712,25107,0,1790877433635862700
mvola,tx-000498,user0498,user1873,16924,0,1790877433643862700
orange,tx-000499,user0499,user0838,36971,0,1790877433651862700
airtel,tx-000500,user0500,user0018,36283,0,1790877433659862700
mvola,tx-000501,user0501,user1329,5833,0,1790877433667862700
orange,tx-000502,user0502,user0198,33074,0,1790877433675862700
airtel,tx-000503,user0503,user0013,27880,0,1790877433683862700
mvola,tx-000504,user0504,user0631,656,0,1790877433691862700
orange,tx-000505,user0505,user0257,2568,0,1790877433699862700
airtel,tx-000506,user0506,user1903,12688,0,1790877433707862700
mvola,tx-000507,user0507,user1265,18926,0,1790877433715862700
orange,tx-000508,user0508,user0907,9695,0,1790877433723862700
airtel,tx-000509,user0509,user0294,14916,0,1790877433731862700
mvola,tx-000510,user0510,user1533,48886,0,1790877433739862700
orange,tx-000511,user0511,user0823,46978,0,1790877433747862700
airtel,tx-000512,user0512,user0538,34854,0,1790877433755862700
mvola,tx-000513,user0513,user1567,33219,0,1790877433763862700
orange,tx-000514,user0514,user1111,18473,0,1790877433771862700
airtel,tx-000515,user0515,user1538,48018,0,1790877433779862700
mvola,tx-000516,user0516,user0646,49040,0,1790877433787862700
orange,tx-000517,user0517,user0130,36264,0,1790877433795862700
airtel,tx-000518,user0518,user0960,46063,0,1790877433803862700
mvola,tx-000519,user0519,user1746,22178,0,1790877433811862700
orange,tx-000520,user0520,user1624,5795,0,1790877433819862700
airtel,tx-000521,user0521,user0570,47839,0,1790877433827862700
mvola,tx-000522,user0522,user0598,19377,0,1790877433835862700
orange,tx-000523,user0523,user1453,38905,0,1790877433843862700
airtel,tx-000524,user0524,user1958,35761,0,1790877433851862700
mvola,tx-000525,user0525,user1654,40689,0,1790877433859862700
orange,tx-000526,user0526,user0704,40217,0,1790877433867862700
airtel,tx-000527,user0527,user0562,3699,0,1790877433875862700
mvola,tx-000528,user0528,user0589,31453,0,1790877433883862700
orange,tx-000529,user0529,user0587,36693,0,1790877433891862700
airtel,tx-000530,user0530,user1494,48366,0,1790877433899862700
mvola,tx-000531,user0531,user0302,9620,0,1790877433907862700
orange,tx-000532,user0532,user1336,45630,0,1790877433915862700
airtel,tx-000533,user0533,user1683,22741,0,1790877433923862700
mvola,tx-000534,user0534,user0695,43895,0,1790877433931862700
orange,tx-000535,user0535,user1653,14194,0,1790877433939862700
airtel,tx-000536,user0536,user0080,1328,0,1790877433947862700
mvola,tx-000537,user0537,user0390,29827,0,1790877433955862700
orange,tx-000538,user0538,user1715,9160,0,1790877433963862700
airtel,tx-000539,user0539,user0863,1100,0,1790877433971862700
mvola,tx-000540,user0540,user1488,40609,0,1790877433979862700
orange,tx-000541,user0541,user0181,26040,0,1790877433987862700
airtel,tx-000542,user0542,user0306,48211,0,1790877433995862700
mvola,tx-000543,user0543,user1213,313,0,1790877434003862700
orange,tx-000544,user0544,user1021,27733,0,1790877434011862700
airtel,tx-000545,user0545,user1597,44241,0,1790877434019862700
mvola,tx-000546,user0546,user0418,15579,0,1790877434027862700
orange,tx-000547,user0547,user1731,1366,0,1790877434035862700
airtel,tx-000548,user0548,user1678,40301,0,1790877434043862700
mvola,tx-000549,user0549,user0830,12671,0,1790877434051862700
orange,tx-000550,user0550,user0992,5991,0,1790877434059862700
airtel,tx-000551,user0551,user0237,47624,0,1790877434067862700
mvola,tx-000552,user0552,user1133,33450,0,1790877434075862700
orange,tx-000553,user0553,user1902,37564,0,1790877434083862700
airtel,tx-000554,user0554,user0475,22094,0,1790877434091862700
mvola,tx-000555,user0555,user0546,42302,0,1790877434099862700
orange,tx-000556,user0556,user1541,9022,0,1790877434107862700
airtel,tx-000557,user0557,user1006,35116,0,1790877434115862700
mvola,tx-000558,user0558,user1819,24251,0,1790877434123862700
orange,tx-000559,user0559,user1082,10018,0,1790877434131862700
airtel,tx-000560,user0560,user0720,29309,0,1790877434139862700
mvola,tx-000561,user0561,user0274,47673,0,1790877434147862700
orange,tx-000562,user0562,user1338,6321,0,1790877434155862700
airtel,tx-000563,user0563,user0776,34977,0,1790877434163862700
mvola,tx-000564,user0564,user1714,44604,0,1790877434171862700
orange,tx-000565,user0565,user0407,41803,0,1790877434179862700
airtel,tx-000566,user0566,user1089,4745,0,1790877434187862700
mvola,tx-000567,user0567,user0028,42325,0,1790877434195862700
orange,tx-000568,user0568,user1740,48529,0,1790877434203862700
airtel,tx-000569,user0569,user0959,20621,0,1790877434211862700
mvola,tx-000570,user0570,user0566,2385,0,1790877434219862700
orange,tx-000571,user0571,user1399,1549,0,1790877434227862700
airtel,tx-000572,user0572,user1813,36390,0,1790877434235862700
mvola,tx-000573,user0573,user0296,4010,0,1790877434243862700
orange,tx-000574,user0574,user0091,10427,0,1790877434251862700
airtel,tx-000575,user0575,user0006,15829,0,1790877434259862700
mvola,tx-000576,user0576,user1270,31824,0,1790877434267862700
orange,tx-000577,user0577,user0655,6449,0,1790877434275862700
airtel,tx-000578,user0578,user0433,15481,0,1790877434283862700
mvola,tx-000579,user0579,user1537,10996,0,1790877434291862700
orange,tx-000580,user0580,user1782,38894,0,1790877434299862700
airtel,tx-000581,user0581,user0123,28132,0,1790877434307862700
mvola,tx-000582,user0582,user0483,13412,0,1790877434315862700
orange,tx-000583,user0583,user1305,12505,0,1790877434323862700
airtel,tx-000584,user0584,user0498,7296,0,1790877434331862700
mvola,tx-000585,user0585,user0531,31645,0,1790877434339862700
orange,tx-000586,user0586,user1149,5865,0,1790877434347862700
airtel,tx-000587,user0587,user1382,21200,0,1790877434355862700
mvola,tx-000588,user0588,user1438,45526,0,1790877434363862700
orange,tx-000589,user0589,user0095,42045,0,1790877434371862700
airtel,tx-000590,user0590,user1985,34038,0,1790877434379862700
mvola,tx-000591,user0591,user0804,37111,0,1790877434387862700
orange,tx-000592,user0592,user1950,13621,0,1790877434395862700
airtel,tx-000593,user0593,user1277,36499,0,1790877434403862700
mvola,tx-000594,user0594,user1918,49982,0,1790877434411862700
orange,tx-000595,user0595,user1301,37491,0,1790877434419862700
airtel,tx-000596,user0596,user0056,46329,0,1790877434427862700
mvola,tx-000597,user0597,user0412,26540,0,1790877434435862700
orange,tx-000598,user0598,user0929,7267,0,1790877434443862700
airtel,tx-000599,user0599,user1480,44038,0,1790877434451862700
mvola,tx-000600,user0600,user1368,41112,0,1790877434459862700
orange,tx-000601,user0601,user1438,10819,0,1790877434467862700
airtel,tx-000602,user0602,user1336,28161,0,1790877434475862700
mvola,tx-000603,user0603,user1460,30397,0,1790877434483862700
orange,tx-000604,user0604,user0650,11010,0,1790877434491862700
airtel,tx-000605,user0605,user0572,34570,0,1790877434499862700
mvola,tx-000606,user0606,user1679,30582,0,1790877434507862700
orange,tx-000607,user0607,user0620,24707,0,1790877434515862700
airtel,tx-000608,user0608,user0814,9956,0,1790877434523862700
mvola,tx-000609,user0609,user1873,20711,0,1790877434531862700
orange,tx-000610,user0610,user0311,18214,0,1790877434539862700
airtel,tx-000611,user0611,user0644,45029,0,1790877434547862700
mvola,tx-000612,user0612,user0972,9130,0,1790877434555862700
orange,tx-000613,user0613,user1666,6750,0,1790877434563862700
airtel,tx-000614,user0614,user1861,11586,0,1790877434571862700
mvola,tx-000615,user0615,user1292,34821,0,1790877434579862700
orange,tx-000616,user0616,user0364,23066,0,1790877434587862700
airtel,tx-000617,user0617,user1581,7799,0,1790877434595862700
mvola,tx-000618,user0618,user1777,23145,0,1790877434603862700
orange,tx-000619,user0619,user0734,18015,0,1790877434611862700
airtel,tx-000620,user0620,user1189,42828,0,1790877434619862700
mvola,tx-000621,user0621,user0255,37260,0,1790877434627862700
orange,tx-000622,user0622,user0252,31002,0,1790877434635862700
airtel,tx-000623,user0623,user0284,15127,0,1790877434643862700
mvola,tx-000624,user0624,user0050,21001,0,1790877434651862700
orange,tx-000625,user0625,user0191,48615,0,1790877434659862700
airtel,tx-000626,user0626,user1702,2866,0,1790877434667862700
mvola,tx-000627,user0627,user0399,30438,0,1790877434675862700
orange,tx-000628,user0628,user1933,35366,0,1790877434683862700
airtel,tx-000629,user0629,user0284,7471,0,1790877434691862700
mvola,tx-000630,user0630,user1595,47090,0,1790877434699862700
orange,tx-000631,user0631,user1940,30709,0,1790877434707862700
airtel,tx-000632,user0632,user1252,4759,0,1790877434715862700
mvola,tx-000633,user0633,user1534,31354,0,1790877434723862700
orange,tx-000634,user0634,user0997,27705,0,1790877434731862700
airtel,tx-000635,user0635,user0454,11997,0,1790877434739862700
mvola,tx-000636,user0636,user0587,21916,0,1790877434747862700
orange,tx-000637,user0637,user0943,48414,0,1790877434755862700
airtel,tx-000638,user0638,user1140,2154,0,1790877434763862700
mvola,tx-000639,user0639,user1433,10200,0,1790877434771862700
orange,tx-000640,user0640,user1225,2918,0,1790877434779862700
airtel,tx-000641,user0641,user0969,31829,0,1790877434787862700
mvola,tx-000642,user0642,user0877,42150,0,1790877434795862700
orange,tx-000643,user0643,user1661,39092,0,1790877434803862700
airtel,tx-000644,user0644,user1848,3510,0,1790877434811862700
mvola,tx-000645,user0645,user1407,43609,0,1790877434819862700
orange,tx-000646,user0646,user1686,28144,0,1790877434827862700
airtel,tx-000647,user0647,user1766,5363,0,1790877434835862700
mvola,tx-000648,user0648,user0950,26926,0,1790877434843862700
orange,tx-000649,user0649,user1182,44519,0,1790877434851862700
airtel,tx-000650,user0650,user0400,11362,0,1790877434859862700
mvola,tx-000651,user0651,user1340,20212,0,1790877434867862700
orange,tx-000652,user0652,user1650,31284,0,1790877434875862700
airtel,tx-000653,user0653,user1224,47462,0,1790877434883862700
mvola,tx-000654,user0654,user1385,18861,0,1790877434891862700
orange,tx-000655,user0655,user0159,11866,0,1790877434899862700
airtel,tx-000656,user0656,user1258,3279,0,1790877434907862700
mvola,tx-000657,user0657,user1635,16605,0,1790877434915862700
orange,tx-000658,user0658,user1065,48521,0,1790877434923862700
airtel,tx-000659,user0659,user1923,29722,0,1790877434931862700
mvola,tx-000660,user0660,user1277,30060,0,1790877434939862700
orange,tx-000661,user0661,user1586,10558,0,1790877434947862700
airtel,tx-000662,user0662,user1542,39844,0,1790877434955862700
mvola,tx-000663,user0663,user1055,27169,0,1790877434963862700
orange,tx-000664,user0664,user1350,5239,0,1790877434971862700
airtel,tx-000665,user0665,user0083,3071,0,1790877434979862700
mvola,tx-000666,user0666,user1113,19778,0,1790877434987862700
orange,tx-000667,user0667,user1551,14114,0,1790877434995862700
airtel,tx-000668,user0668,user1050,39108,0,1790877435003862700
mvola,tx-000669,user0669,user0257,32352,0,1790877435011862700
orange,tx-000670,user0670,user0652,7557,0,1790877435019862700
airtel,tx-000671,user0671,user0249,163,0,1790877435027862700
mvola,tx-000672,user0672,user0759,17901,0,1790877435035862700
orange,tx-000673,user0673,user1417,24520,0,1790877435043862700
airtel,tx-000674,user0674,user1565,20167,0,1790877435051862700
mvola,tx-000675,user0675,user0512,23266,0,1790877435059862700
orange,tx-000676,user0676,user1108,9874,0,1790877435067862700
airtel,tx-000677,user0677,user1486,8142,0,1790877435075862700
mvola,tx-000678,user0678,user1697,9399,0,1790877435083862700
orange,tx-000679,user0679,user1669,48076,0,1790877435091862700
airtel,tx-000680,user0680,user0846,48276,0,1790877435099862700
mvola,tx-000681,user0681,user0686,1413,0,1790877435107862700
orange,tx-000682,user0682,user0606,2685,0,1790877435115862700
airtel,tx-000683,user0683,user1884,32852,0,1790877435123862700
mvola,tx-000684,user0684,user0217,27894,0,1790877435131862700
orange,tx-000685,user0685,user0467,37576,0,1790877435139862700
airtel,tx-000686,user0686,user1314,6004,0,1790877435147862700
mvola,tx-000687,user0687,user1530,45478,0,1790877435155862700
orange,tx-000688,user0688,user1101,28488,0,1790877435163862700
airtel,tx-000689,user0689,user0190,7731,0,1790877435171862700
mvola,tx-000690,user0690,user0356,26310,0,1790877435179862700
orange,tx-000691,user0691,user0293,14127,0,1790877435187862700
airtel,tx-000692,user0692,user0461,1671,0,1790877435195862700
mvola,tx-000693,user0693,user0648,13770,0,1790877435203862700
orange,tx-000694,user0694,user1420,37669,0,1790877435211862700
airtel,tx-000695,user0695,user0856,8959,0,1790877435219862700
mvola,tx-000696,user0696,user0367,1429,0,1790877435227862700
orange,tx-000697,user0697,user0913,36671,0,1790877435235862700
airtel,tx-000698,user0698,user1731,31739,0,1790877435243862700
mvola,tx-000699,user0699,user0081,4354,0,1790877435251862700
orange,tx-000700,user0700,user0863,3656,0,1790877435259862700
airtel,tx-000701,user0701,user0626,11007,0,1790877435267862700
mvola,tx-000702,user0702,user1413,5738,0,1790877435275862700
orange,tx-000703,user0703,user1128,21468,0,1790877435283862700
airtel,tx-000704,user0704,user1708,37352,0,1790877435291862700
mvola,tx-000705,user0705,user1685,16987,0,1790877435299862700
orange,tx-000706,user0706,user0165,46162,0,1790877435307862700
airtel,tx-000707,user0707,user1108,35815,0,1790877435315862700
mvola,tx-000708,user0708,user0077,28401,0,1790877435323862700
orange,tx-000709,user0709,user1045,37050,0,1790877435331862700
airtel,tx-000710,user0710,user1276,42687,0,1790877435339862700
mvola,tx-000711,user0711,user1121,14137,0,1790877435347862700
orange,tx-000712,user0712,user1475,15890,0,1790877435355862700
airtel,tx-000713,user0713,user1969,21052,0,1790877435363862700
mvola,tx-000714,user0714,user0332,11675,0,1790877435371862700
orange,tx-000715,user0715,user1524,41677,0,1790877435379862700
airtel,tx-000716,user0716,user0026,22498,0,1790877435387862700
mvola,tx-000717,user0717,user0152,48445,0,1790877435395862700
orange,tx-000718,user0718,user1414,41218,0,1790877435403862700
airtel,tx-000719,user0719,user1427,42646,0,1790877435411862700
mvola,tx-000720,user0720,user1287,3512,0,1790877435419862700
orange,tx-000721,user0721,user0380,13681,0,1790877435427862700
airtel,tx-000722,user0722,user1278,5800,0,1790877435435862700
mvola,tx-000723,user0723,user0378,26739,0,1790877435443862700
orange,tx-000724,user0724,user0159,32493,0,1790877435451862700
airtel,tx-000725,user0725,user0188,41015,0,1790877435459862700
mvola,tx-000726,user0726,user1691,41216,0,1790877435467862700
orange,tx-000727,user0727,user1301,44153,0,1790877435475862700
airtel,tx-000728,user0728,user0878,14489,0,1790877435483862700
mvola,tx-000729,user0729,user1544,23485,0,1790877435491862700
orange,tx-000730,user0730,user0948,12359,0,1790877435499862700
airtel,tx-000731,user0731,user1739,29108,0,1790877435507862700
mvola,tx-000732,user0732,user1047,27150,0,1790877435515862700
orange,tx-000733,user0733,user0363,39779,0,1790877435523862700
airtel,tx-000734,user0734,user0642,29066,0,1790877435531862700
mvola,tx-000735,user0735,user1663,13460,0,1790877435539862700
orange,tx-000736,user0736,user1926,4840,0,1790877435547862700
airtel,tx-000737,user0737,user0760,24578,0,1790877435555862700
mvola,tx-000738,user0738,user1370,4659,0,1790877435563862700
orange,tx-000739,user0739,user1014,25749,0,1790877435571862700
airtel,tx-000740,user0740,user1922,40332,0,1790877435579862700
mvola,tx-000741,user0741,user1829,47113,0,1790877435587862700
orange,tx-000742,user0742,user1786,24745,0,1790877435595862700
airtel,tx-000743,user0743,user0597,40584,0,1790877435603862700
mvola,tx-000744,user0744,user1298,8704,0,1790877435611862700
orange,tx-000745,user0745,user0698,23782,0,1790877435619862700
airtel,tx-000746,user0746,user0942,41313,0,1790877435627862700
mvola,tx-000747,user0747,user1887,41968,0,1790877435635862700
orange,tx-000748,user0748,user0033,1385,0,1790877435643862700
airtel,tx-000749,user0749,user0069,21646,0,1790877435651862700
mvola,tx-000750,user0750,user1386,38606,0,1790877435659862700
orange,tx-000751,user0751,user1531,23268,0,1790877435667862700
airtel,tx-000752,user0752,user0554,1577,0,1790877435675862700
mvola,tx-000753,user0753,user0214,8170,0,1790877435683862700
orange,tx-000754,user0754,user0517,25112,0,1790877435691862700
airtel,tx-000755,user0755,user1386,31154,0,1790877435699862700
mvola,tx-000756,user0756,user0194,9631,0,1790877435707862700
orange,tx-000757,user0757,user0574,35555,0,1790877435715862700
airtel,tx-000758,user0758,user0054,31156,0,1790877435723862700
mvola,tx-000759,user0759,user0030,36687,0,1790877435731862700
orange,tx-000760,user0760,user0149,2268,0,1790877435739862700
airtel,tx-000761,user0761,user1222,17351,0,1790877435747862700
mvola,tx-000762,user0762,user0330,21075,0,1790877435755862700
orange,tx-000763,user0763,user0865,13930,0,1790877435763862700
airtel,tx-000764,user0764,user1625,16780,0,1790877435771862700
mvola,tx-000765,user0765,user0128,2548,0,1790877435779862700
orange,tx-000766,user0766,user1206,21706,0,1790877435787862700
airtel,tx-000767,user0767,user1347,41634,0,1790877435795862700
mvola,tx-000768,user0768,user1222,315,0,1790877435803862700
orange,tx-000769,user0769,user0626,19338,0,1790877435811862700
airtel,tx-000770,user0770,user0326,42251,0,1790877435819862700
mvola,tx-000771,user0771,user1183,23665,0,1790877435827862700
orange,tx-000772,user0772,user1462,1263,0,1790877435835862700
airtel,tx-000773,user0773,user1798,20301,0,1790877435843862700
mvola,tx-000774,user0774,user1583,11072,0,1790877435851862700
orange,tx-000775,user0775,user1107,29793,0,1790877435859862700
airtel,tx-000776,user0776,user1482,17655,0,1790877435867862700
mvola,tx-000777,user0777,user0772,21414,0,1790877435875862700
orange,tx-000778,user0778,user1247,47321,0,1790877435883862700
airtel,tx-000779,user0779,user0188,46471,0,1790877435891862700
mvola,tx-000780,user0780,user0552,48449,0,1790877435899862700
orange,tx-000781,user0781,user0964,9516,0,1790877435907862700
airtel,tx-000782,user0782,user1815,3011,0,1790877435915862700
mvola,tx-000783,user0783,user1082,35027,0,1790877435923862700
orange,tx-000784,user0784,user1625,19218,0,1790877435931862700
airtel,tx-000785,user0785,user1010,20899,0,1790877435939862700
mvola,tx-000786,user0786,user1296,43749,0,1790877435947862700
orange,tx-000787,user0787,user1921,21551,0,1790877435955862700
airtel,tx-000788,user0788,user1646,19403,0,1790877435963862700
mvola,tx-000789,user0789,user0343,8790,0,1790877435971862700
orange,tx-000790,user0790,user0738,23684,0,1790877435979862700
airtel,tx-000791,user0791,user0545,33432,0,1790877435987862700
mvola,tx-000792,user0792,user1931,10796,0,1790877435995862700
orange,tx-000793,user0793,user1919,24987,0,1790877436003862700
airtel,tx-000794,user0794,user1502,41785,0,1790877436011862700
mvola,tx-000795,user0795,user1846,36982,0,1790877436019862700
orange,tx-000796,user0796,user1324,25900,0,1790877436027862700
airtel,tx-000797,user0797,user1137,21433,0,1790877436035862700
mvola,tx-000798,user0798,user0097,36772,0,1790877436043862700
orange,tx-000799,user0799,user1756,17820,0,1790877436051862700
airtel,tx-000800,user0800,user0298,10155,0,1790877436059862700
mvola,tx-000801,user0801,user0096,46714,0,1790877436067862700
orange,tx-000802,user0802,user0350,48508,0,1790877436075862700
airtel,tx-000803,user0803,user1949,24052,0,1790877436083862700
mvola,tx-000804,user0804,user0094,13369,0,1790877436091862700
orange,tx-000805,user0805,user0678,30679,0,1790877436099862700
airtel,tx-000806,user0806,user0537,1807,0,1790877436107862700
mvola,tx-000807,user0807,user0472,16566,0,1790877436115862700
orange,tx-000808,user0808,user1222,14581,0,1790877436123862700
airtel,tx-000809,user0809,user1361,44616,0,1790877436131862700
mvola,tx-000810,user0810,user0693,43821,0,1790877436139862700
orange,tx-000811,user0811,user0614,46731,0,1790877436147862700
airtel,tx-000812,user0812,user0191,27172,0,1790877436155862700
mvola,tx-000813,user0813,user1829,35302,0,1790877436163862700
orange,tx-000814,user0814,user0477,5872,0,1790877436171862700
airtel,tx-000815,user0815,user1983,32572,0,1790877436179862700
mvola,tx-000816,user0816,user0447,30408,0,1790877436187862700
orange,tx-000817,user0817,user1138,45766,0,1790877436195862700
airtel,tx-000818,user0818,user1804,14349,0,1790877436203862700
mvola,tx-000819,user0819,user0245,8496,0,1790877436211862700
orange,tx-000820,user0820,user1359,6383,0,1790877436219862700
airtel,tx-000821,user0821,user1892,8047,0,1790877436227862700
mvola,tx-000822,user0822,user1182,15680,0,1790877436235862700
orange,tx-000823,user0823,user1573,18112,0,1790877436243862700
airtel,tx-000824,user0824,user1780,47254,0,1790877436251862700
mvola,tx-000825,user0825,user1109,47872,0,1790877436259862700
orange,tx-000826,user0826,user0468,30389,0,1790877436267862700
airtel,tx-000827,user0827,user0288,22961,0,1790877436275862700
mvola,tx-000828,user0828,user0612,4603,0,1790877436283862700
orange,tx-000829,user0829,user1639,32868,0,1790877436291862700
airtel,tx-000830,user0830,user1568,11652,0,1790877436299862700
mvola,tx-000831,user0831,user1112,10883,0,1790877436307862700
orange,tx-000832,user0832,user1575,9645,0,1790877436315862700
airtel,tx-000833,user0833,user0938,18306,0,1790877436323862700
mvola,tx-000834,user0834,user1760,33360,0,1790877436331862700
orange,tx-000835,user0835,user0037,9734,0,1790877436339862700
airtel,tx-000836,user0836,user1897,43569,0,1790877436347862700
mvola,tx-000837,user0837,user0303,8699,0,1790877436355862700
orange,tx-000838,user0838,user0085,48373,0,1790877436363862700
airtel,tx-000839,user0839,user0349,48518,0,1790877436371862700
mvola,tx-000840,user0840,user1631,20209,0,1790877436379862700
orange,tx-000841,user0841,user0799,9098,0,1790877436387862700
airtel,tx-000842,user0842,user0514,24752,0,1790877436395862700
mvola,tx-000843,user0843,user0125,44329,0,1790877436403862700
orange,tx-000844,user0844,user1841,27549,0,1790877436411862700
airtel,tx-000845,user0845,user0861,22810,0,1790877436419862700
mvola,tx-000846,user0846,user1852,33652,0,1790877436427862700
orange,tx-000847,user0847,user1622,9089,0,1790877436435862700
airtel,tx-000848,user0848,user0031,17142,0,1790877436443862700
mvola,tx-000849,user0849,user0632,19125,0,1790877436451862700
orange,tx-000850,user0850,user1641,35039,0,1790877436459862700
airtel,tx-000851,user0851,user1579,40815,0,1790877436467862700
mvola,tx-000852,user0852,user0022,41103,0,1790877436475862700
orange,tx-000853,user0853,user1637,4609,0,1790877436483862700
airtel,tx-000854,user0854,user0243,42445,0,1790877436491862700
mvola,tx-000855,user0855,user1448,19351,0,1790877436499862700
orange,tx-000856,user0856,user1177,25313,0,1790877436507862700
airtel,tx-000857,user0857,user1076,45189,0,1790877436515862700
mvola,tx-000858,user0858,user0254,20208,0,1790877436523862700
orange,tx-000859,user0859,user0114,5576,0,1790877436531862700
airtel,tx-000860,user0860,user0710,23972,0,1790877436539862700
mvola,tx-000861,user0861,user0666,33966,0,1790877436547862700
orange,tx-000862,user0862,user1087,29560,0,1790877436555862700
airtel,tx-000863,user0863,user0363,13174,0,1790877436563862700
mvola,tx-000864,user0864,user0814,5073,0,1790877436571862700
orange,tx-000865,user0865,user1459,42405,0,1790877436579862700
airtel,tx-000866,user0866,user0137,13335,0,1790877436587862700
mvola,tx-000867,user0867,user0613,28625,0,1790877436595862700
orange,tx-000868,user0868,user0453,22854,0,1790877436603862700
airtel,tx-000869,user0869,user0977,38755,0,1790877436611862700
mvola,tx-000870,user0870,user1491,10904,0,1790877436619862700
orange,tx-000871,user0871,user1490,45222,0,1790877436627862700
airtel,tx-000872,user0872,user1762,19403,0,1790877436635862700
mvola,tx-000873,user0873,user0215,42785,0,1790877436643862700
orange,tx-000874,user0874,user1961,3726,0,1790877436651862700
airtel,tx-000875,user0875,user1940,30522,0,1790877436659862700
mvola,tx-000876,user0876,user0843,5727,0,1790877436667862700
orange,tx-000877,user0877,user1992,7071,0,1790877436675862700
airtel,tx-000878,user0878,user1475,3772,0,1790877436683862700
mvola,tx-000879,user0879,user1560,27593,0,1790877436691862700
orange,tx-000880,user0880,user1753,46319,0,1790877436699862700
airtel,tx-000881,user0881,user1615,6154,0,1790877436707862700
mvola,tx-000882,user0882,user0261,16683,0,1790877436715862700
orange,tx-000883,user0883,user0814,25531,0,1790877436723862700
airtel,tx-000884,user0884,user1469,5522,0,1790877436731862700
mvola,tx-000885,user0885,user1011,24256,0,1790877436739862700
orange,tx-000886,user0886,user0912,17253,0,1790877436747862700
airtel,tx-000887,user0887,user0617,41243,0,1790877436755862700
mvola,tx-000888,user0888,user0775,21330,0,1790877436763862700
orange,tx-000889,user0889,user0888,30686,0,1790877436771862700
airtel,tx-000890,user0890,user1013,4764,0,1790877436779862700
mvola,tx-000891,user0891,user0633,15852,0,1790877436787862700
orange,tx-000892,user0892,user0429,30225,0,1790877436795862700
airtel,tx-000893,user0893,user1993,24489,0,1790877436803862700
mvola,tx-000894,user0894,user0419,30412,0,1790877436811862700
orange,tx-000895,user0895,user1960,30359,0,1790877436819862700
airtel,tx-000896,user0896,user0820,21581,0,1790877436827862700
mvola,tx-000897,user0897,user1685,31278,0,1790877436835862700
orange,tx-000898,user0898,user1667,6041,0,1790877436843862700
airtel,tx-000899,user0899,user1312,4631,0,1790877436851862700
mvola,tx-000900,user0900,user1073,23873,0,1790877436859862700
orange,tx-000901,user0901,user1516,41637,0,1790877436867862700
airtel,tx-000902,user0902,user0596,4510,0,1790877436875862700
mvola,tx-000903,user0903,user0547,7239,0,1790877436883862700
orange,tx-000904,user0904,user0687,23016,0,1790877436891862700
airtel,tx-000905,user0905,user1451,2660,0,1790877436899862700
mvola,tx-000906,user0906,user0201,43763,0,1790877436907862700
orange,tx-000907,user0907,user1927,19839,0,1790877436915862700
airtel,tx-000908,user0908,user1286,48986,0,1790877436923862700
mvola,tx-000909,user0909,user1636,47586,0,1790877436931862700
orange,tx-000910,user0910,user0080,14129,0,1790877436939862700
airtel,tx-000911,user0911,user0250,30304,0,1790877436947862700
mvola,tx-000912,user0912,user0318,28822,0,1790877436955862700
orange,tx-000913,user0913,user1528,36755,0,1790877436963862700
airtel,tx-000914,user0914,user1002,7283,0,1790877436971862700
mvola,tx-000915,user0915,user0954,17343,0,1790877436979862700
orange,tx-000916,user0916,user1552,32213,0,1790877436987862700
airtel,tx-000917,user0917,user0955,37171,0,1790877436995862700
mvola,tx-000918,user0918,user0332,14777,0,1790877437003862700
orange,tx-000919,user0919,user1545,29408,0,1790877437011862700
airtel,tx-000920,user0920,user0918,19147,0,1790877437019862700
mvola,tx-000921,user0921,user1744,11658,0,1790877437027862700
orange,tx-000922,user0922,user1565,20239,0,1790877437035862700
airtel,tx-000923,user0923,user1931,43331,0,1790877437043862700
mvola,tx-000924,user0924,user0563,28563,0,1790877437051862700
orange,tx-000925,user0925,user0293,19653,0,1790877437059862700
airtel,tx-000926,user0926,user1411,22448,0,1790877437067862700
mvola,tx-000927,user0927,user1586,4974,0,1790877437075862700
orange,tx-000928,user0928,user0511,32895,0,1790877437083862700
airtel,tx-000929,user0929,user1506,37223,0,1790877437091862700
mvola,tx-000930,user0930,user1524,15221,0,1790877437099862700
orange,tx-000931,user0931,user1948,36154,0,1790877437107862700
airtel,tx-000932,user0932,user0224,3680,0,1790877437115862700
mvola,tx-000933,user0933,user1876,3809,0,1790877437123862700
orange,tx-000934,user0934,user0733,832,0,1790877437131862700
airtel,tx-000935,user0935,user0132,37389,0,1790877437139862700
mvola,tx-000936,user0936,user0462,21508,0,1790877437147862700
orange,tx-000937,user0937,user1019,14984,0,1790877437155862700
airtel,tx-000938,user0938,user0006,8145,0,1790877437163862700
mvola,tx-000939,user0939,user1168,11757,0,1790877437171862700
orange,tx-000940,user0940,user0536,28789,0,1790877437179862700
airtel,tx-000941,user0941,user1685,5537,0,1790877437187862700
mvola,tx-000942,user0942,user1707,28618,0,1790877437195862700
orange,tx-000943,user0943,user0384,24923,0,1790877437203862700
airtel,tx-000944,user0944,user1462,13798,0,1790877437211862700
mvola,tx-000945,user0945,user1618,48243,0,1790877437219862700
orange,tx-000946,user0946,user0765,34090,0,1790877437227862700
airtel,tx-000947,user0947,user1694,34407,0,1790877437235862700
mvola,tx-000948,user0948,user0981,25662,0,1790877437243862700
orange,tx-000949,user0949,user1499,40251,0,1790877437251862700
airtel,tx-000950,user0950,user0436,39467,0,1790877437259862700
mvola,tx-000951,user0951,user1150,41044,0,1790877437267862700
orange,tx-000952,user0952,user0580,23134,0,1790877437275862700
airtel,tx-000953,user0953,user1529,16281,0,1790877437283862700
mvola,tx-000954,user0954,user1162,39591,0,1790877437291862700
orange,tx-000955,user0955,user1933,4496,0,1790877437299862700
airtel,tx-000956,user0956,user1846,47947,0,1790877437307862700
mvola,tx-000957,user0957,user1461,15083,0,1790877437315862700
orange,tx-000958,user0958,user0898,41078,0,1790877437323862700
airtel,tx-000959,user0959,user0592,39994,0,1790877437331862700
mvola,tx-000960,user0960,user0811,37884,0,1790877437339862700
orange,tx-000961,user0961,user1545,15015,0,1790877437347862700
airtel,tx-000962,user0962,user0863,24627,0,1790877437355862700
mvola,tx-000963,user0963,user0722,32792,0,1790877437363862700
orange,tx-000964,user0964,user1561,24418,0,1790877437371862700
airtel,tx-000965,user0965,user0312,27699,0,1790877437379862700
mvola,tx-000966,user0966,user0922,16982,0,1790877437387862700
orange,tx-000967,user0967,user1874,21123,0,1790877437395862700
airtel,tx-000968,user0968,user1917,24214,0,1790877437403862700
mvola,tx-000969,user0969,user1385,37610,0,1790877437411862700
orange,tx-000970,user0970,user1226,42551,0,1790877437419862700
airtel,tx-000971,user0971,user1943,6711,0,1790877437427862700
mvola,tx-000972,user0972,user0474,20387,0,1790877437435862700
orange,tx-000973,user0973,user0757,9106,0,1790877437443862700
airtel,tx-000974,user0974,user0937,19756,0,1790877437451862700
mvola,tx-000975,user0975,user1719,33934,0,1790877437459862700
orange,tx-000976,user0976,user0081,33560,0,1790877437467862700
airtel,tx-000977,user0977,user0166,31049,0,1790877437475862700
mvola,tx-000978,user0978,user0619,31664,0,1790877437483862700
orange,tx-000979,user0979,user1256,15126,0,1790877437491862700
airtel,tx-000980,user0980,user1891,29285,0,1790877437499862700
mvola,tx-000981,user0981,user1409,20228,0,1790877437507862700
orange,tx-000982,user0982,user1880,8210,0,1790877437515862700
airtel,tx-000983,user0983,user0317,40422,0,1790877437523862700
mvola,tx-000984,user0984,user0407,36169,0,1790877437531862700
orange,tx-000985,user0985,user1210,25470,0,1790877437539862700
airtel,tx-000986,user0986,user1891,19890,0,1790877437547862700
mvola,tx-000987,user0987,user0110,1326,0,1790877437555862700
orange,tx-000988,user0988,user1631,7496,0,1790877437563862700
airtel,tx-000989,user0989,user0013,21441,0,1790877437571862700
mvola,tx-000990,user0990,user1423,45551,0,1790877437579862700
orange,tx-000991,user0991,user1892,39625,0,1790877437587862700
airtel,tx-000992,user0992,user0145,11850,0,1790877437595862700
mvola,tx-000993,user0993,user0452,3068,0,1790877437603862700
orange,tx-000994,user0994,user0836,6784,0,1790877437611862700
airtel,tx-000995,user0995,user1700,32947,0,1790877437619862700
mvola,tx-000996,user0996,user1042,18976,0,1790877437627862700
orange,tx-000997,user0997,user0336,33310,0,1790877437635862700
airtel,tx-000998,user0998,user1719,8787,0,1790877437643862700
mvola,tx-000999,user0999,user0956,23444,0,1790877437651862700
orange,tx-001000,user1000,user0444,35582,0,1790877437659862700
airtel,tx-001001,user1001,user0344,6880,0,1790877437667862700
mvola,tx-001002,user1002,user1690,5990,0,1790877437675862700
orange,tx-001003,user1003,user0582,31270,0,1790877437683862700
airtel,tx-001004,user1004,user1614,37829,0,1790877437691862700
mvola,tx-001005,user1005,user1793,11032,0,1790877437699862700
orange,tx-001006,user1006,user1224,17290,0,1790877437707862700
airtel,tx-001007,user1007,user1175,3072,0,1790877437715862700
mvola,tx-001008,user1008,user0242,22450,0,1790877437723862700
orange,tx-001009,user1009,user0299,18799,0,1790877437731862700
airtel,tx-001010,user1010,user0194,26681,0,1790877437739862700
mvola,tx-001011,user1011,user0823,49370,0,1790877437747862700
orange,tx-001012,user1012,user0430,49069,0,1790877437755862700
airtel,tx-001013,user1013,user0958,32541,0,1790877437763862700
mvola,tx-001014,user1014,user0710,19169,0,1790877437771862700
orange,tx-001015,user1015,user1735,48896,0,1790877437779862700
airtel,tx-001016,user1016,user1371,21688,0,1790877437787862700
mvola,tx-001017,user1017,user1730,9822,0,1790877437795862700
orange,tx-001018,user1018,user0161,45448,0,1790877437803862700
airtel,tx-001019,user1019,user1682,18685,0,1790877437811862700
mvola,tx-001020,user1020,user0868,41141,0,1790877437819862700
orange,tx-001021,user1021,user1275,19722,0,1790877437827862700
airtel,tx-001022,user1022,user0952,17726,0,1790877437835862700
mvola,tx-001023,user1023,user0456,17091,0,1790877437843862700
orange,tx-001024,user1024,user0664,16004,0,1790877437851862700
airtel,tx-001025,user1025,user1086,32056,0,1790877437859862700
mvola,tx-001026,user1026,user0556,46918,0,1790877437867862700
orange,tx-001027,user1027,user1145,38743,0,1790877437875862700
airtel,tx-001028,user1028,user1540,30292,0,1790877437883862700
mvola,tx-001029,user1029,user0958,28669,0,1790877437891862700
orange,tx-001030,user1030,user0718,16785,0,1790877437899862700
airtel,tx-001031,user1031,user1700,17520,0,1790877437907862700
mvola,tx-001032,user1032,user1866,23338,0,1790877437915862700
orange,tx-001033,user1033,user0937,36865,0,1790877437923862700
airtel,tx-001034,user1034,user0701,41886,0,1790877437931862700
mvola,tx-001035,user1035,user0133,22707,0,1790877437939862700
orange,tx-001036,user1036,user1453,1460,0,1790877437947862700
airtel,tx-001037,user1037,user1503,43636,0,1790877437955862700
mvola,tx-001038,user1038,user0870,49810,0,1790877437963862700
orange,tx-001039,user1039,user0579,25412,0,1790877437971862700
airtel,tx-001040,user1040,user0046,31225,0,1790877437979862700
mvola,tx-001041,user1041,user1572,40347,0,1790877437987862700
orange,tx-001042,user1042,user1565,12822,0,1790877437995862700
airtel,tx-001043,user1043,user1271,11467,0,1790877438003862700
mvola,tx-001044,user1044,user0200,5949,0,1790877438011862700
orange,tx-001045,user1045,user1631,11715,0,1790877438019862700
airtel,tx-001046,user1046,user1266,5322,0,1790877438027862700
mvola,tx-001047,user1047,user1508,47177,0,1790877438035862700
orange,tx-001048,user1048,user1357,4649,0,1790877438043862700
airtel,tx-001049,user1049,user0521,42917,0,1790877438051862700
mvola,tx-001050,user1050,user1103,48171,0,1790877438059862700
orange,tx-001051,user1051,user1628,48290,0,1790877438067862700
airtel,tx-001052,user1052,user1511,45187,0,1790877438075862700
mvola,tx-001053,user1053,user0478,14722,0,1790877438083862700
orange,tx-001054,user1054,user1346,12041,0,1790877438091862700
airtel,tx-001055,user1055,user1738,48816,0,1790877438099862700
mvola,tx-001056,user1056,user0170,22300,0,1790877438107862700
orange,tx-001057,user1057,user0271,14532,0,1790877438115862700
airtel,tx-001058,user1058,user0394,13414,0,1790877438123862700
mvola,tx-001059,user1059,user0315,11403,0,1790877438131862700
orange,tx-001060,user1060,user1018,24226,0,1790877438139862700
airtel,tx-001061,user1061,user1161,4790,0,1790877438147862700
mvola,tx-001062,user1062,user1887,46999,0,1790877438155862700
orange,tx-001063,user1063,user0043,33042,0,1790877438163862700
airtel,tx-001064,user1064,user0747,45435,0,1790877438171862700
mvola,tx-001065,user1065,user1698,6434,0,1790877438179862700
orange,tx-001066,user1066,user1503,23636,0,1790877438187862700
airtel,tx-001067,user1067,user0635,38141,0,1790877438195862700
mvola,tx-001068,user1068,user0529,20825,0,1790877438203862700
orange,tx-001069,user1069,user0168,18452,0,1790877438211862700
airtel,tx-001070,user1070,user0218,23483,0,1790877438219862700
mvola,tx-001071,user1071,user1805,28081,0,1790877438227862700
orange,tx-001072,user1072,user0498,18106,0,1790877438235862700
airtel,tx-001073,user1073,user0236,47289,0,1790877438243862700
mvola,tx-001074,user1074,user1162,197,0,1790877438251862700
orange,tx-001075,user1075,user1372,38542,0,1790877438259862700
airtel,tx-001076,user1076,user1842,20882,0,1790877438267862700
mvola,tx-001077,user1077,user0510,48086,0,1790877438275862700
orange,tx-001078,user1078,user0612,10369,0,1790877438283862700
airtel,tx-001079,user1079,user0730,22667,0,1790877438291862700
mvola,tx-001080,user1080,user1812,4719,0,1790877438299862700
orange,tx-001081,user1081,user1064,11334,0,1790877438307862700
airtel,tx-001082,user1082,user0862,18666,0,1790877438315862700
mvola,tx-001083,user1083,user0856,18506,0,1790877438323862700
orange,tx-001084,user1084,user0731,43098,0,1790877438331862700
airtel,tx-001085,user1085,user0914,1098,0,1790877438339862700
mvola,tx-001086,user1086,user0595,39815,0,1790877438347862700
orange,tx-001087,user1087,user0062,5019,0,1790877438355862700
airtel,tx-001088,user1088,user0833,18976,0,1790877438363862700
mvola,tx-001089,user1089,user0631,42642,0,1790877438371862700
orange,tx-001090,user1090,user1095,2677,0,1790877438379862700
airtel,tx-001091,user1091,user0300,35336,0,1790877438387862700
mvola,tx-001092,user1092,user0538,28031,0,1790877438395862700
orange,tx-001093,user1093,user1567,37190,0,1790877438403862700
airtel,tx-001094,user1094,user1063,15799,0,1790877438411862700
mvola,tx-001095,user1095,user0690,25044,0,1790877438419862700
orange,tx-001096,user1096,user0872,924,0,1790877438427862700
airtel,tx-001097,user1097,user0653,17431,0,1790877438435862700
mvola,tx-001098,user1098,user1909,19648,0,1790877438443862700
orange,tx-001099,user1099,user1044,11310,0,1790877438451862700
airtel,tx-001100,user1100,user1103,29847,0,1790877438459862700
mvola,tx-001101,user1101,user1524,31851,0,1790877438467862700
orange,tx-001102,user1102,user0955,32361,0,1790877438475862700
airtel,tx-001103,user1103,user1879,32078,0,1790877438483862700
mvola,tx-001104,user1104,user0229,21773,0,1790877438491862700
orange,tx-001105,user1105,user0671,45165,0,1790877438499862700
airtel,tx-001106,user1106,user0355,7488,0,1790877438507862700
mvola,tx-001107,user1107,user1233,23276,0,1790877438515862700
orange,tx-001108,user1108,user1819,19189,0,1790877438523862700
airtel,tx-001109,user1109,user1314,16852,0,1790877438531862700
mvola,tx-001110,user1110,user1974,1494,0,1790877438539862700
orange,tx-001111,user1111,user1215,11909,0,1790877438547862700
airtel,tx-001112,user1112,user0829,49442,0,1790877438555862700
mvola,tx-001113,user1113,user0722,20095,0,1790877438563862700
orange,tx-001114,user1114,user1547,18159,0,1790877438571862700
airtel,tx-001115,user1115,user0799,6385,0,1790877438579862700
mvola,tx-001116,user1116,user1340,4399,0,1790877438587862700
orange,tx-001117,user1117,user0700,5373,0,1790877438595862700
airtel,tx-001118,user1118,user0135,38387,0,1790877438603862700
mvola,tx-001119,user1119,user0083,3015,0,1790877438611862700
orange,tx-001120,user1120,user1588,27117,0,1790877438619862700
airtel,tx-001121,user1121,user1572,13746,0,1790877438627862700
mvola,tx-001122,user1122,user0438,35067,0,1790877438635862700
orange,tx-001123,user1123,user0410,25288,0,1790877438643862700
airtel,tx-001124,user1124,user0496,32769,0,1790877438651862700
mvola,tx-001125,user1125,user0621,37824,0,1790877438659862700
orange,tx-001126,user1126,user0364,1348,0,1790877438667862700
airtel,tx-001127,user1127,user1632,1949,0,1790877438675862700
mvola,tx-001128,user1128,user0222,49572,0,1790877438683862700
orange,tx-001129,user1129,user0509,22706,0,1790877438691862700
airtel,tx-001130,user1130,user0298,12220,0,1790877438699862700
mvola,tx-001131,user1131,user1151,34025,0,1790877438707862700
orange,tx-001132,user1132,user1044,24912,0,1790877438715862700
airtel,tx-001133,user1133,user1063,4382,0,1790877438723862700
mvola,tx-001134,user1134,user0422,12905,0,1790877438731862700
orange,tx-001135,user1135,user1742,41483,0,1790877438739862700
airtel,tx-001136,user1136,user0389,28031,0,1790877438747862700
mvola,tx-001137,user1137,user0841,39434,0,1790877438755862700
orange,tx-001138,user1138,user1225,28156,0,1790877438763862700
airtel,tx-001139,user1139,user0692,30228,0,1790877438771862700
mvola,tx-001140,user1140,user0728,21231,0,1790877438779862700
orange,tx-001141,user1141,user1105,1417,0,1790877438787862700
airtel,tx-001142,user1142,user1808,26978,0,1790877438795862700
mvola,tx-001143,user1143,user0534,43226,0,1790877438803862700
orange,tx-001144,user1144,user1649,12507,0,1790877438811862700
airtel,tx-001145,user1145,user1552,37842,0,1790877438819862700
mvola,tx-001146,user1146,user1411,11713,0,1790877438827862700
orange,tx-001147,user1147,user0371,28619,0,1790877438835862700
airtel,tx-001148,user1148,user0979,26016,0,1790877438843862700
mvola,tx-001149,user1149,user1945,3543,0,1790877438851862700
orange,tx-001150,user1150,user0111,5411,0,1790877438859862700
airtel,tx-001151,user1151,user0738,22333,0,1790877438867862700
mvola,tx-001152,user1152,user0813,29019,0,1790877438875862700
orange,tx-001153,user1153,user0462,16656,0,1790877438883862700
airtel,tx-001154,user1154,user0364,43323,0,1790877438891862700
mvola,tx-001155,user1155,user1340,40240,0,1790877438899862700
orange,tx-001156,user1156,user0402,8604,0,1790877438907862700
airtel,tx-001157,user1157,user1119,8305,0,1790877438915862700
mvola,tx-001158,user1158,user0430,17070,0,1790877438923862700
orange,tx-001159,user1159,user1957,11501,0,1790877438931862700
airtel,tx-001160,user1160,user1446,48386,0,1790877438939862700
mvola,tx-001161,user1161,user0365,46093,0,1790877438947862700
orange,tx-001162,user1162,user0695,47141,0,1790877438955862700
airtel,tx-001163,user1163,user0015,42571,0,1790877438963862700
mvola,tx-001164,user1164,user1959,28608,0,1790877438971862700
orange,tx-001165,user1165,user1329,49158,0,1790877438979862700
airtel,tx-001166,user1166,user0811,5198,0,1790877438987862700
mvola,tx-001167,user1167,user0446,10781,0,1790877438995862700
orange,tx-001168,user1168,user0695,45167,0,1790877439003862700
airtel,tx-001169,user1169,user1953,277,0,1790877439011862700
mvola,tx-001170,user1170,user1063,3626,0,1790877439019862700
orange,tx-001171,user1171,user1213,34266,0,1790877439027862700
airtel,tx-001172,user1172,user0167,26139,0,1790877439035862700
mvola,tx-001173,user1173,user1593,33582,0,1790877439043862700
orange,tx-001174,user1174,user1532,4847,0,1790877439051862700
airtel,tx-001175,user1175,user0016,42513,0,1790877439059862700
mvola,tx-001176,user1176,user0063,49993,0,1790877439067862700
orange,tx-001177,user1177,user1126,49862,0,1790877439075862700
airtel,tx-001178,user1178,user0296,38734,0,1790877439083862700
mvola,tx-001179,user1179,user0747,7157,0,1790877439091862700
orange,tx-001180,user1180,user0420,17167,0,1790877439099862700
airtel,tx-001181,user1181,user1388,29144,0,1790877439107862700
mvola,tx-001182,user1182,user1567,25558,0,1790877439115862700
orange,tx-001183,user1183,user1249,2626,0,1790877439123862700
airtel,tx-001184,user1184,user1856,3961,0,1790877439131862700
mvola,tx-001185,user1185,user0853,17273,0,1790877439139862700
orange,tx-001186,user1186,user1303,5882,0,1790877439147862700
airtel,tx-001187,user1187,user1264,5618,0,1790877439155862700
mvola,tx-001188,user1188,user1496,23550,0,1790877439163862700
orange,tx-001189,user1189,user0527,14322,0,1790877439171862700
airtel,tx-001190,user1190,user1737,39542,0,1790877439179862700
mvola,tx-001191,user1191,user0246,43916,0,1790877439187862700
orange,tx-001192,user1192,user1186,39513,0,1790877439195862700
airtel,tx-001193,user1193,user0849,16658,0,1790877439203862700
mvola,tx-001194,user1194,user0866,45636,0,1790877439211862700
orange,tx-001195,user1195,user0481,3579,0,1790877439219862700
airtel,tx-001196,user1196,user0767,30044,0,1790877439227862700
mvola,tx-001197,user1197,user0403,33612,0,1790877439235862700
orange,tx-001198,user1198,user1911,44481,0,1790877439243862700
airtel,tx-001199,user1199,user1775,34848,0,1790877439251862700
mvola,tx-001200,user1200,user1866,8564,0,1790877439259862700
orange,tx-001201,user1201,user1227,42985,0,1790877439267862700
airtel,tx-001202,user1202,user1467,29518,0,1790877439275862700
mvola,tx-001203,user1203,user0015,27568,0,1790877439283862700
orange,tx-001204,user1204,user1963,8909,0,1790877439291862700
airtel,tx-001205,user1205,user1763,28497,0,1790877439299862700
mvola,tx-001206,user1206,user0122,29417,0,1790877439307862700
orange,tx-001207,user1207,user1150,718,0,1790877439315862700
airtel,tx-001208,user1208,user0367,11392,0,1790877439323862700
mvola,tx-001209,user1209,user1404,13750,0,1790877439331862700
orange,tx-001210,user1210,user1836,5390,0,1790877439339862700
airtel,tx-001211,user1211,user1729,41789,0,1790877439347862700
mvola,tx-001212,user1212,user1720,24159,0,1790877439355862700
orange,tx-001213,user1213,user0516,25378,0,1790877439363862700
airtel,tx-001214,user1214,user1825,14942,0,1790877439371862700
mvola,tx-001215,user1215,user1089,10814,0,1790877439379862700
orange,tx-001216,user1216,user1927,6349,0,1790877439387862700
airtel,tx-001217,user1217,user1318,37393,0,1790877439395862700
mvola,tx-001218,user1218,user1109,767,0,1790877439403862700
orange,tx-001219,user1219,user0819,48816,0,1790877439411862700
airtel,tx-001220,user1220,user1522,13560,0,1790877439419862700
mvola,tx-001221,user1221,user1475,31587,0,1790877439427862700
orange,tx-001222,user1222,user0423,6499,0,1790877439435862700
airtel,tx-001223,user1223,user0966,45241,0,1790877439443862700
mvola,tx-001224,user1224,user0687,49832,0,1790877439451862700
orange,tx-001225,user1225,user1081,37878,0,1790877439459862700
airtel,tx-001226,user1226,user1208,34448,0,1790877439467862700
mvola,tx-001227,user1227,user1251,1027,0,1790877439475862700
orange,tx-001228,user1228,user0536,43116,0,1790877439483862700
airtel,tx-001229,user1229,user1491,9183,0,1790877439491862700
mvola,tx-001230,user1230,user1926,27379,0,1790877439499862700
orange,tx-001231,user1231,user0040,17201,0,1790877439507862700
airtel,tx-001232,user1232,user0999,10101,0,1790877439515862700
mvola,tx-001233,user1233,user0704,16130,0,1790877439523862700
orange,tx-001234,user1234,user1655,4529,0,1790877439531862700
airtel,tx-001235,user1235,user0843,46609,0,1790877439539862700
mvola,tx-001236,user1236,user0009,17469,0,1790877439547862700
orange,tx-001237,user1237,user1784,39780,0,1790877439555862700
airtel,tx-001238,user1238,user1151,20210,0,1790877439563862700
mvola,tx-001239,user1239,user0039,45439,0,1790877439571862700
orange,tx-001240,user1240,user0357,35341,0,1790877439579862700
airtel,tx-001241,user1241,user1810,8101,0,1790877439587862700
mvola,tx-001242,user1242,user1597,9378,0,1790877439595862700
orange,tx-001243,user1243,user0417,37976,0,1790877439603862700
airtel,tx-001244,user1244,user1427,20021,0,1790877439611862700
mvola,tx-001245,user1245,user0971,9304,0,1790877439619862700
orange,tx-001246,user1246,user1618,35373,0,1790877439627862700
airtel,tx-001247,user1247,user1459,18359,0,1790877439635862700
mvola,tx-001248,user1248,user1485,20330,0,1790877439643862700
orange,tx-001249,user1249,user0385,40448,0,1790877439651862700
airtel,tx-001250,user1250,user1567,33287,0,1790877439659862700
mvola,tx-001251,user1251,user0400,4142,0,1790877439667862700
orange,tx-001252,user1252,user1750,25732,0,1790877439675862700
airtel,tx-001253,user1253,user1940,3540,0,1790877439683862700
mvola,tx-001254,user1254,user0483,49788,0,1790877439691862700
orange,tx-001255,user1255,user1502,25686,0,1790877439699862700
airtel,tx-001256,user1256,user1098,21263,0,1790877439707862700
mvola,tx-001257,user1257,user1790,14570,0,1790877439715862700
orange,tx-001258,user1258,user0863,49686,0,1790877439723862700
airtel,tx-001259,user1259,user0735,43471,0,1790877439731862700
mvola,tx-001260,user1260,user0405,11356,0,1790877439739862700
orange,tx-001261,user1261,user1154,17758,0,1790877439747862700
airtel,tx-001262,user1262,user1594,27220,0,1790877439755862700
mvola,tx-001263,user1263,user0534,47609,0,1790877439763862700
orange,tx-001264,user1264,user1440,26244,0,1790877439771862700
airtel,tx-001265,user1265,user0485,31619,0,1790877439779862700
mvola,tx-001266,user1266,user1664,18972,0,1790877439787862700
orange,tx-001267,user1267,user1395,45321,0,1790877439795862700
airtel,tx-001268,user1268,user0864,15265,0,1790877439803862700
mvola,tx-001269,user1269,user0216,37208,0,1790877439811862700
orange,tx-001270,user1270,user0880,33586,0,1790877439819862700
airtel,tx-001271,user1271,user1998,23849,0,1790877439827862700
mvola,tx-001272,user1272,user0542,21111,0,1790877439835862700
orange,tx-001273,user1273,user0138,4627,0,1790877439843862700
airtel,tx-001274,user1274,user0120,13119,0,1790877439851862700
mvola,tx-001275,user1275,user1167,27120,0,1790877439859862700
orange,tx-001276,user1276,user1338,26266,0,1790877439867862700
airtel,tx-001277,user1277,user1225,12585,0,1790877439875862700
mvola,tx-001278,user1278,user0565,20595,0,1790877439883862700
orange,tx-001279,user1279,user1387,44880,0,1790877439891862700
airtel,tx-001280,user1280,user0208,43316,0,1790877439899862700
mvola,tx-001281,user1281,user1406,23367,0,1790877439907862700
orange,tx-001282,user1282,user1840,4223,0,1790877439915862700
airtel,tx-001283,user1283,user0257,719,0,1790877439923862700
mvola,tx-001284,user1284,user0696,25263,0,1790877439931862700
orange,tx-001285,user1285,user0906,16741,0,1790877439939862700
airtel,tx-001286,user1286,user0686,36178,0,1790877439947862700
mvola,tx-001287,user1287,user1155,23780,0,1790877439955862700
orange,tx-001288,user1288,user1541,9998,0,1790877439963862700
airtel,tx-001289,user1289,user0298,25175,0,1790877439971862700
mvola,tx-001290,user1290,user1602,25405,0,1790877439979862700
orange,tx-001291,user1291,user1889,17726,0,1790877439987862700
airtel,tx-001292,user1292,user0546,13972,0,1790877439995862700
mvola,tx-001293,user1293,user1809,18916,0,1790877440003862700
orange,tx-001294,user1294,user1996,12843,0,1790877440011862700
airtel,tx-001295,user1295,user0951,10322,0,1790877440019862700
mvola,tx-001296,user1296,user1354,38002,0,1790877440027862700
orange,tx-001297,user1297,user1877,8198,0,1790877440035862700
airtel,tx-001298,user1298,user0240,49153,0,1790877440043862700
mvola,tx-001299,user1299,user1599,35047,0,1790877440051862700
orange,tx-001300,user1300,user1918,358,0,1790877440059862700
airtel,tx-001301,user1301,user0998,48547,0,1790877440067862700
mvola,tx-001302,user1302,user0694,9401,0,1790877440075862700
orange,tx-001303,user1303,user0516,19867,0,1790877440083862700
airtel,tx-001304,user1304,user0948,26891,0,1790877440091862700
mvola,tx-001305,user1305,user0868,2640,0,1790877440099862700
orange,tx-001306,user1306,user0349,43195,0,1790877440107862700
airtel,tx-001307,user1307,user1495,28197,0,1790877440115862700
mvola,tx-001308,user1308,user0371,4828,0,1790877440123862700
orange,tx-001309,user1309,user1172,10113,0,1790877440131862700
airtel,tx-001310,user1310,user0319,25070,0,1790877440139862700
mvola,tx-001311,user1311,user0263,27607,0,1790877440147862700
orange,tx-001312,user1312,user0493,6610,0,1790877440155862700
airtel,tx-001313,user1313,user0643,38463,0,1790877440163862700
mvola,tx-001314,user1314,user0957,9021,0,1790877440171862700
orange,tx-001315,user1315,user0227,14919,0,1790877440179862700
airtel,tx-001316,user1316,user1060,48029,0,1790877440187862700
mvola,tx-001317,user1317,user0166,12579,0,1790877440195862700
orange,tx-001318,user1318,user0406,45851,0,1790877440203862700
airtel,tx-001319,user1319,user0214,1803,0,1790877440211862700
mvola,tx-001320,user1320,user1336,23620,0,1790877440219862700
orange,tx-001321,user1321,user1273,3938,0,1790877440227862700
airtel,tx-001322,user1322,user0920,30614,0,1790877440235862700
mvola,tx-001323,user1323,user1111,34385,0,1790877440243862700
orange,tx-001324,user1324,user1072,20432,0,1790877440251862700
airtel,tx-001325,user1325,user1300,10423,0,1790877440259862700
mvola,tx-001326,user1326,user0786,17280,0,1790877440267862700
orange,tx-001327,user1327,user0220,10693,0,1790877440275862700
airtel,tx-001328,user1328,user0022,17810,0,1790877440283862700
mvola,tx-001329,user1329,user1929,2125,0,1790877440291862700
orange,tx-001330,user1330,user1380,26105,0,1790877440299862700
airtel,tx-001331,user1331,user0171,40164,0,1790877440307862700
mvola,tx-001332,user1332,user1713,38273,0,1790877440315862700
orange,tx-001333,user1333,user1049,2678,0,1790877440323862700
airtel,tx-001334,user1334,user1653,22421,0,1790877440331862700
mvola,tx-001335,user1335,user1039,47611,0,1790877440339862700
orange,tx-001336,user1336,user1582,25093,0,1790877440347862700
airtel,tx-001337,user1337,user1771,45755,0,1790877440355862700
mvola,tx-001338,user1338,user1477,35681,0,1790877440363862700
orange,tx-001339,user1339,user1880,22601,0,1790877440371862700
airtel,tx-001340,user1340,user1498,38320,0,1790877440379862700
mvola,tx-001341,user1341,user0907,45818,0,1790877440387862700
orange,tx-001342,user1342,user1729,40634,0,1790877440395862700
airtel,tx-001343,user1343,user1943,42501,0,1790877440403862700
mvola,tx-001344,user1344,user0292,24096,0,1790877440411862700
orange,tx-001345,user1345,user0772,40540,0,1790877440419862700
airtel,tx-001346,user1346,user0357,36069,0,1790877440427862700
mvola,tx-001347,user1347,user0939,42760,0,1790877440435862700
orange,tx-001348,user1348,user1775,46381,0,1790877440443862700
airtel,tx-001349,user1349,user0901,16303,0,1790877440451862700
mvola,tx-001350,user1350,user1620,29582,0,1790877440459862700
orange,tx-001351,user1351,user1115,5085,0,1790877440467862700
airtel,tx-001352,user1352,user0418,29498,0,1790877440475862700
mvola,tx-001353,user1353,user0516,44948,0,1790877440483862700
orange,tx-001354,user1354,user1309,30422,0,1790877440491862700
airtel,tx-001355,user1355,user1156,17290,0,1790877440499862700
mvola,tx-001356,user1356,user0382,29982,0,1790877440507862700
orange,tx-001357,user1357,user0380,31553,0,1790877440515862700
airtel,tx-001358,user1358,user1815,16474,0,1790877440523862700
mvola,tx-001359,user1359,user0593,25613,0,1790877440531862700
orange,tx-001360,user1360,user0465,26788,0,1790877440539862700
airtel,tx-001361,user1361,user1544,29958,0,1790877440547862700
mvola,tx-001362,user1362,user1852,14176,0,1790877440555862700
orange,tx-001363,user1363,user1153,11623,0,1790877440563862700
airtel,tx-001364,user1364,user0706,3521,0,1790877440571862700
mvola,tx-001365,user1365,user1883,23898,0,1790877440579862700
orange,tx-001366,user1366,user0773,44179,0,1790877440587862700
airtel,tx-001367,user1367,user1089,40469,0,1790877440595862700
mvola,tx-001368,user1368,user1287,20839,0,1790877440603862700
orange,tx-001369,user1369,user0567,9098,0,1790877440611862700
airtel,tx-001370,user1370,user1271,49860,0,1790877440619862700
mvola,tx-001371,user1371,user0487,21390,0,1790877440627862700
orange,tx-001372,user1372,user1622,33672,0,1790877440635862700
airtel,tx-001373,user1373,user0063,47229,0,1790877440643862700
mvola,tx-001374,user1374,user0692,555,0,1790877440651862700
orange,tx-001375,user1375,user1146,7357,0,1790877440659862700
airtel,tx-001376,user1376,user1782,19837,0,1790877440667862700
mvola,tx-001377,user1377,user1651,6646,0,1790877440675862700
orange,tx-001378,user1378,user0572,47672,0,1790877440683862700
airtel,tx-001379,user1379,user0858,7570,0,1790877440691862700
mvola,tx-001380,user1380,user1159,26559,0,1790877440699862700
orange,tx-001381,user1381,user0774,41038,0,1790877440707862700
airtel,tx-001382,user1382,user0540,16535,0,1790877440715862700
mvola,tx-001383,user1383,user0930,31548,0,1790877440723862700
orange,tx-001384,user1384,user1265,36224,0,1790877440731862700
airtel,tx-001385,user1385,user1666,6102,0,1790877440739862700
mvola,tx-001386,user1386,user0793,47399,0,1790877440747862700
orange,tx-001387,user1387,user0193,48076,0,1790877440755862700
airtel,tx-001388,user1388,user0430,42532,0,1790877440763862700
mvola,tx-001389,user1389,user0155,565,0,1790877440771862700
orange,tx-001390,user1390,user1007,31987,0,1790877440779862700
airtel,tx-001391,user1391,user0414,2446,0,1790877440787862700
mvola,tx-001392,user1392,user0606,32735,0,1790877440795862700
orange,tx-001393,user1393,user0647,16082,0,1790877440803862700
airtel,tx-001394,user1394,user0874,39885,0,1790877440811862700
mvola,tx-001395,user1395,user0303,26016,0,1790877440819862700
orange,tx-001396,user1396,user0799,42626,0,1790877440827862700
airtel,tx-001397,user1397,user0509,12025,0,1790877440835862700
mvola,tx-001398,user1398,user0964,28917,0,1790877440843862700
orange,tx-001399,user1399,user0186,4784,0,1790877440851862700
airtel,tx-001400,user1400,user1527,2606,0,1790877440859862700
mvola,tx-001401,user1401,user1168,46794,0,1790877440867862700
orange,tx-001402,user1402,user0434,34346,0,1790877440875862700
airtel,tx-001403,user1403,user1420,41861,0,1790877440883862700
mvola,tx-001404,user1404,user0116,29699,0,1790877440891862700
orange,tx-001405,user1405,user0470,5340,0,1790877440899862700
airtel,tx-001406,user1406,user1017,31471,0,1790877440907862700
mvola,tx-001407,user1407,user0822,40612,0,1790877440915862700
orange,tx-001408,user1408,user0728,49279,0,1790877440923862700
airtel,tx-001409,user1409,user0215,14514,0,1790877440931862700
mvola,tx-001410,user1410,user1595,24094,0,1790877440939862700
orange,tx-001411,user1411,user1910,30253,0,1790877440947862700
airtel,tx-001412,user1412,user0319,27087,0,1790877440955862700
mvola,tx-001413,user1413,user1132,3804,0,1790877440963862700
orange,tx-001414,user1414,user0156,32800,0,1790877440971862700
airtel,tx-001415,user1415,user1174,22081,0,1790877440979862700
mvola,tx-001416,user1416,user0763,17716,0,1790877440987862700
orange,tx-001417,user1417,user1027,43830,0,1790877440995862700
airtel,tx-001418,user1418,user0109,10654,0,1790877441003862700
mvola,tx-001419,user1419,user0819,31691,0,1790877441011862700
orange,tx-001420,user1420,user0688,47897,0,1790877441019862700
airtel,tx-001421,user1421,user0628,34897,0,1790877441027862700
mvola,tx-001422,user1422,user0393,27841,0,1790877441035862700
orange,tx-001423,user1423,user1898,42070,0,1790877441043862700
airtel,tx-001424,user1424,user1044,15943,0,1790877441051862700
mvola,tx-001425,user1425,user1743,19714,0,1790877441059862700
orange,tx-001426,user1426,user1194,40237,0,1790877441067862700
airtel,tx-001427,user1427,user0648,27664,0,1790877441075862700
mvola,tx-001428,user1428,user0496,38586,0,1790877441083862700
orange,tx-001429,user1429,user0316,16967,0,1790877441091862700
airtel,tx-001430,user1430,user1893,42926,0,1790877441099862700
mvola,tx-001431,user1431,user1995,6328,0,1790877441107862700
orange,tx-001432,user1432,user0061,45626,0,1790877441115862700
airtel,tx-001433,user1433,user1170,10315,0,1790877441123862700
mvola,tx-001434,user1434,user1030,8028,0,1790877441131862700
orange,tx-001435,user1435,user1060,43044,0,1790877441139862700
airtel,tx-001436,user1436,user0092,38795,0,1790877441147862700
mvola,tx-001437,user1437,user0904,6782,0,1790877441155862700
orange,tx-001438,user1438,user0584,15772,0,1790877441163862700
airtel,tx-001439,user1439,user0298,49788,0,1790877441171862700
mvola,tx-001440,user1440,user0625,25658,0,1790877441179862700
orange,tx-001441,user1441,user1497,4941,0,1790877441187862700
airtel,tx-001442,user1442,user1723,34446,0,1790877441195862700
mvola,tx-001443,user1443,user0829,47894,0,1790877441203862700
orange,tx-001444,user1444,user1098,18524,0,1790877441211862700
airtel,tx-001445,user1445,user0543,46377,0,1790877441219862700
mvola,tx-001446,user1446,user1096,29333,0,1790877441227862700
orange,tx-001447,user1447,user1866,43654,0,1790877441235862700
airtel,tx-001448,user1448,user1653,9164,0,1790877441243862700
mvola,tx-001449,user1449,user1176,24998,0,1790877441251862700
orange,tx-001450,user1450,user1992,10307,0,1790877441259862700
airtel,tx-001451,user1451,user0487,40529,0,1790877441267862700
mvola,tx-001452,user1452,user1173,40759,0,1790877441275862700
orange,tx-001453,user1453,user0543,41306,0,1790877441283862700
airtel,tx-001454,user1454,user0784,1977,0,1790877441291862700
mvola,tx-001455,user1455,user1774,15996,0,1790877441299862700
orange,tx-001456,user1456,user1329,14927,0,1790877441307862700
airtel,tx-001457,user1457,user1662,33950,0,1790877441315862700
mvola,tx-001458,user1458,user1107,24489,0,1790877441323862700
orange,tx-001459,user1459,user1042,22513,0,1790877441331862700
airtel,tx-001460,user1460,user0638,17914,0,1790877441339862700
mvola,tx-001461,user1461,user1346,30844,0,1790877441347862700
orange,tx-001462,user1462,user1881,44431,0,1790877441355862700
airtel,tx-001463,user1463,user0531,24443,0,1790877441363862700
mvola,tx-001464,user1464,user1003,46518,0,1790877441371862700
orange,tx-001465,user1465,user0318,49239,0,1790877441379862700
airtel,tx-001466,user1466,user0429,28724,0,1790877441387862700
mvola,tx-001467,user1467,user0924,9848,0,1790877441395862700
orange,tx-001468,user1468,user0932,10783,0,1790877441403862700
airtel,tx-001469,user1469,user0476,29595,0,1790877441411862700
mvola,tx-001470,user1470,user0554,5760,0,1790877441419862700
orange,tx-001471,user1471,user0479,10000,0,1790877441427862700
airtel,tx-001472,user1472,user1671,49335,0,1790877441435862700
mvola,tx-001473,user1473,user0934,33787,0,1790877441443862700
orange,tx-001474,user1474,user1948,18134,0,1790877441451862700
airtel,tx-001475,user1475,user0892,23191,0,1790877441459862700
mvola,tx-001476,user1476,user0602,44547,0,1790877441467862700
orange,tx-001477,user1477,user1165,45243,0,1790877441475862700
airtel,tx-001478,user1478,user1699,36092,0,1790877441483862700
mvola,tx-001479,user1479,user1395,12298,0,1790877441491862700
orange,tx-001480,user1480,user1459,18606,0,1790877441499862700
airtel,tx-001481,user1481,user1474,21218,0,1790877441507862700
mvola,tx-001482,user1482,user1179,32469,0,1790877441515862700
orange,tx-001483,user1483,user0279,46505,0,1790877441523862700
airtel,tx-001484,user1484,user1178,23312,0,1790877441531862700
mvola,tx-001485,user1485,user1162,13916,0,1790877441539862700
orange,tx-001486,user1486,user0609,26169,0,1790877441547862700
airtel,tx-001487,user1487,user1299,31121,0,1790877441555862700
mvola,tx-001488,user1488,user1771,1571,0,1790877441563862700
orange,tx-001489,user1489,user1583,34272,0,1790877441571862700
airtel,tx-001490,user1490,user0693,34771,0,1790877441579862700
mvola,tx-001491,user1491,user0540,28274,0,1790877441587862700
orange,tx-001492,user1492,user1557,1804,0,1790877441595862700
airtel,tx-001493,user1493,user0095,22810,0,1790877441603862700
mvola,tx-001494,user1494,user1490,35070,0,1790877441611862700
orange,tx-001495,user1495,user1379,25361,0,1790877441619862700
airtel,tx-001496,user1496,user0899,45932,0,1790877441627862700
mvola,tx-001497,user1497,user0594,46215,0,1790877441635862700
orange,tx-001498,user1498,user0855,43111,0,1790877441643862700
airtel,tx-001499,user1499,user0267,134,0,1790877441651862700
mvola,tx-001500,user1500,user1634,49273,0,1790877441659862700
orange,tx-001501,user1501,user1279,45662,0,1790877441667862700
airtel,tx-001502,user1502,user1227,46194,0,1790877441675862700
mvola,tx-001503,user1503,user1186,3300,0,1790877441683862700
orange,tx-001504,user1504,user1925,14856,0,1790877441691862700
airtel,tx-001505,user1505,user0768,17067,0,1790877441699862700
mvola,tx-001506,user1506,user0080,30586,0,1790877441707862700
orange,tx-001507,user1507,user0352,17338,0,1790877441715862700
airtel,tx-001508,user1508,user0121,42550,0,1790877441723862700
mvola,tx-001509,user1509,user1999,21437,0,1790877441731862700
orange,tx-001510,user1510,user1825,43785,0,1790877441739862700
airtel,tx-001511,user1511,user1802,24794,0,1790877441747862700
mvola,tx-001512,user1512,user0488,34114,0,1790877441755862700
orange,tx-001513,user1513,user1736,49187,0,1790877441763862700
airtel,tx-001514,user1514,user0414,40787,0,1790877441771862700
mvola,tx-001515,user1515,user1981,10953,0,1790877441779862700
orange,tx-001516,user1516,user1738,39979,0,1790877441787862700
airtel,tx-001517,user1517,user1232,42975,0,1790877441795862700
mvola,tx-001518,user1518,user1150,35652,0,1790877441803862700
orange,tx-001519,user1519,user1397,22182,0,1790877441811862700
airtel,tx-001520,user1520,user1669,39858,0,1790877441819862700
mvola,tx-001521,user1521,user0969,12836,0,1790877441827862700
orange,tx-001522,user1522,user1768,20527,0,1790877441835862700
airtel,tx-001523,user1523,user1537,15164,0,1790877441843862700
mvola,tx-001524,user1524,user1171,3015,0,1790877441851862700
orange,tx-001525,user1525,user0264,42406,0,1790877441859862700
airtel,tx-001526,user1526,user1381,25231,0,1790877441867862700
mvola,tx-001527,user1527,user1878,41526,0,1790877441875862700
orange,tx-001528,user1528,user1266,701,0,1790877441883862700
airtel,tx-001529,user1529,user0630,26688,0,1790877441891862700
mvola,tx-001530,user1530,user0264,13056,0,1790877441899862700
orange,tx-001531,user1531,user0732,24426,0,1790877441907862700
airtel,tx-001532,user1532,user0809,31840,0,1790877441915862700
mvola,tx-001533,user1533,user1656,33590,0,1790877441923862700
orange,tx-001534,user1534,user1219,29635,0,1790877441931862700
airtel,tx-001535,user1535,user1838,22857,0,1790877441939862700
mvola,tx-001536,user1536,user0489,12086,0,1790877441947862700
orange,tx-001537,user1537,user0623,14484,0,1790877441955862700
airtel,tx-001538,user1538,user1308,32475,0,1790877441963862700
mvola,tx-001539,user1539,user0330,20577,0,1790877441971862700
orange,tx-001540,user1540,user1479,46982,0,1790877441979862700
airtel,tx-001541,user1541,user1351,42352,0,1790877441987862700
mvola,tx-001542,user1542,user0611,39222,0,1790877441995862700
orange,tx-001543,user1543,user1453,44656,0,1790877442003862700
airtel,tx-001544,user1544,user0180,44931,0,1790877442011862700
mvola,tx-001545,user1545,user0244,44991,0,1790877442019862700
orange,tx-001546,user1546,user0371,43813,0,1790877442027862700
airtel,tx-001547,user1547,user1826,13864,0,1790877442035862700
mvola,tx-001548,user1548,user0491,33589,0,1790877442043862700
orange,tx-001549,user1549,user0378,1242,0,1790877442051862700
airtel,tx-001550,user1550,user1911,15802,0,1790877442059862700
mvola,tx-001551,user1551,user0811,33516,0,1790877442067862700
orange,tx-001552,user1552,user0665,4860,0,1790877442075862700
airtel,tx-001553,user1553,user0770,43001,0,1790877442083862700
mvola,tx-001554,user1554,user0548,6746,0,1790877442091862700
orange,tx-001555,user1555,user1124,5209,0,1790877442099862700
airtel,tx-001556,user1556,user0438,49470,0,1790877442107862700
mvola,tx-001557,user1557,user1238,881,0,1790877442115862700
orange,tx-001558,user1558,user0680,47212,0,1790877442123862700
airtel,tx-001559,user1559,user1785,27896,0,1790877442131862700
mvola,tx-001560,user1560,user0213,6948,0,1790877442139862700
orange,tx-001561,user1561,user0552,39635,0,1790877442147862700
airtel,tx-001562,user1562,user1109,12458,0,1790877442155862700
mvola,tx-001563,user1563,user0620,36582,0,1790877442163862700
orange,tx-001564,user1564,user0696,23754,0,1790877442171862700
airtel,tx-001565,user1565,user1039,43350,0,1790877442179862700
mvola,tx-001566,user1566,user1835,36910,0,1790877442187862700
orange,tx-001567,user1567,user0424,17179,0,1790877442195862700
airtel,tx-001568,user1568,user1645,37136,0,1790877442203862700
mvola,tx-001569,user1569,user1587,46198,0,1790877442211862700
orange,tx-001570,user1570,user1901,3587,0,1790877442219862700
airtel,tx-001571,user1571,user0809,17125,0,1790877442227862700
mvola,tx-001572,user1572,user0704,37977,0,1790877442235862700
orange,tx-001573,user1573,user1320,1409,0,1790877442243862700
airtel,tx-001574,user1574,user0421,20885,0,1790877442251862700
mvola,tx-001575,user1575,user0799,29235,0,1790877442259862700
orange,tx-001576,user1576,user1385,26193,0,1790877442267862700
airtel,tx-001577,user1577,user0560,11064,0,1790877442275862700
mvola,tx-001578,user1578,user1966,28217,0,1790877442283862700
orange,tx-001579,user1579,user0560,36691,0,1790877442291862700
airtel,tx-001580,user1580,user0061,42320,0,1790877442299862700
mvola,tx-001581,user1581,user1872,15476,0,1790877442307862700
orange,tx-001582,user1582,user1566,23409,0,1790877442315862700
airtel,tx-001583,user1583,user1822,44983,0,1790877442323862700
mvola,tx-001584,user1584,user0784,9075,0,1790877442331862700
orange,tx-001585,user1585,user0922,26611,0,1790877442339862700
airtel,tx-001586,user1586,user1427,39569,0,1790877442347862700
mvola,tx-001587,user1587,user1944,20950,0,1790877442355862700
orange,tx-001588,user1588,user0300,12584,0,1790877442363862700
airtel,tx-001589,user1589,user1184,25880,0,1790877442371862700
mvola,tx-001590,user1590,user1410,1981,0,1790877442379862700
orange,tx-001591,user1591,user0995,2191,0,1790877442387862700
airtel,tx-001592,user1592,user1755,10715,0,1790877442395862700
mvola,tx-001593,user1593,user0856,2227,0,1790877442403862700
orange,tx-001594,user1594,user0816,17316,0,1790877442411862700
airtel,tx-001595,user1595,user1586,43997,0,1790877442419862700
mvola,tx-001596,user1596,user0282,35588,0,1790877442427862700
orange,tx-001597,user1597,user1088,45147,0,1790877442435862700
airtel,tx-001598,user1598,user0053,9594,0,1790877442443862700
mvola,tx-001599,user1599,user1198,14684,0,1790877442451862700
orange,tx-001600,user1600,user0269,23186,0,1790877442459862700
airtel,tx-001601,user1601,user0293,29433,0,1790877442467862700
mvola,tx-001602,user1602,user1724,4859,0,1790877442475862700
orange,tx-001603,user1603,user1158,18480,0,1790877442483862700
airtel,tx-001604,user1604,user1130,6194,0,1790877442491862700
mvola,tx-001605,user1605,user1148,20882,0,1790877442499862700
orange,tx-001606,user1606,user1628,48971,0,1790877442507862700
airtel,tx-001607,user1607,user1343,17722,0,1790877442515862700
mvola,tx-001608,user1608,user0775,7579,0,1790877442523862700
orange,tx-001609,user1609,user1883,31340,0,1790877442531862700
airtel,tx-001610,user1610,user0831,9683,0,1790877442539862700
mvola,tx-001611,user1611,user1871,41943,0,1790877442547862700
orange,tx-001612,user1612,user0713,48464,0,1790877442555862700
airtel,tx-001613,user1613,user0613,35427,0,1790877442563862700
mvola,tx-001614,user1614,user1500,8385,0,1790877442571862700
orange,tx-001615,user1615,user0709,23615,0,1790877442579862700
airtel,tx-001616,user1616,user0722,24041,0,1790877442587862700
mvola,tx-001617,user1617,user0739,13255,0,1790877442595862700
orange,tx-001618,user1618,user0540,30132,0,1790877442603862700
airtel,tx-001619,user1619,user0987,12106,0,1790877442611862700
mvola,tx-001620,user1620,user1091,35040,0,1790877442619862700
orange,tx-001621,user1621,user1967,49244,0,1790877442627862700
airtel,tx-001622,user1622,user0124,28968,0,1790877442635862700
mvola,tx-001623,user1623,user1842,19075,0,1790877442643862700
orange,tx-001624,user1624,user0910,48036,0,1790877442651862700
airtel,tx-001625,user1625,user0639,22145,0,1790877442659862700
mvola,tx-001626,user1626,user1156,13556,0,1790877442667862700
orange,tx-001627,user1627,user0706,8204,0,1790877442675862700
airtel,tx-001628,user1628,user0480,46665,0,1790877442683862700
mvola,tx-001629,user1629,user0742,1758,0,1790877442691862700
orange,tx-001630,user1630,user0663,40382,0,1790877442699862700
airtel,tx-001631,user1631,user1324,20211,0,1790877442707862700
mvola,tx-001632,user1632,user0758,12202,0,1790877442715862700
orange,tx-001633,user1633,user1072,32428,0,1790877442723862700
airtel,tx-001634,user1634,user1127,22726,0,1790877442731862700
mvola,tx-001635,user1635,user1060,14178,0,1790877442739862700
orange,tx-001636,user1636,user0351,13033,0,1790877442747862700
airtel,tx-001637,user1637,user0935,12936,0,1790877442755862700
mvola,tx-001638,user1638,user1757,43033,0,1790877442763862700
orange,tx-001639,user1639,user0894,12718,0,1790877442771862700
airtel,tx-001640,user1640,user0111,32620,0,1790877442779862700
mvola,tx-001641,user1641,user1148,11448,0,1790877442787862700
orange,tx-001642,user1642,user0340,28998,0,1790877442795862700
airtel,tx-001643,user1643,user1810,31861,0,1790877442803862700
mvola,tx-001644,user1644,user0269,8250,0,1790877442811862700
orange,tx-001645,user1645,user0724,3228,0,1790877442819862700
airtel,tx-001646,user1646,user1239,6981,0,1790877442827862700
mvola,tx-001647,user1647,user1743,45669,0,1790877442835862700
orange,tx-001648,user1648,user1806,45794,0,1790877442843862700
airtel,tx-001649,user1649,user0508,22713,0,1790877442851862700
mvola,tx-001650,user1650,user1300,41346,0,1790877442859862700
orange,tx-001651,user1651,user0935,49854,0,1790877442867862700
airtel,tx-001652,user1652,user0283,42908,0,1790877442875862700
mvola,tx-001653,user1653,user1809,45192,0,1790877442883862700
orange,tx-001654,user1654,user0637,43505,0,1790877442891862700
airtel,tx-001655,user1655,user0780,18117,0,1790877442899862700
mvola,tx-001656,user1656,user1306,49716,0,1790877442907862700
orange,tx-001657,user1657,user1710,34685,0,1790877442915862700
airtel,tx-001658,user1658,user0218,18479,0,1790877442923862700
mvola,tx-001659,user1659,user0647,28576,0,1790877442931862700
orange,tx-001660,user1660,user0068,39720,0,1790877442939862700
airtel,tx-001661,user1661,user1081,6003,0,1790877442947862700
mvola,tx-001662,user1662,user1445,12179,0,1790877442955862700
orange,tx-001663,user1663,user1815,20274,0,1790877442963862700
airtel,tx-001664,user1664,user0412,29296,0,1790877442971862700
mvola,tx-001665,user1665,user1516,47310,0,1790877442979862700
orange,tx-001666,user1666,user1380,9035,0,1790877442987862700
airtel,tx-001667,user1667,user0748,41470,0,1790877442995862700
mvola,tx-001668,user1668,user0538,16939,0,1790877443003862700
orange,tx-001669,user1669,user0021,20644,0,1790877443011862700
airtel,tx-001670,user1670,user0757,25230,0,1790877443019862700
mvola,tx-001671,user1671,user0497,21409,0,1790877443027862700
orange,tx-001672,user1672,user0236,19478,0,1790877443035862700
airtel,tx-001673,user1673,user1497,21056,0,1790877443043862700
mvola,tx-001674,user1674,user1466,6646,0,1790877443051862700
orange,tx-001675,user1675,user1001,23896,0,1790877443059862700
airtel,tx-001676,user1676,user0663,7904,0,1790877443067862700
mvola,tx-001677,user1677,user0607,45395,0,1790877443075862700
orange,tx-001678,user1678,user0931,36395,0,1790877443083862700
airtel,tx-001679,user1679,user1946,40358,0,1790877443091862700
mvola,tx-001680,user1680,user0829,21336,0,1790877443099862700
orange,tx-001681,user1681,user0216,28231,0,1790877443107862700
airtel,tx-001682,user1682,user1135,47117,0,1790877443115862700
mvola,tx-001683,user1683,user0624,33582,0,1790877443123862700
orange,tx-001684,user1684,user1979,43786,0,1790877443131862700
airtel,tx-001685,user1685,user1929,18618,0,1790877443139862700
mvola,tx-001686,user1686,user1450,47018,0,1790877443147862700
orange,tx-001687,user1687,user1593,49542,0,1790877443155862700
airtel,tx-001688,user1688,user1914,36628,0,1790877443163862700
mvola,tx-001689,user1689,user1100,29931,0,1790877443171862700
orange,tx-001690,user1690,user1723,4415,0,1790877443179862700
airtel,tx-001691,user1691,user1993,37341,0,1790877443187862700
mvola,tx-001692,user1692,user1587,34055,0,1790877443195862700
orange,tx-001693,user1693,user0221,44593,0,1790877443203862700
airtel,tx-001694,user1694,user0010,2246,0,1790877443211862700
mvola,tx-001695,user1695,user0583,36347,0,1790877443219862700
orange,tx-001696,user1696,user1431,39891,0,1790877443227862700
airtel,tx-001697,user1697,user0072,47461,0,1790877443235862700
mvola,tx-001698,user1698,user0474,29927,0,1790877443243862700
orange,tx-001699,user1699,user1908,5212,0,1790877443251862700
airtel,tx-001700,user1700,user1380,12971,0,1790877443259862700
mvola,tx-001701,user1701,user0220,28057,0,1790877443267862700
orange,tx-001702,user1702,user0546,21856,0,1790877443275862700
airtel,tx-001703,user1703,user0538,1822,0,1790877443283862700
mvola,tx-001704,user1704,user1882,14404,0,1790877443291862700
orange,tx-001705,user1705,user1645,41166,0,1790877443299862700
airtel,tx-001706,user1706,user0248,34874,0,1790877443307862700
mvola,tx-001707,user1707,user0925,16774,0,1790877443315862700
orange,tx-001708,user1708,user1018,18077,0,1790877443323862700
airtel,tx-001709,user1709,user1833,45474,0,1790877443331862700
mvola,tx-001710,user1710,user0897,31437,0,1790877443339862700
orange,tx-001711,user1711,user1515,47795,0,1790877443347862700
airtel,tx-001712,user1712,user0407,12680,0,1790877443355862700
mvola,tx-001713,user1713,user1611,4953,0,1790877443363862700
orange,tx-001714,user1714,user1322,17008,0,1790877443371862700
airtel,tx-001715,user1715,user0230,20529,0,1790877443379862700
mvola,tx-001716,user1716,user1524,29931,0,1790877443387862700
orange,tx-001717,user1717,user1876,20494,0,1790877443395862700
airtel,tx-001718,user1718,user1242,12129,0,1790877443403862700
mvola,tx-001719,user1719,user1052,44041,0,1790877443411862700
orange,tx-001720,user1720,user1357,25885,0,1790877443419862700
airtel,tx-001721,user1721,user0366,49363,0,1790877443427862700
mvola,tx-001722,user1722,user0713,2383,0,1790877443435862700
orange,tx-001723,user1723,user1848,15846,0,1790877443443862700
airtel,tx-001724,user1724,user0933,21833,0,1790877443451862700
mvola,tx-001725,user1725,user1474,25281,0,1790877443459862700
orange,tx-001726,user1726,user0703,29329,0,1790877443467862700
airtel,tx-001727,user1727,user1035,39208,0,1790877443475862700
mvola,tx-001728,user1728,user0781,12291,0,1790877443483862700
orange,tx-001729,user1729,user0365,25750,0,1790877443491862700
airtel,tx-001730,user1730,user1980,22702,0,1790877443499862700
mvola,tx-001731,user1731,user1735,5364,0,1790877443507862700
orange,tx-001732,user1732,user1107,935,0,1790877443515862700
airtel,tx-001733,user1733,user0974,32398,0,1790877443523862700
mvola,tx-001734,user1734,user1675,21033,0,1790877443531862700
orange,tx-001735,user1735,user0710,27301,0,1790877443539862700
airtel,tx-001736,user1736,user0453,48559,0,1790877443547862700
mvola,tx-001737,user1737,user0114,540,0,1790877443555862700
orange,tx-001738,user1738,user0655,44324,0,1790877443563862700
airtel,tx-001739,user1739,user1375,36385,0,1790877443571862700
mvola,tx-001740,user1740,user0529,40150,0,1790877443579862700
orange,tx-001741,user1741,user0407,46186,0,1790877443587862700
airtel,tx-001742,user1742,user0311,2533,0,1790877443595862700
mvola,tx-001743,user1743,user0680,36079,0,1790877443603862700
orange,tx-001744,user1744,user1920,28621,0,1790877443611862700
airtel,tx-001745,user1745,user0986,45324,0,1790877443619862700
mvola,tx-001746,user1746,user0677,13158,0,1790877443627862700
orange,tx-001747,user1747,user1668,8413,0,1790877443635862700
airtel,tx-001748,user1748,user1093,9569,0,1790877443643862700
mvola,tx-001749,user1749,user1813,17156,0,1790877443651862700
orange,tx-001750,user1750,user0691,1361,0,1790877443659862700
airtel,tx-001751,user1751,user0580,29219,0,1790877443667862700
mvola,tx-001752,user1752,user0639,25914,0,1790877443675862700
orange,tx-001753,user1753,user0862,19898,0,1790877443683862700
airtel,tx-001754,user1754,user0113,30432,0,1790877443691862700
mvola,tx-001755,user1755,user1318,26480,0,1790877443699862700
orange,tx-001756,user1756,user0346,8861,0,1790877443707862700
airtel,tx-001757,user1757,user1973,29186,0,1790877443715862700
mvola,tx-001758,user1758,user1417,40603,0,1790877443723862700
orange,tx-001759,user1759,user0555,34098,0,1790877443731862700
airtel,tx-001760,user1760,user0787,7671,0,1790877443739862700
mvola,tx-001761,user1761,user1386,15324,0,1790877443747862700
orange,tx-001762,user1762,user1470,11247,0,1790877443755862700
airtel,tx-001763,user1763,user1318,37551,0,1790877443763862700
mvola,tx-001764,user1764,user0510,39997,0,1790877443771862700
orange,tx-001765,user1765,user0589,15026,0,1790877443779862700
airtel,tx-001766,user1766,user1977,31424,0,1790877443787862700
mvola,tx-001767,user1767,user1730,17495,0,1790877443795862700
orange,tx-001768,user1768,user0494,32479,0,1790877443803862700
airtel,tx-001769,user1769,user1805,9976,0,1790877443811862700
mvola,tx-001770,user1770,user0074,29254,0,1790877443819862700
orange,tx-001771,user1771,user0213,27551,0,1790877443827862700
airtel,tx-001772,user1772,user0081,38492,0,1790877443835862700
mvola,tx-001773,user1773,user1249,9628,0,1790877443843862700
orange,tx-001774,user1774,user1386,39442,0,1790877443851862700
airtel,tx-001775,user1775,user0353,12189,0,1790877443859862700
mvola,tx-001776,user1776,user1007,3566,0,1790877443867862700
orange,tx-001777,user1777,user0882,22646,0,1790877443875862700
airtel,tx-001778,user1778,user1289,22596,0,1790877443883862700
mvola,tx-001779,user1779,user0361,27333,0,1790877443891862700
orange,tx-001780,user1780,user1645,40213,0,1790877443899862700
airtel,tx-001781,user1781,user0172,38935,0,1790877443907862700
mvola,tx-001782,user1782,user0179,20723,0,1790877443915862700
orange,tx-001783,user1783,user0128,41535,0,1790877443923862700
airtel,tx-001784,user1784,user1865,48254,0,1790877443931862700
mvola,tx-001785,user1785,user1034,29433,0,1790877443939862700
orange,tx-001786,user1786,user1903,3987,0,1790877443947862700
airtel,tx-001787,user1787,user1066,18980,0,1790877443955862700
mvola,tx-001788,user1788,user1624,45513,0,1790877443963862700
orange,tx-001789,user1789,user1813,10797,0,1790877443971862700
airtel,tx-001790,user1790,user0426,30170,0,1790877443979862700
mvola,tx-001791,user1791,user1589,12337,0,1790877443987862700
orange,tx-001792,user1792,user1441,11104,0,1790877443995862700
airtel,tx-001793,user1793,user0357,11142,0,1790877444003862700
mvola,tx-001794,user1794,user1206,4703,0,1790877444011862700
orange,tx-001795,user1795,user0281,41210,0,1790877444019862700
airtel,tx-001796,user1796,user1182,2104,0,1790877444027862700
mvola,tx-001797,user1797,user0373,18316,0,1790877444035862700
orange,tx-001798,user1798,user0493,19171,0,1790877444043862700
airtel,tx-001799,user1799,user0107,41376,0,1790877444051862700
mvola,tx-001800,user1800,user0363,24414,0,1790877444059862700
orange,tx-001801,user1801,user1573,31658,0,1790877444067862700
airtel,tx-001802,user1802,user1521,33923,0,1790877444075862700
mvola,tx-001803,user1803,user0043,28899,0,1790877444083862700
orange,tx-001804,user1804,user1253,27634,0,1790877444091862700
airtel,tx-001805,user1805,user0838,36770,0,1790877444099862700
mvola,tx-001806,user1806,user1682,32300,0,1790877444107862700
orange,tx-001807,user1807,user1617,7395,0,1790877444115862700
airtel,tx-001808,user1808,user0345,20174,0,1790877444123862700
mvola,tx-001809,user1809,user1443,35105,0,1790877444131862700
orange,tx-001810,user1810,user1885,17278,0,1790877444139862700
airtel,tx-001811,user1811,user0599,9570,0,1790877444147862700
mvola,tx-001812,user1812,user0042,41823,0,1790877444155862700
orange,tx-001813,user1813,user0081,46363,0,1790877444163862700
airtel,tx-001814,user1814,user0589,6733,0,1790877444171862700
mvola,tx-001815,user1815,user1624,3486,0,1790877444179862700
orange,tx-001816,user1816,user0423,10734,0,1790877444187862700
airtel,tx-001817,user1817,user1671,26166,0,1790877444195862700
mvola,tx-001818,user1818,user1471,7730,0,1790877444203862700
orange,tx-001819,user1819,user0513,8516,0,1790877444211862700
airtel,tx-001820,user1820,user1013,5015,0,1790877444219862700
mvola,tx-001821,user1821,user0570,6112,0,1790877444227862700
orange,tx-001822,user1822,user0900,20431,0,1790877444235862700
airtel,tx-001823,user1823,user0052,47800,0,1790877444243862700
mvola,tx-001824,user1824,user1717,18862,0,1790877444251862700
orange,tx-001825,user1825,user1459,30284,0,1790877444259862700
airtel,tx-001826,user1826,user0232,12221,0,1790877444267862700
mvola,tx-001827,user1827,user0809,16360,0,1790877444275862700
orange,tx-001828,user1828,user1813,47264,0,1790877444283862700
airtel,tx-001829,user1829,user1525,19651,0,1790877444291862700
mvola,tx-001830,user1830,user0924,35502,0,1790877444299862700
orange,tx-001831,user1831,user0900,27341,0,1790877444307862700
airtel,tx-001832,user1832,user0431,19501,0,1790877444315862700
mvola,tx-001833,user1833,user1070,36113,0,1790877444323862700
orange,tx-001834,user1834,user1553,45837,0,1790877444331862700
airtel,tx-001835,user1835,user0604,7507,0,1790877444339862700
mvola,tx-001836,user1836,user0414,30917,0,1790877444347862700
orange,tx-001837,user1837,user1993,589,0,1790877444355862700
airtel,tx-001838,user1838,user1714,43791,0,1790877444363862700
mvola,tx-001839,user1839,user1208,44637,0,1790877444371862700
orange,tx-001840,user1840,user0888,13827,0,1790877444379862700
airtel,tx-001841,user1841,user0341,10757,0,1790877444387862700
mvola,tx-001842,user1842,user0004,37006,0,1790877444395862700
orange,tx-001843,user1843,user1456,17431,0,1790877444403862700
airtel,tx-001844,user1844,user1530,28956,0,1790877444411862700
mvola,tx-001845,user1845,user1149,18669,0,1790877444419862700
orange,tx-001846,user1846,user1393,22444,0,1790877444427862700
airtel,tx-001847,user1847,user1127,203,0,1790877444435862700
mvola,tx-001848,user1848,user0771,35795,0,1790877444443862700
orange,tx-001849,user1849,user0118,39903,0,1790877444451862700
airtel,tx-001850,user1850,user0872,22634,0,1790877444459862700
mvola,tx-001851,user1851,user1919,46901,0,1790877444467862700
orange,tx-001852,user1852,user1225,12822,0,1790877444475862700
airtel,tx-001853,user1853,user0296,35103,0,1790877444483862700
mvola,tx-001854,user1854,user1997,24840,0,1790877444491862700
orange,tx-001855,user1855,user1753,13306,0,1790877444499862700
airtel,tx-001856,user1856,user0086,33517,0,1790877444507862700
mvola,tx-001857,user1857,user1110,5527,0,1790877444515862700
orange,tx-001858,user1858,user0245,27367,0,1790877444523862700
airtel,tx-001859,user1859,user1169,41337,0,1790877444531862700
mvola,tx-001860,user1860,user1966,20186,0,1790877444539862700
orange,tx-001861,user1861,user0393,7672,0,1790877444547862700
airtel,tx-001862,user1862,user1826,45406,0,1790877444555862700
mvola,tx-001863,user1863,user1009,32789,0,1790877444563862700
orange,tx-001864,user1864,user1579,11201,0,1790877444571862700
airtel,tx-001865,user1865,user0809,25234,0,1790877444579862700
mvola,tx-001866,user1866,user1036,26074,0,1790877444587862700
orange,tx-001867,user1867,user0870,46553,0,1790877444595862700
airtel,tx-001868,user1868,user0438,27184,0,1790877444603862700
mvola,tx-001869,user1869,user0860,22147,0,1790877444611862700
orange,tx-001870,user1870,user0112,41362,0,1790877444619862700
airtel,tx-001871,user1871,user1837,36551,0,1790877444627862700
mvola,tx-001872,user1872,user0509,308,0,1790877444635862700
orange,tx-001873,user1873,user0979,38093,0,1790877444643862700
airtel,tx-001874,user1874,user0102,16215,0,1790877444651862700
mvola,tx-001875,user1875,user1414,31616,0,1790877444659862700
orange,tx-001876,user1876,user1911,33179,0,1790877444667862700
airtel,tx-001877,user1877,user0524,28649,0,1790877444675862700
mvola,tx-001878,user1878,user1020,38829,0,1790877444683862700
orange,tx-001879,user1879,user1472,45163,0,1790877444691862700
airtel,tx-001880,user1880,user1438,36218,0,1790877444699862700
mvola,tx-001881,user1881,user0593,43032,0,1790877444707862700
orange,tx-001882,user1882,user0850,40005,0,1790877444715862700
airtel,tx-001883,user1883,user0885,44390,0,1790877444723862700
mvola,tx-001884,user1884,user1646,4230,0,1790877444731862700
orange,tx-001885,user1885,user0718,24565,0,1790877444739862700
airtel,tx-001886,user1886,user0545,14479,0,1790877444747862700
mvola,tx-001887,user1887,user1794,14513,0,1790877444755862700
orange,tx-001888,user1888,user0126,27864,0,1790877444763862700
airtel,tx-001889,user1889,user1620,28062,0,1790877444771862700
mvola,tx-001890,user1890,user1334,34289,0,1790877444779862700
orange,tx-001891,user1891,user0564,11957,0,1790877444787862700
airtel,tx-001892,user1892,user0593,23019,0,1790877444795862700
mvola,tx-001893,user1893,user1568,16582,0,1790877444803862700
orange,tx-001894,user1894,user1394,2383,0,1790877444811862700
airtel,tx-001895,user1895,user1566,33512,0,1790877444819862700
mvola,tx-001896,user1896,user1150,49411,0,1790877444827862700
orange,tx-001897,user1897,user0540,4095,0,1790877444835862700
airtel,tx-001898,user1898,user1096,1502,0,1790877444843862700
mvola,tx-001899,user1899,user0139,22356,0,1790877444851862700
orange,tx-001900,user1900,user0497,38253,0,1790877444859862700
airtel,tx-001901,user1901,user1521,33850,0,1790877444867862700
mvola,tx-001902,user1902,user0161,13595,0,1790877444875862700
orange,tx-001903,user1903,user1433,2775,0,1790877444883862700
airtel,tx-001904,user1904,user0265,46851,0,1790877444891862700
mvola,tx-001905,user1905,user1988,22588,0,1790877444899862700
orange,tx-001906,user1906,user0234,430,0,1790877444907862700
airtel,tx-001907,user1907,user1246,5332,0,1790877444915862700
mvola,tx-001908,user1908,user0627,9696,0,1790877444923862700
orange,tx-001909,user1909,user0351,7030,0,1790877444931862700
airtel,tx-001910,user1910,user1265,19629,0,1790877444939862700
mvola,tx-001911,user1911,user0368,15329,0,1790877444947862700
orange,tx-001912,user1912,user1458,26681,0,1790877444955862700
airtel,tx-001913,user1913,user0682,43290,0,1790877444963862700
mvola,tx-001914,user1914,user0540,38466,0,1790877444971862700
orange,tx-001915,user1915,user0497,5613,0,1790877444979862700
airtel,tx-001916,user1916,user0893,6574,0,1790877444987862700
mvola,tx-001917,user1917,user1272,36458,0,1790877444995862700
orange,tx-001918,user1918,user0739,15672,0,1790877445003862700
airtel,tx-001919,user1919,user0877,740,0,1790877445011862700
mvola,tx-001920,user1920,user0009,46750,0,1790877445019862700
orange,tx-001921,user1921,user0417,22656,0,1790877445027862700
airtel,tx-001922,user1922,user1094,40727,0,1790877445035862700
mvola,tx-001923,user1923,user0920,7990,0,1790877445043862700
orange,tx-001924,user1924,user1809,21709,0,1790877445051862700
airtel,tx-001925,user1925,user1718,16491,0,1790877445059862700
mvola,tx-001926,user1926,user1946,37489,0,1790877445067862700
orange,tx-001927,user1927,user0573,29268,0,1790877445075862700
airtel,tx-001928,user1928,user0301,37651,0,1790877445083862700
mvola,tx-001929,user1929,user0099,24380,0,1790877445091862700
orange,tx-001930,user1930,user0560,1365,0,1790877445099862700
airtel,tx-001931,user1931,user1076,8113,0,1790877445107862700
mvola,tx-001932,user1932,user1415,5161,0,1790877445115862700
orange,tx-001933,user1933,user1750,40777,0,1790877445123862700
airtel,tx-001934,user1934,user0634,49389,0,1790877445131862700
mvola,tx-001935,user1935,user0931,18869,0,1790877445139862700
orange,tx-001936,user1936,user1543,26917,0,1790877445147862700
airtel,tx-001937,user1937,user1685,23336,0,1790877445155862700
mvola,tx-001938,user1938,user0454,12053,0,1790877445163862700
orange,tx-001939,user1939,user0685,22881,0,1790877445171862700
airtel,tx-001940,user1940,user1770,5447,0,1790877445179862700
mvola,tx-001941,user1941,user1104,6188,0,1790877445187862700
orange,tx-001942,user1942,user0219,36148,0,1790877445195862700
airtel,tx-001943,user1943,user1415,19477,0,1790877445203862700
mvola,tx-001944,user1944,user0822,9529,0,1790877445211862700
orange,tx-001945,user1945,user1603,1945,0,1790877445219862700
airtel,tx-001946,user1946,user1539,17483,0,1790877445227862700
mvola,tx-001947,user1947,user0372,42196,0,1790877445235862700
orange,tx-001948,user1948,user0503,17568,0,1790877445243862700
airtel,tx-001949,user1949,user0744,4067,0,1790877445251862700
mvola,tx-001950,user1950,user0554,38220,0,1790877445259862700
orange,tx-001951,user1951,user1180,22732,0,1790877445267862700
airtel,tx-001952,user1952,user0400,24630,0,1790877445275862700
mvola,tx-001953,user1953,user1364,31284,0,1790877445283862700
orange,tx-001954,user1954,user0336,28072,0,1790877445291862700
airtel,tx-001955,user1955,user1576,28058,0,1790877445299862700
mvola,tx-001956,user1956,user0059,5348,0,1790877445307862700
orange,tx-001957,user1957,user0417,47575,0,1790877445315862700
airtel,tx-001958,user1958,user0049,7660,0,1790877445323862700
mvola,tx-001959,user1959,user1369,33533,0,1790877445331862700
orange,tx-001960,user1960,user1448,49711,0,1790877445339862700
airtel,tx-001961,user1961,user1516,18127,0,1790877445347862700
mvola,tx-001962,user1962,user0497,929,0,1790877445355862700
orange,tx-001963,user1963,user1532,27279,0,1790877445363862700
airtel,tx-001964,user1964,user1420,37478,0,1790877445371862700
mvola,tx-001965,user1965,user0283,47995,0,1790877445379862700
orange,tx-001966,user1966,user1577,33322,0,1790877445387862700
airtel,tx-001967,user1967,user0937,37492,0,1790877445395862700
mvola,tx-001968,user1968,user1012,5865,0,1790877445403862700
orange,tx-001969,user1969,user1601,32847,0,1790877445411862700
airtel,tx-001970,user1970,user0460,10602,0,1790877445419862700
mvola,tx-001971,user1971,user0998,32101,0,1790877445427862700
orange,tx-001972,user1972,user1762,18195,0,1790877445435862700
airtel,tx-001973,user1973,user1819,49735,0,1790877445443862700
mvola,tx-001974,user1974,user0453,3302,0,1790877445451862700
orange,tx-001975,user1975,user0215,1063,0,1790877445459862700
airtel,tx-001976,user1976,user0083,10396,0,1790877445467862700
mvola,tx-001977,user1977,user1104,18638,0,1790877445475862700
orange,tx-001978,user1978,user1103,40159,0,1790877445483862700
airtel,tx-001979,user1979,user1588,47858,0,1790877445491862700
mvola,tx-001980,user1980,user0651,33472,0,1790877445499862700
orange,tx-001981,user1981,user1116,3238,0,1790877445507862700
airtel,tx-001982,user1982,user0554,6780,0,1790877445515862700
mvola,tx-001983,user1983,user0292,16092,0,1790877445523862700
orange,tx-001984,user1984,user1879,7057,0,1790877445531862700
airtel,tx-001985,user1985,user0173,25839,0,1790877445539862700
mvola,tx-001986,user1986,user0268,25553,0,1790877445547862700
orange,tx-001987,user1987,user0839,33849,0,1790877445555862700
airtel,tx-001988,user1988,user0693,41399,0,1790877445563862700
mvola,tx-001989,user1989,user1174,24255,0,1790877445571862700
orange,tx-001990,user1990,user1334,46199,0,1790877445579862700
airtel,tx-001991,user1991,user0835,3642,0,1790877445587862700
mvola,tx-001992,user1992,user0401,35167,0,1790877445595862700
orange,tx-001993,user1993,user0395,22039,0,1790877445603862700
airtel,tx-001994,user1994,user0009,23585,0,1790877445611862700
mvola,tx-001995,user1995,user1744,30638,0,1790877445619862700
orange,tx-001996,user1996,user0880,40756,0,1790877445627862700
airtel,tx-001997,user1997,user0770,30887,0,1790877445635862700
mvola,tx-001998,user1998,user0305,47555,0,1790877445643862700
orange,tx-001999,user1999,user1233,43261,0,1790877445651862700
mvola,tx-002000,user0000,user0814,44492,0,1790877445659862700
orange,tx-002001,user0001,user0761,6951,0,1790877445667862700
airtel,tx-002002,user0002,user1238,26484,0,1790877445675862700
mvola,tx-002003,user0003,user0725,1244,0,1790877445683862700
orange,tx-002004,user0004,user0342,40202,0,1790877445691862700
airtel,tx-002005,user0005,user0504,41958,0,1790877445699862700
mvola,tx-002006,user0006,user1536,49159,0,1790877445707862700
orange,tx-002007,user0007,user0756,33303,0,1790877445715862700
airtel,tx-002008,user0008,user0226,23871,0,1790877445723862700
mvola,tx-002009,user0009,user0767,38055,0,1790877445731862700
orange,tx-002010,user0010,user1690,24879,0,1790877445739862700
airtel,tx-002011,user0011,user1094,33679,0,1790877445747862700
mvola,tx-002012,user0012,user1254,30333,0,1790877445755862700
orange,tx-002013,user0013,user0187,49744,0,1790877445763862700
airtel,tx-002014,user0014,user0777,41222,0,1790877445771862700
mvola,tx-002015,user0015,user1344,22935,0,1790877445779862700
orange,tx-002016,user0016,user0371,15632,0,1790877445787862700
airtel,tx-002017,user0017,user1341,249,0,1790877445795862700
mvola,tx-002018,user0018,user1534,20268,0,1790877445803862700
orange,tx-002019,user0019,user0822,39032,0,1790877445811862700
airtel,tx-002020,user0020,user1276,9510,0,1790877445819862700
mvola,tx-002021,user0021,user1347,35874,0,1790877445827862700
orange,tx-002022,user0022,user0472,11461,0,1790877445835862700
airtel,tx-002023,user0023,user1451,34449,0,1790877445843862700
mvola,tx-002024,user0024,user1879,16604,0,1790877445851862700
orange,tx-002025,user0025,user1297,2444,0,1790877445859862700
airtel,tx-002026,user0026,user0888,6233,0,1790877445867862700
mvola,tx-002027,user0027,user0690,32882,0,1790877445875862700
orange,tx-002028,user0028,user0900,11950,0,1790877445883862700
airtel,tx-002029,user0029,user1812,13867,0,1790877445891862700
mvola,tx-002030,user0030,user1043,37772,0,1790877445899862700
orange,tx-002031,user0031,user0804,23481,0,1790877445907862700
airtel,tx-002032,user0032,user0162,647,0,1790877445915862700
mvola,tx-002033,user0033,user0398,14915,0,1790877445923862700
orange,tx-002034,user0034,user0019,40173,0,1790877445931862700
airtel,tx-002035,user0035,user1843,26084,0,1790877445939862700
mvola,tx-002036,user0036,user0903,38346,0,1790877445947862700
orange,tx-002037,user0037,user1635,48723,0,1790877445955862700
airtel,tx-002038,user0038,user1396,15848,0,1790877445963862700
mvola,tx-002039,user0039,user0787,31823,0,1790877445971862700
orange,tx-002040,user0040,user0143,12339,0,1790877445979862700
airtel,tx-002041,user0041,user0464,24779,0,1790877445987862700
mvola,tx-002042,user0042,user0667,896,0,1790877445995862700
orange,tx-002043,user0043,user0835,4909,0,1790877446003862700
airtel,tx-002044,user0044,user0083,9275,0,1790877446011862700
mvola,tx-002045,user0045,user1315,21435,0,1790877446019862700
orange,tx-002046,user0046,user1508,32863,0,1790877446027862700
airtel,tx-002047,user0047,user1051,13198,0,1790877446035862700
mvola,tx-002048,user0048,user0106,31988,0,1790877446043862700
orange,tx-002049,user0049,user0849,26097,0,1790877446051862700
airtel,tx-002050,user0050,user0431,15312,0,1790877446059862700
mvola,tx-002051,user0051,user0483,37660,0,1790877446067862700
orange,tx-002052,user0052,user0683,33390,0,1790877446075862700
airtel,tx-002053,user0053,user0672,28658,0,1790877446083862700
mvola,tx-002054,user0054,user1743,24764,0,1790877446091862700
orange,tx-002055,user0055,user0306,39671,0,1790877446099862700
airtel,tx-002056,user0056,user1101,27269,0,1790877446107862700
mvola,tx-002057,user0057,user0041,34872,0,1790877446115862700
orange,tx-002058,user0058,user1659,5730,0,1790877446123862700
airtel,tx-002059,user0059,user1051,44264,0,1790877446131862700
mvola,tx-002060,user0060,user0848,43018,0,1790877446139862700
orange,tx-002061,user0061,user0694,21482,0,1790877446147862700
airtel,tx-002062,user0062,user0539,10136,0,1790877446155862700
mvola,tx-002063,user0063,user1792,8654,0,1790877446163862700
orange,tx-002064,user0064,user0128,5113,0,1790877446171862700
airtel,tx-002065,user0065,user0179,5288,0,1790877446179862700
mvola,tx-002066,user0066,user0416,10569,0,1790877446187862700
orange,tx-002067,user0067,user1610,14331,0,1790877446195862700
airtel,tx-002068,user0068,user0940,15386,0,1790877446203862700
mvola,tx-002069,user0069,user1254,25356,0,1790877446211862700
orange,tx-002070,user0070,user0937,48928,0,1790877446219862700
airtel,tx-002071,user0071,user1201,31516,0,1790877446227862700
mvola,tx-002072,user0072,user0646,40425,0,1790877446235862700
orange,tx-002073,user0073,user1290,43400,0,1790877446243862700
airtel,tx-002074,user0074,user1104,36759,0,1790877446251862700
mvola,tx-002075,user0075,user0926,48367,0,1790877446259862700
orange,tx-002076,user0076,user1575,9967,0,1790877446267862700
airtel,tx-002077,user0077,user0031,34571,0,1790877446275862700
mvola,tx-002078,user0078,user1538,8342,0,1790877446283862700
orange,tx-002079,user0079,user1495,19725,0,1790877446291862700
airtel,tx-002080,user0080,user1127,6323,0,1790877446299862700
mvola,tx-002081,user0081,user0942,23757,0,1790877446307862700
orange,tx-002082,user0082,user1016,28945,0,1790877446315862700
airtel,tx-002083,user0083,user0462,1052,0,1790877446323862700
mvola,tx-002084,user0084,user0655,46618,0,1790877446331862700
orange,tx-002085,user0085,user1542,9776,0,1790877446339862700
airtel,tx-002086,user0086,user0308,35175,0,1790877446347862700
mvola,tx-002087,user0087,user1886,4934,0,1790877446355862700
orange,tx-002088,user0088,user1064,41697,0,1790877446363862700
airtel,tx-002089,user0089,user0972,26787,0,1790877446371862700
mvola,tx-002090,user0090,user0552,30867,0,1790877446379862700
orange,tx-002091,user0091,user1223,6254,0,1790877446387862700
airtel,tx-002092,user0092,user0946,20901,0,1790877446395862700
mvola,tx-002093,user0093,user0298,46972,0,1790877446403862700
orange,tx-002094,user0094,user1498,24144,0,1790877446411862700
airtel,tx-002095,user0095,user1289,20791,0,1790877446419862700
mvola,tx-002096,user0096,user0953,19862,0,1790877446427862700
orange,tx-002097,user0097,user0183,35657,0,1790877446435862700
airtel,tx-002098,user0098,user1140,20922,0,1790877446443862700
mvola,tx-002099,user0099,user1436,33731,0,1790877446451862700
orange,tx-002100,user0100,user1746,6867,0,1790877446459862700
airtel,tx-002101,user0101,user1818,6994,0,1790877446467862700
mvola,tx-002102,user0102,user0499,7529,0,1790877446475862700
orange,tx-002103,user0103,user1806,34636,0,1790877446483862700
airtel,tx-002104,user0104,user1023,44800,0,1790877446491862700
mvola,tx-002105,user0105,user1022,32738,0,1790877446499862700
orange,tx-002106,user0106,user1154,29623,0,1790877446507862700
airtel,tx-002107,user0107,user1388,40803,0,1790877446515862700
mvola,tx-002108,user0108,user1666,12451,0,1790877446523862700
orange,tx-002109,user0109,user0388,31053,0,1790877446531862700
airtel,tx-002110,user0110,user1397,16902,0,1790877446539862700
mvola,tx-002111,user0111,user1690,26870,0,1790877446547862700
orange,tx-002112,user0112,user0802,13312,0,1790877446555862700
airtel,tx-002113,user0113,user0316,49079,0,1790877446563862700
mvola,tx-002114,user0114,user0330,3942,0,1790877446571862700
orange,tx-002115,user0115,user0481,40002,0,1790877446579862700
airtel,tx-002116,user0116,user1135,17230,0,1790877446587862700
mvola,tx-002117,user0117,user0923,26285,0,1790877446595862700
orange,tx-002118,user0118,user1166,28905,0,1790877446603862700
airtel,tx-002119,user0119,user0127,12779,0,1790877446611862700
mvola,tx-002120,user0120,user0875,17468,0,1790877446619862700
orange,tx-002121,user0121,user1970,8551,0,1790877446627862700
airtel,tx-002122,user0122,user0721,20596,0,1790877446635862700
mvola,tx-002123,user0123,user0564,5282,0,1790877446643862700
orange,tx-002124,user0124,user1111,3053,0,1790877446651862700
airtel,tx-002125,user0125,user0939,48263,0,1790877446659862700
mvola,tx-002126,user0126,user1651,26827,0,1790877446667862700
orange,tx-002127,user0127,user1205,39286,0,1790877446675862700
airtel,tx-002128,user0128,user0552,12052,0,1790877446683862700
mvola,tx-002129,user0129,user0760,39313,0,1790877446691862700
orange,tx-002130,user0130,user0797,4828,0,1790877446699862700
airtel,tx-002131,user0131,user1755,30470,0,1790877446707862700
mvola,tx-002132,user0132,user0608,27358,0,1790877446715862700
orange,tx-002133,user0133,user1789,47257,0,1790877446723862700
airtel,tx-002134,user0134,user1348,28994,0,1790877446731862700
mvola,tx-002135,user0135,user0963,44206,0,1790877446739862700
orange,tx-002136,user0136,user1558,14764,0,1790877446747862700
airtel,tx-002137,user0137,user0341,7437,0,1790877446755862700
mvola,tx-002138,user0138,user0843,22167,0,1790877446763862700
orange,tx-002139,user0139,user0014,6495,0,1790877446771862700
airtel,tx-002140,user0140,user1991,31491,0,1790877446779862700
mvola,tx-002141,user0141,user0450,25587,0,1790877446787862700
orange,tx-002142,user0142,user0496,1370,0,1790877446795862700
airtel,tx-002143,user0143,user0030,19644,0,1790877446803862700
mvola,tx-002144,user0144,user1281,42397,0,1790877446811862700
orange,tx-002145,user0145,user1462,27768,0,1790877446819862700
airtel,tx-002146,user0146,user0862,41071,0,1790877446827862700
mvola,tx-002147,user0147,user0135,9398,0,1790877446835862700
orange,tx-002148,user0148,user1154,10024,0,1790877446843862700
airtel,tx-002149,user0149,user0541,38855,0,1790877446851862700
mvola,tx-002150,user0150,user0477,48833,0,1790877446859862700
orange,tx-002151,user0151,user0231,42104,0,1790877446867862700
airtel,tx-002152,user0152,user1588,28168,0,1790877446875862700
mvola,tx-002153,user0153,user1736,2589,0,1790877446883862700
orange,tx-002154,user0154,user1770,3566,0,1790877446891862700
airtel,tx-002155,user0155,user0400,27305,0,1790877446899862700
mvola,tx-002156,user0156,user1572,7365,0,1790877446907862700
orange,tx-002157,user0157,user1697,23466,0,1790877446915862700
airtel,tx-002158,user0158,user0225,24667,0,1790877446923862700
mvola,tx-002159,user0159,user1890,17967,0,1790877446931862700
orange,tx-002160,user0160,user0989,34783,0,1790877446939862700
airtel,tx-002161,user0161,user1542,29712,0,1790877446947862700
mvola,tx-002162,user0162,user0057,47471,0,1790877446955862700
orange,tx-002163,user0163,user0657,15820,0,1790877446963862700
airtel,tx-002164,user0164,user1645,19522,0,1790877446971862700
mvola,tx-002165,user0165,user1990,22025,0,1790877446979862700
orange,tx-002166,user0166,user0052,33314,0,1790877446987862700
airtel,tx-002167,user0167,user0383,34582,0,1790877446995862700
mvola,tx-002168,user0168,user0972,38534,0,1790877447003862700
orange,tx-002169,user0169,user1434,3742,0,1790877447011862700
airtel,tx-002170,user0170,user0889,36727,0,1790877447019862700
mvola,tx-002171,user0171,user0281,3269,0,1790877447027862700
orange,tx-002172,user0172,user0116,23246,0,1790877447035862700
airtel,tx-002173,user0173,user0100,40085,0,1790877447043862700
mvola,tx-002174,user0174,user1586,2400,0,1790877447051862700
orange,tx-002175,user0175,user1297,32032,0,1790877447059862700
airtel,tx-002176,user0176,user1122,432,0,1790877447067862700
mvola,tx-002177,user0177,user0566,40895,0,1790877447075862700
orange,tx-002178,user0178,user0082,32413,0,1790877447083862700
airtel,tx-002179,user0179,user0747,37989,0,1790877447091862700
mvola,tx-002180,user0180,user0607,677,0,1790877447099862700
orange,tx-002181,user0181,user0336,23016,0,1790877447107862700
airtel,tx-002182,user0182,user1333,40779,0,1790877447115862700
mvola,tx-002183,user0183,user0841,49316,0,1790877447123862700
orange,tx-002184,user0184,user1051,37773,0,1790877447131862700
airtel,tx-002185,user0185,user0051,28854,0,1790877447139862700
mvola,tx-002186,user0186,user1668,9702,0,1790877447147862700
orange,tx-002187,user0187,user0481,41791,0,1790877447155862700
airtel,tx-002188,user0188,user1401,20708,0,1790877447163862700
mvola,tx-002189,user0189,user1218,43038,0,1790877447171862700
orange,tx-002190,user0190,user1890,2030,0,1790877447179862700
airtel,tx-002191,user0191,user0784,30287,0,1790877447187862700
mvola,tx-002192,user0192,user1073,5331,0,1790877447195862700
orange,tx-002193,user0193,user1375,31913,0,1790877447203862700
airtel,tx-002194,user0194,user0224,17588,0,1790877447211862700
mvola,tx-002195,user0195,user1997,17283,0,1790877447219862700
orange,tx-002196,user0196,user0769,22352,0,1790877447227862700
airtel,tx-002197,user0197,user0089,23766,0,1790877447235862700
mvola,tx-002198,user0198,user0105,43549,0,1790877447243862700
orange,tx-002199,user0199,user0942,8065,0,1790877447251862700
airtel,tx-002200,user0200,user1021,9108,0,1790877447259862700
mvola,tx-002201,user0201,user1628,6690,0,1790877447267862700
orange,tx-002202,user0202,user0556,45578,0,1790877447275862700
airtel,tx-002203,user0203,user0459,2584,0,1790877447283862700
mvola,tx-002204,user0204,user0813,11988,0,1790877447291862700
orange,tx-002205,user0205,user1415,38851,0,1790877447299862700
airtel,tx-002206,user0206,user0723,14456,0,1790877447307862700
mvola,tx-002207,user0207,user1467,28368,0,1790877447315862700
orange,tx-002208,user0208,user0986,25765,0,1790877447323862700
airtel,tx-002209,user0209,user1524,43731,0,1790877447331862700
mvola,tx-002210,user0210,user0702,4844,0,1790877447339862700
orange,tx-002211,user0211,user1554,8064,0,1790877447347862700
airtel,tx-002212,user0212,user0278,29649,0,1790877447355862700
mvola,tx-002213,user0213,user1296,4201,0,1790877447363862700
orange,tx-002214,user0214,user1906,23572,0,1790877447371862700
airtel,tx-002215,user0215,user0954,46307,0,1790877447379862700
mvola,tx-002216,user0216,user0161,49513,0,1790877447387862700
orange,tx-002217,user0217,user1835,24975,0,1790877447395862700
airtel,tx-002218,user0218,user1866,34459,0,1790877447403862700
mvola,tx-002219,user0219,user1707,7527,0,1790877447411862700
orange,tx-002220,user0220,user0280,45829,0,1790877447419862700
airtel,tx-002221,user0221,user0633,38100,0,1790877447427862700
mvola,tx-002222,user0222,user1537,48568,0,1790877447435862700
orange,tx-002223,user0223,user0248,14436,0,1790877447443862700
airtel,tx-002224,user0224,user1482,14354,0,1790877447451862700
mvola,tx-002225,user0225,user0418,30267,0,1790877447459862700
orange,tx-002226,user0226,user1824,1610,0,1790877447467862700
airtel,tx-002227,user0227,user1033,27864,0,1790877447475862700
mvola,tx-002228,user0228,user0665,144,0,1790877447483862700
orange,tx-002229,user0229,user0244,34462,0,1790877447491862700
airtel,tx-002230,user0230,user0423,3413,0,1790877447499862700
mvola,tx-002231,user0231,user1591,8443,0,1790877447507862700
orange,tx-002232,user0232,user1052,44143,0,1790877447515862700
airtel,tx-002233,user0233,user0744,36923,0,1790877447523862700
mvola,tx-002234,user0234,user0568,41687,0,1790877447531862700
orange,tx-002235,user0235,user1203,1644,0,1790877447539862700
airtel,tx-002236,user0236,user1848,47544,0,1790877447547862700
mvola,tx-002237,user0237,user0805,6384,0,1790877447555862700
orange,tx-002238,user0238,user1782,39050,0,1790877447563862700
airtel,tx-002239,user0239,user1702,11553,0,1790877447571862700
mvola,tx-002240,user0240,user0708,30889,0,1790877447579862700
orange,tx-002241,user0241,user1476,44691,0,1790877447587862700
airtel,tx-002242,user0242,user1840,2505,0,1790877447595862700
mvola,tx-002243,user0243,user1510,46150,0,1790877447603862700
orange,tx-002244,user0244,user1123,31292,0,1790877447611862700
airtel,tx-002245,user0245,user0607,17201,0,1790877447619862700
mvola,tx-002246,user0246,user0813,49031,0,1790877447627862700
orange,tx-002247,user0247,user0864,49051,0,1790877447635862700
airtel,tx-002248,user0248,user0758,27910,0,1790877447643862700
mvola,tx-002249,user0249,user0208,16563,0,1790877447651862700
orange,tx-002250,user0250,user0703,8890,0,1790877447659862700
airtel,tx-002251,user0251,user1336,20323,0,1790877447667862700
mvola,tx-002252,user0252,user0231,33949,0,1790877447675862700
orange,tx-002253,user0253,user1829,27258,0,1790877447683862700
airtel,tx-002254,user0254,user0699,14390,0,1790877447691862700
mvola,tx-002255,user0255,user0879,162,0,1790877447699862700
orange,tx-002256,user0256,user0591,48652,0,1790877447707862700
airtel,tx-002257,user0257,user0307,49276,0,1790877447715862700
mvola,tx-002258,user0258,user0298,11406,0,1790877447723862700
orange,tx-002259,user0259,user0624,10531,0,1790877447731862700
airtel,tx-002260,user0260,user1529,13381,0,1790877447739862700
mvola,tx-002261,user0261,user0988,5924,0,1790877447747862700
orange,tx-002262,user0262,user1021,23112,0,1790877447755862700
airtel,tx-002263,user0263,user1006,38998,0,1790877447763862700
mvola,tx-002264,user0264,user0420,42832,0,1790877447771862700
orange,tx-002265,user0265,user1610,2995,0,1790877447779862700
airtel,tx-002266,user0266,user0681,44760,0,1790877447787862700
mvola,tx-002267,user0267,user1175,17949,0,1790877447795862700
orange,tx-002268,user0268,user1244,38106,0,1790877447803862700
airtel,tx-002269,user0269,user1718,43331,0,1790877447811862700
mvola,tx-002270,user0270,user0286,16486,0,1790877447819862700
orange,tx-002271,user0271,user1976,12823,0,1790877447827862700
airtel,tx-002272,user0272,user1159,10364,0,1790877447835862700
mvola,tx-002273,user0273,user0801,17939,0,1790877447843862700
orange,tx-002274,user0274,user0194,17020,0,1790877447851862700
airtel,tx-002275,user0275,user0128,24591,0,1790877447859862700
mvola,tx-002276,user0276,user0163,31226,0,1790877447867862700
orange,tx-002277,user0277,user0903,28790,0,1790877447875862700
airtel,tx-002278,user0278,user1064,15085,0,1790877447883862700
mvola,tx-002279,user0279,user0114,42692,0,1790877447891862700
orange,tx-002280,user0280,user0386,11035,0,1790877447899862700
airtel,tx-002281,user0281,user0917,30680,0,1790877447907862700
mvola,tx-002282,user0282,user0450,38929,0,1790877447915862700
orange,tx-002283,user0283,user1139,42770,0,1790877447923862700
airtel,tx-002284,user0284,user0623,25915,0,1790877447931862700
mvola,tx-002285,user0285,user1096,8388,0,1790877447939862700
orange,tx-002286,user0286,user0769,14925,0,1790877447947862700
airtel,tx-002287,user0287,user0463,11913,0,1790877447955862700
mvola,tx-002288,user0288,user1761,4008,0,1790877447963862700
orange,tx-002289,user0289,user0004,40795,0,1790877447971862700
airtel,tx-002290,user0290,user0610,37315,0,1790877447979862700
mvola,tx-002291,user0291,user0848,18704,0,1790877447987862700
orange,tx-002292,user0292,user0191,5155,0,1790877447995862700
airtel,tx-002293,user0293,user1701,32523,0,1790877448003862700
mvola,tx-002294,user0294,user1554,24040,0,1790877448011862700
orange,tx-002295,user0295,user0421,17993,0,1790877448019862700
airtel,tx-002296,user0296,user0379,6729,0,1790877448027862700
mvola,tx-002297,user0297,user0473,19575,0,1790877448035862700
orange,tx-002298,user0298,user1916,43881,0,1790877448043862700
airtel,tx-002299,user0299,user1052,31613,0,1790877448051862700
mvola,tx-002300,user0300,user0792,12696,0,1790877448059862700
orange,tx-002301,user0301,user1230,43753,0,1790877448067862700
airtel,tx-002302,user0302,user0347,9052,0,1790877448075862700
mvola,tx-002303,user0303,user1549,7644,0,1790877448083862700
orange,tx-002304,user0304,user0796,29987,0,1790877448091862700
airtel,tx-002305,user0305,user0581,2508,0,1790877448099862700
mvola,tx-002306,user0306,user0552,12631,0,1790877448107862700
orange,tx-002307,user0307,user0663,1492,0,1790877448115862700
airtel,tx-002308,user0308,user0602,34840,0,1790877448123862700
mvola,tx-002309,user0309,user0521,27375,0,1790877448131862700
orange,tx-002310,user0310,user0756,1803,0,1790877448139862700
airtel,tx-002311,user0311,user0159,41758,0,1790877448147862700
mvola,tx-002312,user0312,user1399,9652,0,1790877448155862700
orange,tx-002313,user0313,user0437,14454,0,1790877448163862700
airtel,tx-002314,user0314,user0259,37445,0,1790877448171862700
mvola,tx-002315,user0315,user1296,29668,0,1790877448179862700
orange,tx-002316,user0316,user0517,12192,0,1790877448187862700
airtel,tx-002317,user0317,user0993,39581,0,1790877448195862700
mvola,tx-002318,user0318,user1823,39472,0,1790877448203862700
orange,tx-002319,user0319,user1088,9017,0,1790877448211862700
airtel,tx-002320,user0320,user1166,9190,0,1790877448219862700
mvola,tx-002321,user0321,user1988,41220,0,1790877448227862700
orange,tx-002322,user0322,user0477,7984,0,1790877448235862700
airtel,tx-002323,user0323,user1919,8030,0,1790877448243862700
mvola,tx-002324,user0324,user0607,1408,0,1790877448251862700
orange,tx-002325,user0325,user0910,1062,0,1790877448259862700
airtel,tx-002326,user0326,user0281,31168,0,1790877448267862700
mvola,tx-002327,user0327,user1266,25094,0,1790877448275862700
orange,tx-002328,user0328,user1080,6929,0,1790877448283862700
airtel,tx-002329,user0329,user0753,20507,0,1790877448291862700
mvola,tx-002330,user0330,user1631,12758,0,1790877448299862700
orange,tx-002331,user0331,user1636,43527,0,1790877448307862700
airtel,tx-002332,user0332,user1664,3516,0,1790877448315862700
mvola,tx-002333,user0333,user0209,7994,0,1790877448323862700
orange,tx-002334,user0334,user0705,35923,0,1790877448331862700
airtel,tx-002335,user0335,user1328,5205,0,1790877448339862700
mvola,tx-002336,user0336,user0458,36958,0,1790877448347862700
orange,tx-002337,user0337,user0261,1194,0,1790877448355862700
airtel,tx-002338,user0338,user0822,5113,0,1790877448363862700
mvola,tx-002339,user0339,user1088,13055,0,1790877448371862700
orange,tx-002340,user0340,user1524,7482,0,1790877448379862700
airtel,tx-002341,user0341,user0748,35862,0,1790877448387862700
mvola,tx-002342,user0342,user0043,25538,0,1790877448395862700
orange,tx-002343,user0343,user1211,8062,0,1790877448403862700
airtel,tx-002344,user0344,user1030,26198,0,1790877448411862700
mvola,tx-002345,user0345,user1899,40583,0,1790877448419862700
orange,tx-002346,user0346,user0179,17786,0,1790877448427862700
airtel,tx-002347,user0347,user0447,7930,0,1790877448435862700
mvola,tx-002348,user0348,user1665,30341,0,1790877448443862700
orange,tx-002349,user0349,user0462,44594,0,1790877448451862700
airtel,tx-002350,user0350,user0975,15794,0,1790877448459862700
mvola,tx-002351,user0351,user0865,12647,0,1790877448467862700
orange,tx-002352,user0352,user0515,22103,0,1790877448475862700
airtel,tx-002353,user0353,user1258,17873,0,1790877448483862700
mvola,tx-002354,user0354,user1594,39295,0,1790877448491862700
orange,tx-002355,user0355,user0362,16656,0,1790877448499862700
airtel,tx-002356,user0356,user1302,24966,0,1790877448507862700
mvola,tx-002357,user0357,user0444,29497,0,1790877448515862700
orange,tx-002358,user0358,user1174,46857,0,1790877448523862700
airtel,tx-002359,user0359,user1337,48006,0,1790877448531862700
mvola,tx-002360,user0360,user0395,42772,0,1790877448539862700
orange,tx-002361,user0361,user1726,44665,0,1790877448547862700
airtel,tx-002362,user0362,user1914,8183,0,1790877448555862700
mvola,tx-002363,user0363,user1465,19495,0,1790877448563862700
orange,tx-002364,user0364,user1839,28067,0,1790877448571862700
airtel,tx-002365,user0365,user1053,41253,0,1790877448579862700
mvola,tx-002366,user0366,user1257,48199,0,1790877448587862700
orange,tx-002367,user0367,user1323,47937,0,1790877448595862700
airtel,tx-002368,user0368,user1775,8479,0,1790877448603862700
mvola,tx-002369,user0369,user0440,8674,0,1790877448611862700
orange,tx-002370,user0370,user0949,25276,0,1790877448619862700
airtel,tx-002371,user0371,user1185,20806,0,1790877448627862700
mvola,tx-002372,user0372,user0598,46560,0,1790877448635862700
orange,tx-002373,user0373,user0121,1677,0,1790877448643862700
airtel,tx-002374,user0374,user0852,38974,0,1790877448651862700
mvola,tx-002375,user0375,user0251,6960,0,1790877448659862700
orange,tx-002376,user0376,user0731,24802,0,1790877448667862700
airtel,tx-002377,user0377,user1448,41220,0,1790877448675862700
mvola,tx-002378,user0378,user0983,38644,0,1790877448683862700
orange,tx-002379,user0379,user1178,29459,0,1790877448691862700
airtel,tx-002380,user0380,user0823,10282,0,1790877448699862700
mvola,tx-002381,user0381,user1439,5765,0,1790877448707862700
orange,tx-002382,user0382,user1926,22185,0,1790877448715862700
airtel,tx-002383,user0383,user1631,19488,0,1790877448723862700
mvola,tx-002384,user0384,user0052,1921,0,1790877448731862700
orange,tx-002385,user0385,user1032,13955,0,1790877448739862700
airtel,tx-002386,user0386,user0204,48561,0,1790877448747862700
mvola,tx-002387,user0387,user1930,26721,0,1790877448755862700
orange,tx-002388,user0388,user0292,32664,0,1790877448763862700
airtel,tx-002389,user0389,user1418,43759,0,1790877448771862700
mvola,tx-002390,user0390,user0629,18116,0,1790877448779862700
orange,tx-002391,user0391,user1378,13797,0,1790877448787862700
airtel,tx-002392,user0392,user1324,25119,0,1790877448795862700
mvola,tx-002393,user0393,user1780,19758,0,1790877448803862700
orange,tx-002394,user0394,user0330,9962,0,1790877448811862700
airtel,tx-002395,user0395,user0877,44451,0,1790877448819862700
mvola,tx-002396,user0396,user1679,11448,0,1790877448827862700
orange,tx-002397,user0397,user0674,21074,0,1790877448835862700
airtel,tx-002398,user0398,user0102,16580,0,1790877448843862700
mvola,tx-002399,user0399,user0051,49635,0,1790877448851862700
orange,tx-002400,user0400,user0516,24264,0,1790877448859862700
airtel,tx-002401,user0401,user1735,10542,0,1790877448867862700
mvola,tx-002402,user0402,user1649,34093,0,1790877448875862700
orange,tx-002403,user0403,user0147,40948,0,1790877448883862700
airtel,tx-002404,user0404,user0976,13570,0,1790877448891862700
mvola,tx-002405,user0405,user1282,25073,0,1790877448899862700
orange,tx-002406,user0406,user0945,32207,0,1790877448907862700
airtel,tx-002407,user0407,user0246,1839,0,1790877448915862700
mvola,tx-002408,user0408,user0987,24967,0,1790877448923862700
orange,tx-002409,user0409,user0545,30782,0,1790877448931862700
airtel,tx-002410,user0410,user0709,19157,0,1790877448939862700
mvola,tx-002411,user0411,user1709,21698,0,1790877448947862700
orange,tx-002412,user0412,user0666,40081,0,1790877448955862700
airtel,tx-002413,user0413,user1540,45965,0,1790877448963862700
mvola,tx-002414,user0414,user1528,3325,0,1790877448971862700
orange,tx-002415,user0415,user1695,46628,0,1790877448979862700
airtel,tx-002416,user0416,user1052,30893,0,1790877448987862700
mvola,tx-002417,user0417,user1411,31180,0,1790877448995862700
orange,tx-002418,user0418,user0962,1472,0,1790877449003862700
airtel,tx-002419,user0419,user1458,22933,0,1790877449011862700
mvola,tx-002420,user0420,user0390,38677,0,1790877449019862700
orange,tx-002421,user0421,user0707,21128,0,1790877449027862700
airtel,tx-002422,user0422,user0104,35928,0,1790877449035862700
mvola,tx-002423,user0423,user1441,5737,0,1790877449043862700
orange,tx-002424,user0424,user1778,6715,0,1790877449051862700
airtel,tx-002425,user0425,user1168,1409,0,1790877449059862700
mvola,tx-002426,user0426,user1332,9686,0,1790877449067862700
orange,tx-002427,user0427,user0816,36316,0,1790877449075862700
airtel,tx-002428,user0428,user0846,6964,0,1790877449083862700
mvola,tx-002429,user0429,user1675,41719,0,1790877449091862700
orange,tx-002430,user0430,user0845,49788,0,1790877449099862700
airtel,tx-002431,user0431,user0798,49206,0,1790877449107862700
mvola,tx-002432,user0432,user0542,46135,0,1790877449115862700
orange,tx-002433,user0433,user1324,12108,0,1790877449123862700
airtel,tx-002434,user0434,user1888,37544,0,1790877449131862700
mvola,tx-002435,user0435,user1774,25727,0,1790877449139862700
orange,tx-002436,user0436,user0986,40510,0,1790877449147862700
airtel,tx-002437,user0437,user0102,33739,0,1790877449155862700
mvola,tx-002438,user0438,user1715,23488,0,1790877449163862700
orange,tx-002439,user0439,user0754,33412,0,1790877449171862700
airtel,tx-002440,user0440,user0729,26086,0,1790877449179862700
mvola,tx-002441,user0441,user1804,28515,0,1790877449187862700
orange,tx-002442,user0442,user0746,16829,0,1790877449195862700
airtel,tx-002443,user0443,user1484,27643,0,1790877449203862700
mvola,tx-002444,user0444,user1742,46651,0,1790877449211862700
orange,tx-002445,user0445,user0724,31172,0,1790877449219862700
airtel,tx-002446,user0446,user1134,28318,0,1790877449227862700
mvola,tx-002447,user0447,user0940,8405,0,1790877449235862700
orange,tx-002448,user0448,user1267,26680,0,1790877449243862700
airtel,tx-002449,user0449,user1917,27123,0,1790877449251862700
mvola,tx-002450,user0450,user0433,45836,0,1790877449259862700
orange,tx-002451,user0451,user0374,17536,0,1790877449267862700
airtel,tx-002452,user0452,user1033,18252,0,1790877449275862700
mvola,tx-002453,user0453,user0859,22250,0,1790877449283862700
orange,tx-002454,user0454,user1456,27250,0,1790877449291862700
airtel,tx-002455,user0455,user1506,26691,0,1790877449299862700
mvola,tx-002456,user0456,user1978,5730,0,1790877449307862700
orange,tx-002457,user0457,user1090,14033,0,1790877449315862700
airtel,tx-002458,user0458,user1991,16593,0,1790877449323862700
mvola,tx-002459,user0459,user1096,27577,0,1790877449331862700
orange,tx-002460,user0460,user1074,15492,0,1790877449339862700
airtel,tx-002461,user0461,user1730,3304,0,1790877449347862700
mvola,tx-002462,user0462,user1188,9888,0,1790877449355862700
orange,tx-002463,user0463,user1378,39672,0,1790877449363862700
airtel,tx-002464,user0464,user0093,29008,0,1790877449371862700
mvola,tx-002465,user0465,user1930,24423,0,1790877449379862700
orange,tx-002466,user0466,user0379,48310,0,1790877449387862700
airtel,tx-002467,user0467,user0449,45740,0,1790877449395862700
mvola,tx-002468,user0468,user1341,11682,0,1790877449403862700
orange,tx-002469,user0469,user0508,46606,0,1790877449411862700
airtel,tx-002470,user0470,user1606,3914,0,1790877449419862700
mvola,tx-002471,user0471,user0839,12389,0,1790877449427862700
orange,tx-002472,user0472,user0153,9152,0,1790877449435862700
airtel,tx-002473,user0473,user1722,9945,0,1790877449443862700
mvola,tx-002474,user0474,user1135,151,0,1790877449451862700
orange,tx-002475,user0475,user1901,24404,0,1790877449459862700
airtel,tx-002476,user0476,user1268,14104,0,1790877449467862700
mvola,tx-002477,user0477,user0362,47924,0,1790877449475862700
orange,tx-002478,user0478,user0571,10387,0,1790877449483862700
airtel,tx-002479,user0479,user1594,49940,0,1790877449491862700
mvola,tx-002480,user0480,user0946,27986,0,1790877449499862700
orange,tx-002481,user0481,user1148,9196,0,1790877449507862700
airtel,tx-002482,user0482,user1528,29782,0,1790877449515862700
mvola,tx-002483,user0483,user0807,25326,0,1790877449523862700
orange,tx-002484,user0484,user1157,12207,0,1790877449531862700
airtel,tx-002485,user0485,user1773,18402,0,1790877449539862700
mvola,tx-002486,user0486,user0663,3195,0,1790877449547862700
orange,tx-002487,user0487,user0021,39116,0,1790877449555862700
airtel,tx-002488,user0488,user0557,2116,0,1790877449563862700
mvola,tx-002489,user0489,user1176,37566,0,1790877449571862700
orange,tx-002490,user0490,user1039,33027,0,1790877449579862700
airtel,tx-002491,user0491,user0365,27728,0,1790877449587862700
mvola,tx-002492,user0492,user1556,46163,0,1790877449595862700
orange,tx-002493,user0493,user1427,5872,0,1790877449603862700
airtel,tx-002494,user0494,user0044,4234,0,1790877449611862700
mvola,tx-002495,user0495,user1189,5210,0,1790877449619862700
orange,tx-002496,user0496,user0986,20863,0,1790877449627862700
airtel,tx-002497,user0497,user0954,9971,0,1790877449635862700
mvola,tx-002498,user0498,user1567,41803,0,1790877449643862700
orange,tx-002499,user0499,user1647,7911,0,1790877449651862700
airtel,tx-002500,user0500,user0333,11635,0,1790877449659862700
mvola,tx-002501,user0501,user1702,19581,0,1790877449667862700
orange,tx-002502,user0502,user0617,23359,0,1790877449675862700
airtel,tx-002503,user0503,user0197,37800,0,1790877449683862700
mvola,tx-002504,user0504,user1521,47745,0,1790877449691862700
orange,tx-002505,user0505,user0304,34204,0,1790877449699862700
airtel,tx-002506,user0506,user1160,449,0,1790877449707862700
mvola,tx-002507,user0507,user0395,11209,0,1790877449715862700
orange,tx-002508,user0508,user0912,17251,0,1790877449723862700
airtel,tx-002509,user0509,user0833,26213,0,1790877449731862700
mvola,tx-002510,user0510,user1294,31644,0,1790877449739862700
orange,tx-002511,user0511,user0125,4571,0,1790877449747862700
airtel,tx-002512,user0512,user0986,13638,0,1790877449755862700
mvola,tx-002513,user0513,user0516,9108,0,1790877449763862700
orange,tx-002514,user0514,user0509,32851,0,1790877449771862700
airtel,tx-002515,user0515,user1309,48189,0,1790877449779862700
mvola,tx-002516,user0516,user1484,35609,0,1790877449787862700
orange,tx-002517,user0517,user1538,42172,0,1790877449795862700
airtel,tx-002518,user0518,user0292,45998,0,1790877449803862700
mvola,tx-002519,user0519,user1254,30732,0,1790877449811862700
orange,tx-002520,user0520,user1749,9292,0,1790877449819862700
airtel,tx-002521,user0521,user1466,16739,0,1790877449827862700
mvola,tx-002522,user0522,user0140,7298,0,1790877449835862700
orange,tx-002523,user0523,user1702,25864,0,1790877449843862700
airtel,tx-002524,user0524,user1417,7063,0,1790877449851862700
mvola,tx-002525,user0525,user0727,28578,0,1790877449859862700
orange,tx-002526,user0526,user1453,3356,0,1790877449867862700
airtel,tx-002527,user0527,user0803,6029,0,1790877449875862700
mvola,tx-002528,user0528,user1086,5913,0,1790877449883862700
orange,tx-002529,user0529,user0721,47643,0,1790877449891862700
airtel,tx-002530,user0530,user0679,22705,0,1790877449899862700
mvola,tx-002531,user0531,user0996,4315,0,1790877449907862700
orange,tx-002532,user0532,user1362,7694,0,1790877449915862700
airtel,tx-002533,user0533,user1839,6276,0,1790877449923862700
mvola,tx-002534,user0534,user0175,31398,0,1790877449931862700
orange,tx-002535,user0535,user1779,33593,0,1790877449939862700
airtel,tx-002536,user0536,user1188,47856,0,1790877449947862700
mvola,tx-002537,user0537,user0482,39260,0,1790877449955862700
orange,tx-002538,user0538,user1338,456,0,1790877449963862700
airtel,tx-002539,user0539,user1445,20853,0,1790877449971862700
mvola,tx-002540,user0540,user0506,1896,0,1790877449979862700
orange,tx-002541,user0541,user0024,25482,0,1790877449987862700
airtel,tx-002542,user0542,user1712,34464,0,1790877449995862700
mvola,tx-002543,user0543,user1380,35199,0,1790877450003862700
orange,tx-002544,user0544,user1259,4707,0,1790877450011862700
airtel,tx-002545,user0545,user0340,42816,0,1790877450019862700
mvola,tx-002546,user0546,user1260,2437,0,1790877450027862700
orange,tx-002547,user0547,user1591,15119,0,1790877450035862700
airtel,tx-002548,user0548,user1335,39632,0,1790877450043862700
mvola,tx-002549,user0549,user0448,41226,0,1790877450051862700
orange,tx-002550,user0550,user1477,15305,0,1790877450059862700
airtel,tx-002551,user0551,user1791,39792,0,1790877450067862700
mvola,tx-002552,user0552,user0009,23105,0,1790877450075862700
orange,tx-002553,user0553,user1823,7212,0,1790877450083862700
airtel,tx-002554,user0554,user1895,23166,0,1790877450091862700
mvola,tx-002555,user0555,user1183,14351,0,1790877450099862700
orange,tx-002556,user0556,user1335,43941,0,1790877450107862700
airtel,tx-002557,user0557,user1071,24472,0,1790877450115862700
mvola,tx-002558,user0558,user1942,3307,0,1790877450123862700
orange,tx-002559,user0559,user0190,2736,0,1790877450131862700
airtel,tx-002560,user0560,user1244,9432,0,1790877450139862700
mvola,tx-002561,user0561,user1216,3938,0,1790877450147862700
orange,tx-002562,user0562,user1069,23919,0,1790877450155862700
airtel,tx-002563,user0563,user0197,40456,0,1790877450163862700
mvola,tx-002564,user0564,user1640,25797,0,1790877450171862700
orange,tx-002565,user0565,user1431,21035,0,1790877450179862700
airtel,tx-002566,user0566,user0186,19148,0,1790877450187862700
mvola,tx-002567,user0567,user0791,47704,0,1790877450195862700
orange,tx-002568,user0568,user1582,48470,0,1790877450203862700
airtel,tx-002569,user0569,user1220,41152,0,1790877450211862700
mvola,tx-002570,user0570,user0045,19106,0,1790877450219862700
orange,tx-002571,user0571,user0633,3964,0,1790877450227862700
airtel,tx-002572,user0572,user0241,22318,0,1790877450235862700
mvola,tx-002573,user0573,user1626,26557,0,1790877450243862700
orange,tx-002574,user0574,user0012,38341,0,1790877450251862700
airtel,tx-002575,user0575,user0328,13944,0,1790877450259862700
mvola,tx-002576,user0576,user1178,14914,0,1790877450267862700
orange,tx-002577,user0577,user1136,23783,0,1790877450275862700
airtel,tx-002578,user0578,user0820,8399,0,1790877450283862700
mvola,tx-002579,user0579,user0322,29226,0,1790877450291862700
orange,tx-002580,user0580,user1494,33999,0,1790877450299862700
airtel,tx-002581,user0581,user1010,9798,0,1790877450307862700
mvola,tx-002582,user0582,user0511,17340,0,1790877450315862700
orange,tx-002583,user0583,user1841,30548,0,1790877450323862700
airtel,tx-002584,user0584,user0160,16379,0,1790877450331862700
mvola,tx-002585,user0585,user1005,8836,0,1790877450339862700
orange,tx-002586,user0586,user0259,12368,0,1790877450347862700
airtel,tx-002587,user0587,user0351,12473,0,1790877450355862700
mvola,tx-002588,user0588,user1241,46298,0,1790877450363862700
orange,tx-002589,user0589,user0428,20282,0,1790877450371862700
airtel,tx-002590,user0590,user1816,44680,0,1790877450379862700
mvola,tx-002591,user0591,user0451,9120,0,1790877450387862700
orange,tx-002592,user0592,user0025,8019,0,1790877450395862700
airtel,tx-002593,user0593,user0500,11883,0,1790877450403862700
mvola,tx-002594,user0594,user1850,41653,0,1790877450411862700
orange,tx-002595,user0595,user0785,18339,0,1790877450419862700
airtel,tx-002596,user0596,user1516,42939,0,1790877450427862700
mvola,tx-002597,user0597,user1945,35276,0,1790877450435862700
orange,tx-002598,user0598,user1382,25636,0,1790877450443862700
airtel,tx-002599,user0599,user1953,31461,0,1790877450451862700
mvola,tx-002600,user0600,user1135,17158,0,1790877450459862700
orange,tx-002601,user0601,user0756,6467,0,1790877450467862700
airtel,tx-002602,user0602,user1976,29098,0,1790877450475862700
mvola,tx-002603,user0603,user1837,21732,0,1790877450483862700
orange,tx-002604,user0604,user0035,17794,0,1790877450491862700
airtel,tx-002605,user0605,user1111,41872,0,1790877450499862700
mvola,tx-002606,user0606,user1810,9955,0,1790877450507862700
orange,tx-002607,user0607,user1476,2008,0,1790877450515862700
airtel,tx-002608,user0608,user1613,49988,0,1790877450523862700
mvola,tx-002609,user0609,user0977,1034,0,1790877450531862700
orange,tx-002610,user0610,user0996,46726,0,1790877450539862700
airtel,tx-002611,user0611,user0044,42098,0,1790877450547862700
mvola,tx-002612,user0612,user1431,16103,0,1790877450555862700
orange,tx-002613,user0613,user0728,6242,0,1790877450563862700
airtel,tx-002614,user0614,user0697,4171,0,1790877450571862700
mvola,tx-002615,user0615,user1145,6482,0,1790877450579862700
orange,tx-002616,user0616,user1740,44346,0,1790877450587862700
airtel,tx-002617,user0617,user1894,16383,0,1790877450595862700
mvola,tx-002618,user0618,user1202,30507,0,1790877450603862700
orange,tx-002619,user0619,user1771,47825,0,1790877450611862700
airtel,tx-002620,user0620,user1788,31825,0,1790877450619862700
mvola,tx-002621,user0621,user1227,38403,0,1790877450627862700
orange,tx-002622,user0622,user0065,46649,0,1790877450635862700
airtel,tx-002623,user0623,user0059,18251,0,1790877450643862700
mvola,tx-002624,user0624,user1237,23640,0,1790877450651862700
orange,tx-002625,user0625,user0402,2998,0,1790877450659862700
airtel,tx-002626,user0626,user1357,36905,0,1790877450667862700
mvola,tx-002627,user0627,user1488,35759,0,1790877450675862700
orange,tx-002628,user0628,user1126,20073,0,1790877450683862700
airtel,tx-002629,user0629,user0392,7819,0,1790877450691862700
mvola,tx-002630,user0630,user0081,49161,0,1790877450699862700
orange,tx-002631,user0631,user1940,10163,0,1790877450707862700
airtel,tx-002632,user0632,user0170,27170,0,1790877450715862700
mvola,tx-002633,user0633,user0681,32139,0,1790877450723862700
orange,tx-002634,user0634,user0730,26185,0,1790877450731862700
airtel,tx-002635,user0635,user0327,3603,0,1790877450739862700
mvola,tx-002636,user0636,user1629,9912,0,1790877450747862700
orange,tx-002637,user0637,user1504,42495,0,1790877450755862700
airtel,tx-002638,user0638,user0317,36808,0,1790877450763862700
mvola,tx-002639,user0639,user1011,14897,0,1790877450771862700
orange,tx-002640,user0640,user0239,18256,0,1790877450779862700
airtel,tx-002641,user0641,user0570,16683,0,1790877450787862700
mvola,tx-002642,user0642,user1504,48427,0,1790877450795862700
orange,tx-002643,user0643,user1691,26401,0,1790877450803862700
airtel,tx-002644,user0644,user0713,24971,0,1790877450811862700
mvola,tx-002645,user0645,user1004,27813,0,1790877450819862700
orange,tx-002646,user0646,user1807,7228,0,1790877450827862700
airtel,tx-002647,user0647,user0870,18506,0,1790877450835862700
mvola,tx-002648,user0648,user1221,37956,0,1790877450843862700
orange,tx-002649,user0649,user0095,24485,0,1790877450851862700
airtel,tx-002650,user0650,user1333,21696,0,1790877450859862700
mvola,tx-002651,user0651,user1831,10456,0,1790877450867862700
orange,tx-002652,user0652,user1455,23626,0,1790877450875862700
airtel,tx-002653,user0653,user0066,36846,0,1790877450883862700
mvola,tx-002654,user0654,user0245,22165,0,1790877450891862700
orange,tx-002655,user0655,user1687,49457,0,1790877450899862700
airtel,tx-002656,user0656,user1666,469,0,1790877450907862700
mvola,tx-002657,user0657,user0635,36808,0,1790877450915862700
orange,tx-002658,user0658,user0355,36113,0,1790877450923862700
airtel,tx-002659,user0659,user1031,25402,0,1790877450931862700
mvola,tx-002660,user0660,user1161,31605,0,1790877450939862700
orange,tx-002661,user0661,user1935,41914,0,1790877450947862700
airtel,tx-002662,user0662,user0714,42953,0,1790877450955862700
mvola,tx-002663,user0663,user0702,38942,0,1790877450963862700
orange,tx-002664,user0664,user1578,20899,0,1790877450971862700
airtel,tx-002665,user0665,user0926,15513,0,1790877450979862700
mvola,tx-002666,user0666,user1752,15035,0,1790877450987862700
orange,tx-002667,user0667,user0883,4744,0,1790877450995862700
airtel,tx-002668,user0668,user0048,14387,0,1790877451003862700
mvola,tx-002669,user0669,user1727,40116,0,1790877451011862700
orange,tx-002670,user0670,user1587,15648,0,1790877451019862700
airtel,tx-002671,user0671,user1324,24499,0,1790877451027862700
mvola,tx-002672,user0672,user0783,11806,0,1790877451035862700
orange,tx-002673,user0673,user0236,49581,0,1790877451043862700
airtel,tx-002674,user0674,user1163,17431,0,1790877451051862700
mvola,tx-002675,user0675,user0413,32776,0,1790877451059862700
orange,tx-002676,user0676,user1925,46496,0,1790877451067862700
airtel,tx-002677,user0677,user1656,31280,0,1790877451075862700
mvola,tx-002678,user0678,user0624,29928,0,1790877451083862700
orange,tx-002679,user0679,user0402,30264,0,1790877451091862700
airtel,tx-002680,user0680,user0479,4364,0,1790877451099862700
mvola,tx-002681,user0681,user0960,29359,0,1790877451107862700
orange,tx-002682,user0682,user1697,47975,0,1790877451115862700
airtel,tx-002683,user0683,user1102,14690,0,1790877451123862700
mvola,tx-002684,user0684,user1150,29715,0,1790877451131862700
orange,tx-002685,user0685,user1512,48127,0,1790877451139862700
airtel,tx-002686,user0686,user0294,42475,0,1790877451147862700
mvola,tx-002687,user0687,user1666,21760,0,1790877451155862700
orange,tx-002688,user0688,user1513,39543,0,1790877451163862700
airtel,tx-002689,user0689,user0073,34141,0,1790877451171862700
mvola,tx-002690,user0690,user1539,19528,0,1790877451179862700
orange,tx-002691,user0691,user1368,36678,0,1790877451187862700
airtel,tx-002692,user0692,user1901,40928,0,1790877451195862700
mvola,tx-002693,user0693,user1789,48353,0,1790877451203862700
orange,tx-002694,user0694,user1856,9052,0,1790877451211862700
airtel,tx-002695,user0695,user0355,15621,0,1790877451219862700
mvola,tx-002696,user0696,user0243,966,0,1790877451227862700
orange,tx-002697,user0697,user0852,27724,0,1790877451235862700
airtel,tx-002698,user0698,user1671,23099,0,1790877451243862700
mvola,tx-002699,user0699,user1157,22099,0,1790877451251862700
orange,tx-002700,user0700,user1423,16228,0,1790877451259862700
airtel,tx-002701,user0701,user1167,26767,0,1790877451267862700
mvola,tx-002702,user0702,user1584,7986,0,1790877451275862700
orange,tx-002703,user0703,user1368,1390,0,1790877451283862700
airtel,tx-002704,user0704,user1065,33107,0,1790877451291862700
mvola,tx-002705,user0705,user1246,6817,0,1790877451299862700
orange,tx-002706,user0706,user0107,19169,0,1790877451307862700
airtel,tx-002707,user0707,user0387,17393,0,1790877451315862700
mvola,tx-002708,user0708,user1744,44509,0,1790877451323862700
orange,tx-002709,user0709,user1165,27375,0,1790877451331862700
airtel,tx-002710,user0710,user1032,41172,0,1790877451339862700
mvola,tx-002711,user0711,user1664,36359,0,1790877451347862700
orange,tx-002712,user0712,user0549,9067,0,1790877451355862700
airtel,tx-002713,user0713,user1892,39524,0,1790877451363862700
mvola,tx-002714,user0714,user1149,34845,0,1790877451371862700
orange,tx-002715,user0715,user0660,46282,0,1790877451379862700
airtel,tx-002716,user0716,user0016,23141,0,1790877451387862700
mvola,tx-002717,user0717,user0323,40234,0,1790877451395862700
orange,tx-002718,user0718,user0820,33390,0,1790877451403862700
airtel,tx-002719,user0719,user1594,21858,0,1790877451411862700
mvola,tx-002720,user0720,user0111,28845,0,1790877451419862700
orange,tx-002721,user0721,user1509,423,0,1790877451427862700
airtel,tx-002722,user0722,user0802,32920,0,1790877451435862700
mvola,tx-002723,user0723,user0502,36717,0,1790877451443862700
orange,tx-002724,user0724,user1678,17394,0,1790877451451862700
airtel,tx-002725,user0725,user0110,7748,0,1790877451459862700
mvola,tx-002726,user0726,user0170,16985,0,1790877451467862700
orange,tx-002727,user0727,user0287,22357,0,1790877451475862700
airtel,tx-002728,user0728,user1729,43482,0,1790877451483862700
mvola,tx-002729,user0729,user1122,9546,0,1790877451491862700
orange,tx-002730,user0730,user0869,2932,0,1790877451499862700
airtel,tx-002731,user0731,user1655,26818,0,1790877451507862700
mvola,tx-002732,user0732,user0258,20632,0,1790877451515862700
orange,tx-002733,user0733,user0216,49943,0,1790877451523862700
airtel,tx-002734,user0734,user1743,36342,0,1790877451531862700
mvola,tx-002735,user0735,user0596,36632,0,1790877451539862700
orange,tx-002736,user0736,user1118,12696,0,1790877451547862700
airtel,tx-002737,user0737,user0563,46160,0,1790877451555862700
mvola,tx-002738,user0738,user0026,28345,0,1790877451563862700
orange,tx-002739,user0739,user1594,47350,0,1790877451571862700
airtel,tx-002740,user0740,user0433,37324,0,1790877451579862700
mvola,tx-002741,user0741,user1713,49490,0,1790877451587862700
orange,tx-002742,user0742,user1219,40026,0,1790877451595862700
airtel,tx-002743,user0743,user1647,37865,0,1790877451603862700
mvola,tx-002744,user0744,user1803,558,0,1790877451611862700
orange,tx-002745,user0745,user0215,36118,0,1790877451619862700
airtel,tx-002746,user0746,user1022,42575,0,1790877451627862700
mvola,tx-002747,user0747,user1502,19132,0,1790877451635862700
orange,tx-002748,user0748,user0028,5339,0,1790877451643862700
airtel,tx-002749,user0749,user1760,38056,0,1790877451651862700
mvola,tx-002750,user0750,user0577,11214,0,1790877451659862700
orange,tx-002751,user0751,user0163,16690,0,1790877451667862700
airtel,tx-002752,user0752,user1869,32464,0,1790877451675862700
mvola,tx-002753,user0753,user1672,24510,0,1790877451683862700
orange,tx-002754,user0754,user0643,22128,0,1790877451691862700
airtel,tx-002755,user0755,user1229,26277,0,1790877451699862700
mvola,tx-002756,user0756,user0128,47205,0,1790877451707862700
orange,tx-002757,user0757,user1753,8199,0,1790877451715862700
airtel,tx-002758,user0758,user0593,31483,0,1790877451723862700
mvola,tx-002759,user0759,user1681,14823,0,1790877451731862700
orange,tx-002760,user0760,user1273,18438,0,1790877451739862700
airtel,tx-002761,user0761,user1043,14380,0,1790877451747862700
mvola,tx-002762,user0762,user0883,30693,0,1790877451755862700
orange,tx-002763,user0763,user0803,19005,0,1790877451763862700
airtel,tx-002764,user0764,user1630,16563,0,1790877451771862700
mvola,tx-002765,user0765,user0307,35509,0,1790877451779862700
orange,tx-002766,user0766,user0585,11580,0,1790877451787862700
airtel,tx-002767,user0767,user0272,1859,0,1790877451795862700
mvola,tx-002768,user0768,user1245,24085,0,1790877451803862700
orange,tx-002769,user0769,user0902,34753,0,1790877451811862700
airtel,tx-002770,user0770,user1226,26613,0,1790877451819862700
mvola,tx-002771,user0771,user0838,48279,0,1790877451827862700
orange,tx-002772,user0772,user1671,36669,0,1790877451835862700
airtel,tx-002773,user0773,user1509,10737,0,1790877451843862700
mvola,tx-002774,user0774,user1849,38663,0,1790877451851862700
orange,tx-002775,user0775,user1302,34857,0,1790877451859862700
airtel,tx-002776,user0776,user0902,40864,0,1790877451867862700
mvola,tx-002777,user0777,user1287,36662,0,1790877451875862700
orange,tx-002778,user0778,user0231,35757,0,1790877451883862700
airtel,tx-002779,user0779,user0157,49505,0,1790877451891862700
mvola,tx-002780,user0780,user1896,28812,0,1790877451899862700
orange,tx-002781,user0781,user1052,4028,0,1790877451907862700
airtel,tx-002782,user0782,user0568,21976,0,1790877451915862700
mvola,tx-002783,user0783,user1544,10753,0,1790877451923862700
orange,tx-002784,user0784,user1104,23269,0,1790877451931862700
airtel,tx-002785,user0785,user1219,2721,0,1790877451939862700
mvola,tx-002786,user0786,user1975,45224,0,1790877451947862700
orange,tx-002787,user0787,user0363,11941,0,1790877451955862700
airtel,tx-002788,user0788,user1329,44540,0,1790877451963862700
mvola,tx-002789,user0789,user0093,41080,0,1790877451971862700
orange,tx-002790,user0790,user0682,48482,0,1790877451979862700
airtel,tx-002791,user0791,user1426,21719,0,1790877451987862700
mvola,tx-002792,user0792,user0687,16445,0,1790877451995862700
orange,tx-002793,user0793,user1935,17294,0,1790877452003862700
airtel,tx-002794,user0794,user0193,12627,0,1790877452011862700
mvola,tx-002795,user0795,user0618,23872,0,1790877452019862700
orange,tx-002796,user0796,user1877,31487,0,1790877452027862700
airtel,tx-002797,user0797,user0901,30640,0,1790877452035862700
mvola,tx-002798,user0798,user0564,15332,0,1790877452043862700
orange,tx-002799,user0799,user1906,30104,0,1790877452051862700
airtel,tx-002800,user0800,user0971,23388,0,1790877452059862700
mvola,tx-002801,user0801,user1116,12732,0,1790877452067862700
orange,tx-002802,user0802,user0546,43846,0,1790877452075862700
airtel,tx-002803,user0803,user0379,46600,0,1790877452083862700
mvola,tx-002804,user0804,user1469,46769,0,1790877452091862700
orange,tx-002805,user0805,user1576,46402,0,1790877452099862700
airtel,tx-002806,user0806,user1648,36145,0,1790877452107862700
mvola,tx-002807,user0807,user0196,24637,0,1790877452115862700
orange,tx-002808,user0808,user1311,32546,0,1790877452123862700
airtel,tx-002809,user0809,user1330,36187,0,1790877452131862700
mvola,tx-002810,user0810,user0840,5049,0,1790877452139862700
orange,tx-002811,user0811,user1227,16610,0,1790877452147862700
airtel,tx-002812,user0812,user0762,15578,0,1790877452155862700
mvola,tx-002813,user0813,user0177,44911,0,1790877452163862700
orange,tx-002814,user0814,user1900,44451,0,1790877452171862700
airtel,tx-002815,user0815,user1203,36702,0,1790877452179862700
mvola,tx-002816,user0816,user1073,41189,0,1790877452187862700
orange,tx-002817,user0817,user1563,17396,0,1790877452195862700
airtel,tx-002818,user0818,user0565,28070,0,1790877452203862700
mvola,tx-002819,user0819,user0951,3658,0,1790877452211862700
orange,tx-002820,user0820,user0887,2438,0,1790877452219862700
airtel,tx-002821,user0821,user0826,140,0,1790877452227862700
mvola,tx-002822,user0822,user1960,31804,0,1790877452235862700
orange,tx-002823,user0823,user1253,16448,0,1790877452243862700
airtel,tx-002824,user0824,user0435,6767,0,1790877452251862700
mvola,tx-002825,user0825,user1939,10879,0,1790877452259862700
orange,tx-002826,user0826,user0292,37265,0,1790877452267862700
airtel,tx-002827,user0827,user0742,47842,0,1790877452275862700
mvola,tx-002828,user0828,user1106,43185,0,1790877452283862700
orange,tx-002829,user0829,user0061,42780,0,1790877452291862700
airtel,tx-002830,user0830,user1281,24942,0,1790877452299862700
mvola,tx-002831,user0831,user0534,33312,0,1790877452307862700
orange,tx-002832,user0832,user1609,45794,0,1790877452315862700
airtel,tx-002833,user0833,user0982,25864,0,1790877452323862700
mvola,tx-002834,user0834,user1614,27031,0,1790877452331862700
orange,tx-002835,user0835,user0194,25619,0,1790877452339862700
airtel,tx-002836,user0836,user0505,23220,0,1790877452347862700
mvola,tx-002837,user0837,user0118,46663,0,1790877452355862700
orange,tx-002838,user0838,user1580,795,0,1790877452363862700
airtel,tx-002839,user0839,user0047,25315,0,1790877452371862700
mvola,tx-002840,user0840,user0919,45808,0,1790877452379862700
orange,tx-002841,user0841,user0326,36647,0,1790877452387862700
airtel,tx-002842,user0842,user1722,23637,0,1790877452395862700
mvola,tx-002843,user0843,user0541,24052,0,1790877452403862700
orange,tx-002844,user0844,user1744,25545,0,1790877452411862700
airtel,tx-002845,user0845,user0940,36920,0,1790877452419862700
mvola,tx-002846,user0846,user1572,15177,0,1790877452427862700
orange,tx-002847,user0847,user1918,48213,0,1790877452435862700
airtel,tx-002848,user0848,user0483,33975,0,1790877452443862700
mvola,tx-002849,user0849,user0461,17141,0,1790877452451862700
orange,tx-002850,user0850,user0417,33652,0,1790877452459862700
airtel,tx-002851,user0851,user1715,45640,0,1790877452467862700
mvola,tx-002852,user0852,user0968,2096,0,1790877452475862700
orange,tx-002853,user0853,user1740,565,0,1790877452483862700
airtel,tx-002854,user0854,user1635,28053,0,1790877452491862700
mvola,tx-002855,user0855,user1363,14012,0,1790877452499862700
orange,tx-002856,user0856,user0858,34303,0,1790877452507862700
airtel,tx-002857,user0857,user0389,13035,0,1790877452515862700
mvola,tx-002858,user0858,user1323,44556,0,1790877452523862700
orange,tx-002859,user0859,user1759,4837,0,1790877452531862700
airtel,tx-002860,user0860,user1666,42489,0,1790877452539862700
mvola,tx-002861,user0861,user1707,28350,0,1790877452547862700
orange,tx-002862,user0862,user0222,4952,0,1790877452555862700
airtel,tx-002863,user0863,user1641,17461,0,1790877452563862700
mvola,tx-002864,user0864,user1020,47131,0,1790877452571862700
orange,tx-002865,user0865,user1365,34698,0,1790877452579862700
airtel,tx-002866,user0866,user0141,17092,0,1790877452587862700
mvola,tx-002867,user0867,user1716,40318,0,1790877452595862700
orange,tx-002868,user0868,user1819,26248,0,1790877452603862700
airtel,tx-002869,user0869,user0592,12242,0,1790877452611862700
mvola,tx-002870,user0870,user1347,36602,0,1790877452619862700
orange,tx-002871,user0871,user0102,29635,0,1790877452627862700
airtel,tx-002872,user0872,user1001,39379,0,1790877452635862700
mvola,tx-002873,user0873,user0466,11538,0,1790877452643862700
orange,tx-002874,user0874,user0061,24908,0,1790877452651862700
airtel,tx-002875,user0875,user1121,31311,0,1790877452659862700
mvola,tx-002876,user0876,user0234,21587,0,1790877452667862700
orange,tx-002877,user0877,user1231,14412,0,1790877452675862700
airtel,tx-002878,user0878,user1223,14325,0,1790877452683862700
mvola,tx-002879,user0879,user0479,12548,0,1790877452691862700
orange,tx-002880,user0880,user0441,47425,0,1790877452699862700
airtel,tx-002881,user0881,user1769,36692,0,1790877452707862700
mvola,tx-002882,user0882,user1302,21836,0,1790877452715862700
orange,tx-002883,user0883,user0831,8745,0,1790877452723862700
airtel,tx-002884,user0884,user1137,39696,0,1790877452731862700
mvola,tx-002885,user0885,user0296,18939,0,1790877452739862700
orange,tx-002886,user0886,user1815,5471,0,1790877452747862700
airtel,tx-002887,user0887,user0021,31718,0,1790877452755862700
mvola,tx-002888,user0888,user1301,3175,0,1790877452763862700
orange,tx-002889,user0889,user0730,13026,0,1790877452771862700
airtel,tx-002890,user0890,user0254,26331,0,1790877452779862700
mvola,tx-002891,user0891,user0575,4147,0,1790877452787862700
orange,tx-002892,user0892,user1639,18123,0,1790877452795862700
airtel,tx-002893,user0893,user0980,29408,0,1790877452803862700
mvola,tx-002894,user0894,user0955,17469,0,1790877452811862700
orange,tx-002895,user0895,user1543,29444,0,1790877452819862700
airtel,tx-002896,user0896,user0374,33059,0,1790877452827862700
mvola,tx-002897,user0897,user0733,14425,0,1790877452835862700
orange,tx-002898,user0898,user1585,30194,0,1790877452843862700
airtel,tx-002899,user0899,user0445,22620,0,1790877452851862700
mvola,tx-002900,user0900,user1691,24672,0,1790877452859862700
orange,tx-002901,user0901,user0846,13275,0,1790877452867862700
airtel,tx-002902,user0902,user1542,45290,0,1790877452875862700
mvola,tx-002903,user0903,user1569,10739,0,1790877452883862700
orange,tx-002904,user0904,user0952,13160,0,1790877452891862700
airtel,tx-002905,user0905,user0652,45302,0,1790877452899862700
mvola,tx-002906,user0906,user0845,35879,0,1790877452907862700
orange,tx-002907,user0907,user1126,30264,0,1790877452915862700
airtel,tx-002908,user0908,user0593,46025,0,1790877452923862700
mvola,tx-002909,user0909,user1345,37582,0,1790877452931862700
orange,tx-002910,user0910,user0971,20520,0,1790877452939862700
airtel,tx-002911,user0911,user1497,4226,0,1790877452947862700
mvola,tx-002912,user0912,user0251,11015,0,1790877452955862700
orange,tx-002913,user0913,user0940,13331,0,1790877452963862700
airtel,tx-002914,user0914,user1855,6535,0,1790877452971862700
mvola,tx-002915,user0915,user1909,44728,0,1790877452979862700
orange,tx-002916,user0916,user1454,7389,0,1790877452987862700
airtel,tx-002917,user0917,user0899,35276,0,1790877452995862700
mvola,tx-002918,user0918,user1011,15750,0,1790877453003862700
orange,tx-002919,user0919,user1099,29414,0,1790877453011862700
airtel,tx-002920,user0920,user1553,14337,0,1790877453019862700
mvola,tx-002921,user0921,user0481,31951,0,1790877453027862700
orange,tx-002922,user0922,user0801,39121,0,1790877453035862700
airtel,tx-002923,user0923,user1818,9946,0,1790877453043862700
mvola,tx-002924,user0924,user1844,37004,0,1790877453051862700
orange,tx-002925,user0925,user1882,25308,0,1790877453059862700
airtel,tx-002926,user0926,user0833,27559,0,1790877453067862700
mvola,tx-002927,user0927,user0159,22242,0,1790877453075862700
orange,tx-002928,user0928,user1495,7563,0,1790877453083862700
airtel,tx-002929,user0929,user1199,8990,0,1790877453091862700
mvola,tx-002930,user0930,user0986,23545,0,1790877453099862700
orange,tx-002931,user0931,user0398,18381,0,1790877453107862700
airtel,tx-002932,user0932,user1407,44197,0,1790877453115862700
mvola,tx-002933,user0933,user1002,37070,0,1790877453123862700
orange,tx-002934,user0934,user1995,882,0,1790877453131862700
airtel,tx-002935,user0935,user0527,22857,0,1790877453139862700
mvola,tx-002936,user0936,user1780,13828,0,1790877453147862700
orange,tx-002937,user0937,user1470,28905,0,1790877453155862700
airtel,tx-002938,user0938,user0050,42546,0,1790877453163862700
mvola,tx-002939,user0939,user1065,46826,0,1790877453171862700
orange,tx-002940,user0940,user0464,48461,0,1790877453179862700
airtel,tx-002941,user0941,user0510,2125,0,1790877453187862700
mvola,tx-002942,user0942,user0642,4693,0,1790877453195862700
orange,tx-002943,user0943,user1146,3712,0,1790877453203862700
airtel,tx-002944,user0944,user0982,33836,0,1790877453211862700
mvola,tx-002945,user0945,user0215,10733,0,1790877453219862700
orange,tx-002946,user0946,user0702,13334,0,1790877453227862700
airtel,tx-002947,user0947,user0182,9884,0,1790877453235862700
mvola,tx-002948,user0948,user1691,15793,0,1790877453243862700
orange,tx-002949,user0949,user0339,49866,0,1790877453251862700
airtel,tx-002950,user0950,user1809,28036,0,1790877453259862700
mvola,tx-002951,user0951,user0258,27823,0,1790877453267862700
orange,tx-002952,user0952,user0626,10777,0,1790877453275862700
airtel,tx-002953,user0953,user0045,2920,0,1790877453283862700
mvola,tx-002954,user0954,user0779,28396,0,1790877453291862700
orange,tx-002955,user0955,user0685,24696,0,1790877453299862700
airtel,tx-002956,user0956,user0884,6007,0,1790877453307862700
mvola,tx-002957,user0957,user1906,42506,0,1790877453315862700
orange,tx-002958,user0958,user1313,15524,0,1790877453323862700
airtel,tx-002959,user0959,user1669,1548,0,1790877453331862700
mvola,tx-002960,user0960,user0776,20771,0,1790877453339862700
orange,tx-002961,user0961,user0745,37723,0,1790877453347862700
airtel,tx-002962,user0962,user1068,27946,0,1790877453355862700
mvola,tx-002963,user0963,user0247,8875,0,1790877453363862700
orange,tx-002964,user0964,user1351,30103,0,1790877453371862700
airtel,tx-002965,user0965,user1586,7694,0,1790877453379862700
mvola,tx-002966,user0966,user0384,28476,0,1790877453387862700
orange,tx-002967,user0967,user0211,13684,0,1790877453395862700
airtel,tx-002968,user0968,user0959,21912,0,1790877453403862700
mvola,tx-002969,user0969,user1600,17088,0,1790877453411862700
orange,tx-002970,user0970,user0028,18035,0,1790877453419862700
airtel,tx-002971,user0971,user0207,22349,0,1790877453427862700
mvola,tx-002972,user0972,user0936,41294,0,1790877453435862700
orange,tx-002973,user0973,user0711,39533,0,1790877453443862700
airtel,tx-002974,user0974,user1546,13006,0,1790877453451862700
mvola,tx-002975,user0975,user1622,46205,0,1790877453459862700
orange,tx-002976,user0976,user0889,18430,0,1790877453467862700
airtel,tx-002977,user0977,user0978,12408,0,1790877453475862700
mvola,tx-002978,user0978,user0165,40989,0,1790877453483862700
orange,tx-002979,user0979,user1949,7336,0,1790877453491862700
airtel,tx-002980,user0980,user0226,10919,0,1790877453499862700
mvola,tx-002981,user0981,user1349,47101,0,1790877453507862700
orange,tx-002982,user0982,user0842,15917,0,1790877453515862700
airtel,tx-002983,user0983,user0877,49026,0,1790877453523862700
mvola,tx-002984,user0984,user0335,12398,0,1790877453531862700
orange,tx-002985,user0985,user0917,33244,0,1790877453539862700
airtel,tx-002986,user0986,user0295,36411,0,1790877453547862700
mvola,tx-002987,user0987,user1507,772,0,1790877453555862700
orange,tx-002988,user0988,user1475,43966,0,1790877453563862700
airtel,tx-002989,user0989,user1192,27680,0,1790877453571862700
mvola,tx-002990,user0990,user1613,40135,0,1790877453579862700
orange,tx-002991,user0991,user0808,40302,0,1790877453587862700
airtel,tx-002992,user0992,user0645,7428,0,1790877453595862700
mvola,tx-002993,user0993,user0315,4484,0,1790877453603862700
orange,tx-002994,user0994,user1934,36029,0,1790877453611862700
airtel,tx-002995,user0995,user0165,19691,0,1790877453619862700
mvola,tx-002996,user0996,user1295,31113,0,1790877453627862700
orange,tx-002997,user0997,user1154,34255,0,1790877453635862700
airtel,tx-002998,user0998,user1726,16215,0,1790877453643862700
mvola,tx-002999,user0999,user0579,10129,0,1790877453651862700
orange,tx-003000,user1000,user0556,36285,0,1790877453659862700
airtel,tx-003001,user1001,user1197,23873,0,1790877453667862700
mvola,tx-003002,user1002,user0843,14488,0,1790877453675862700
orange,tx-003003,user1003,user1647,20698,0,1790877453683862700
airtel,tx-003004,user1004,user0315,24892,0,1790877453691862700
mvola,tx-003005,user1005,user1929,17439,0,1790877453699862700
orange,tx-003006,user1006,user0993,628,0,1790877453707862700
airtel,tx-003007,user1007,user0194,18767,0,1790877453715862700
mvola,tx-003008,user1008,user1849,6868,0,1790877453723862700
orange,tx-003009,user1009,user1207,4599,0,1790877453731862700
airtel,tx-003010,user1010,user1154,37973,0,1790877453739862700
mvola,tx-003011,user1011,user0621,37900,0,1790877453747862700
orange,tx-003012,user1012,user0063,42465,0,1790877453755862700
airtel,tx-003013,user1013,user0984,35299,0,1790877453763862700
mvola,tx-003014,user1014,user0336,40663,0,1790877453771862700
orange,tx-003015,user1015,user1568,31039,0,1790877453779862700
airtel,tx-003016,user1016,user0901,23881,0,1790877453787862700
mvola,tx-003017,user1017,user1138,42585,0,1790877453795862700
orange,tx-003018,user1018,user1918,49919,0,1790877453803862700
airtel,tx-003019,user1019,user1038,3862,0,1790877453811862700
mvola,tx-003020,user1020,user0031,45747,0,1790877453819862700
orange,tx-003021,user1021,user0282,40713,0,1790877453827862700
airtel,tx-003022,user1022,user1181,44769,0,1790877453835862700
mvola,tx-003023,user1023,user0016,28609,0,1790877453843862700
orange,tx-003024,user1024,user0599,6033,0,1790877453851862700
airtel,tx-003025,user1025,user1898,1410,0,1790877453859862700
mvola,tx-003026,user1026,user0001,47485,0,1790877453867862700
orange,tx-003027,user1027,user0441,11156,0,1790877453875862700
airtel,tx-003028,user1028,user1123,15506,0,1790877453883862700
mvola,tx-003029,user1029,user1794,36350,0,1790877453891862700
orange,tx-003030,user1030,user1178,15951,0,1790877453899862700
airtel,tx-003031,user1031,user1627,31743,0,1790877453907862700
mvola,tx-003032,user1032,user1957,44724,0,1790877453915862700
orange,tx-003033,user1033,user0310,39948,0,1790877453923862700
airtel,tx-003034,user1034,user1912,33902,0,1790877453931862700
mvola,tx-003035,user1035,user1652,49640,0,1790877453939862700
orange,tx-003036,user1036,user0216,9356,0,1790877453947862700
airtel,tx-003037,user1037,user1070,12407,0,1790877453955862700
mvola,tx-003038,user1038,user0574,48642,0,1790877453963862700
orange,tx-003039,user1039,user1388,33291,0,1790877453971862700
airtel,tx-003040,user1040,user0220,23587,0,1790877453979862700
mvola,tx-003041,user1041,user0999,37116,0,1790877453987862700
orange,tx-003042,user1042,user0981,31330,0,1790877453995862700
airtel,tx-003043,user1043,user0240,35991,0,1790877454003862700
mvola,tx-003044,user1044,user1716,30260,0,1790877454011862700
orange,tx-003045,user1045,user1961,32158,0,1790877454019862700
airtel,tx-003046,user1046,user1886,39365,0,1790877454027862700
mvola,tx-003047,user1047,user1884,44070,0,1790877454035862700
orange,tx-003048,user1048,user0686,38852,0,1790877454043862700
airtel,tx-003049,user1049,user0307,47819,0,1790877454051862700
mvola,tx-003050,user1050,user1819,33263,0,1790877454059862700
orange,tx-003051,user1051,user1119,29358,0,1790877454067862700
airtel,tx-003052,user1052,user0097,25538,0,1790877454075862700
mvola,tx-003053,user1053,user1543,19414,0,1790877454083862700
orange,tx-003054,user1054,user1740,20476,0,1790877454091862700
airtel,tx-003055,user1055,user0478,36926,0,1790877454099862700
mvola,tx-003056,user1056,user1647,39221,0,1790877454107862700
orange,tx-003057,user1057,user1680,27277,0,1790877454115862700
airtel,tx-003058,user1058,user1999,6677,0,1790877454123862700
mvola,tx-003059,user1059,user0903,47383,0,1790877454131862700
orange,tx-003060,user1060,user1504,35998,0,1790877454139862700
airtel,tx-003061,user1061,user1944,48497,0,1790877454147862700
mvola,tx-003062,user1062,user0082,36575,0,1790877454155862700
orange,tx-003063,user1063,user1133,3367,0,1790877454163862700
airtel,tx-003064,user1064,user1344,45584,0,1790877454171862700
mvola,tx-003065,user1065,user1484,14339,0,1790877454179862700
orange,tx-003066,user1066,user0451,31335,0,1790877454187862700
airtel,tx-003067,user1067,user0244,12289,0,1790877454195862700
mvola,tx-003068,user1068,user1306,42628,0,1790877454203862700
orange,tx-003069,user1069,user1851,6814,0,1790877454211862700
airtel,tx-003070,user1070,user0441,31388,0,1790877454219862700
mvola,tx-003071,user1071,user1242,27220,0,1790877454227862700
orange,tx-003072,user1072,user0882,47024,0,1790877454235862700
airtel,tx-003073,user1073,user1418,24234,0,1790877454243862700
mvola,tx-003074,user1074,user1378,36248,0,1790877454251862700
orange,tx-003075,user1075,user1247,38040,0,1790877454259862700
airtel,tx-003076,user1076,user0499,38436,0,1790877454267862700
mvola,tx-003077,user1077,user1140,35574,0,1790877454275862700
orange,tx-003078,user1078,user1402,45060,0,1790877454283862700
airtel,tx-003079,user1079,user0528,497,0,1790877454291862700
mvola,tx-003080,user1080,user0750,46400,0,1790877454299862700
orange,tx-003081,user1081,user0290,4222,0,1790877454307862700
airtel,tx-003082,user1082,user0240,20198,0,1790877454315862700
mvola,tx-003083,user1083,user0197,47259,0,1790877454323862700
orange,tx-003084,user1084,user1721,27130,0,1790877454331862700
airtel,tx-003085,user1085,user1695,44143,0,1790877454339862700
mvola,tx-003086,user1086,user0090,9208,0,1790877454347862700
orange,tx-003087,user1087,user1292,47606,0,1790877454355862700
airtel,tx-003088,user1088,user1499,47215,0,1790877454363862700
mvola,tx-003089,user1089,user1144,45345,0,1790877454371862700
orange,tx-003090,user1090,user1389,11520,0,1790877454379862700
airtel,tx-003091,user1091,user0089,36495,0,1790877454387862700
mvola,tx-003092,user1092,user0340,31866,0,1790877454395862700
orange,tx-003093,user1093,user0740,4730,0,1790877454403862700
airtel,tx-003094,user1094,user0395,33389,0,1790877454411862700
mvola,tx-003095,user1095,user0245,21092,0,1790877454419862700
orange,tx-003096,user1096,user0465,30257,0,1790877454427862700
airtel,tx-003097,user1097,user1450,26063,0,1790877454435862700
mvola,tx-003098,user1098,user1719,36239,0,1790877454443862700
orange,tx-003099,user1099,user0615,46886,0,1790877454451862700
airtel,tx-003100,user1100,user0843,16825,0,1790877454459862700
mvola,tx-003101,user1101,user1726,6752,0,1790877454467862700
orange,tx-003102,user1102,user1033,9403,0,1790877454475862700
airtel,tx-003103,user1103,user0024,36342,0,1790877454483862700
mvola,tx-003104,user1104,user0997,47634,0,1790877454491862700
orange,tx-003105,user1105,user1735,31275,0,1790877454499862700
airtel,tx-003106,user1106,user0136,26399,0,1790877454507862700
mvola,tx-003107,user1107,user0418,23460,0,1790877454515862700
orange,tx-003108,user1108,user0697,36528,0,1790877454523862700
airtel,tx-003109,user1109,user0930,26712,0,1790877454531862700
mvola,tx-003110,user1110,user0195,28412,0,1790877454539862700
orange,tx-003111,user1111,user0103,22942,0,1790877454547862700
airtel,tx-003112,user1112,user0270,45685,0,1790877454555862700
mvola,tx-003113,user1113,user1258,8171,0,1790877454563862700
orange,tx-003114,user1114,user1400,45271,0,1790877454571862700
airtel,tx-003115,user1115,user1814,19093,0,1790877454579862700
mvola,tx-003116,user1116,user1930,6011,0,1790877454587862700
orange,tx-003117,user1117,user0704,32403,0,1790877454595862700
airtel,tx-003118,user1118,user1019,14001,0,1790877454603862700
mvola,tx-003119,user1119,user0067,1998,0,1790877454611862700
orange,tx-003120,user1120,user1747,28603,0,1790877454619862700
airtel,tx-003121,user1121,user1267,38198,0,1790877454627862700
mvola,tx-003122,user1122,user1869,11282,0,1790877454635862700
orange,tx-003123,user1123,user0811,24046,0,1790877454643862700
airtel,tx-003124,user1124,user0258,22747,0,1790877454651862700
mvola,tx-003125,user1125,user0637,19853,0,1790877454659862700
orange,tx-003126,user1126,user1935,41652,0,1790877454667862700
airtel,tx-003127,user1127,user1421,43418,0,1790877454675862700
mvola,tx-003128,user1128,user0208,35243,0,1790877454683862700
orange,tx-003129,user1129,user1849,22537,0,1790877454691862700
airtel,tx-003130,user1130,user1172,3359,0,1790877454699862700
mvola,tx-003131,user1131,user1829,37628,0,1790877454707862700
orange,tx-003132,user1132,user1345,27924,0,1790877454715862700
airtel,tx-003133,user1133,user0697,18057,0,1790877454723862700
mvola,tx-003134,user1134,user0927,15036,0,1790877454731862700
orange,tx-003135,user1135,user0724,4660,0,1790877454739862700
airtel,tx-003136,user1136,user1202,29589,0,1790877454747862700
mvola,tx-003137,user1137,user1405,791,0,1790877454755862700
orange,tx-003138,user1138,user0408,47763,0,1790877454763862700
airtel,tx-003139,user1139,user1818,31538,0,1790877454771862700
mvola,tx-003140,user1140,user1107,41604,0,1790877454779862700
orange,tx-003141,user1141,user1034,23834,0,1790877454787862700
airtel,tx-003142,user1142,user0244,24361,0,1790877454795862700
mvola,tx-003143,user1143,user0328,49792,0,1790877454803862700
orange,tx-003144,user1144,user0715,10614,0,1790877454811862700
airtel,tx-003145,user1145,user1889,41527,0,1790877454819862700
mvola,tx-003146,user1146,user0478,20530,0,1790877454827862700
orange,tx-003147,user1147,user0398,36895,0,1790877454835862700
airtel,tx-003148,user1148,user0985,8565,0,1790877454843862700
mvola,tx-003149,user1149,user0629,10703,0,1790877454851862700
orange,tx-003150,user1150,user1028,44608,0,1790877454859862700
airtel,tx-003151,user1151,user0515,29907,0,1790877454867862700
mvola,tx-003152,user1152,user0622,36051,0,1790877454875862700
orange,tx-003153,user1153,user0190,4415,0,1790877454883862700
airtel,tx-003154,user1154,user0012,46907,0,1790877454891862700
mvola,tx-003155,user1155,user0310,16786,0,1790877454899862700
orange,tx-003156,user1156,user1664,8907,0,1790877454907862700
airtel,tx-003157,user1157,user1967,35372,0,1790877454915862700
mvola,tx-003158,user1158,user0081,1018,0,1790877454923862700
orange,tx-003159,user1159,user1013,47597,0,1790877454931862700
airtel,tx-003160,user1160,user0420,9274,0,1790877454939862700
mvola,tx-003161,user1161,user0566,39641,0,1790877454947862700
orange,tx-003162,user1162,user0222,18622,0,1790877454955862700
airtel,tx-003163,user1163,user1298,19213,0,1790877454963862700
mvola,tx-003164,user1164,user1356,25959,0,1790877454971862700
orange,tx-003165,user1165,user0155,24983,0,1790877454979862700
airtel,tx-003166,user1166,user1864,28668,0,1790877454987862700
mvola,tx-003167,user1167,user1127,46920,0,1790877454995862700
orange,tx-003168,user1168,user1275,33000,0,1790877455003862700
airtel,tx-003169,user1169,user0392,38623,0,1790877455011862700
mvola,tx-003170,user1170,user1373,36052,0,1790877455019862700
orange,tx-003171,user1171,user1241,22280,0,1790877455027862700
airtel,tx-003172,user1172,user1451,10324,0,1790877455035862700
mvola,tx-003173,user1173,user0310,6460,0,1790877455043862700
orange,tx-003174,user1174,user1829,46317,0,1790877455051862700
airtel,tx-003175,user1175,user1022,29777,0,1790877455059862700
mvola,tx-003176,user1176,user1025,15441,0,1790877455067862700
orange,tx-003177,user1177,user0477,37239,0,1790877455075862700
airtel,tx-003178,user1178,user0393,44112,0,1790877455083862700
mvola,tx-003179,user1179,user0979,28403,0,1790877455091862700
orange,tx-003180,user1180,user0324,19726,0,1790877455099862700
airtel,tx-003181,user1181,user0736,33347,0,1790877455107862700
mvola,tx-003182,user1182,user0465,19837,0,1790877455115862700
orange,tx-003183,user1183,user1795,23818,0,1790877455123862700
airtel,tx-003184,user1184,user0945,41578,0,1790877455131862700
mvola,tx-003185,user1185,user1855,17056,0,1790877455139862700
orange,tx-003186,user1186,user1660,40361,0,1790877455147862700
airtel,tx-003187,user1187,user0354,41350,0,1790877455155862700
mvola,tx-003188,user1188,user1330,27757,0,1790877455163862700
orange,tx-003189,user1189,user1838,13493,0,1790877455171862700
airtel,tx-003190,user1190,user1895,13658,0,1790877455179862700
mvola,tx-003191,user1191,user0201,28061,0,1790877455187862700
orange,tx-003192,user1192,user0899,15832,0,1790877455195862700
airtel,tx-003193,user1193,user1509,1130,0,1790877455203862700
mvola,tx-003194,user1194,user0824,14086,0,1790877455211862700
orange,tx-003195,user1195,user1206,726,0,1790877455219862700
airtel,tx-003196,user1196,user1207,143,0,1790877455227862700
mvola,tx-003197,user1197,user1519,10737,0,1790877455235862700
orange,tx-003198,user1198,user1872,22800,0,1790877455243862700
airtel,tx-003199,user1199,user1278,27778,0,1790877455251862700
mvola,tx-003200,user1200,user0262,9159,0,1790877455259862700
orange,tx-003201,user1201,user1433,27777,0,1790877455267862700
airtel,tx-003202,user1202,user0455,1369,0,1790877455275862700
mvola,tx-003203,user1203,user0813,4397,0,1790877455283862700
orange,tx-003204,user1204,user1603,12187,0,1790877455291862700
airtel,tx-003205,user1205,user1757,3604,0,1790877455299862700
mvola,tx-003206,user1206,user0128,4345,0,1790877455307862700
orange,tx-003207,user1207,user0380,34211,0,1790877455315862700
airtel,tx-003208,user1208,user0479,40047,0,1790877455323862700
mvola,tx-003209,user1209,user1913,25086,0,1790877455331862700
orange,tx-003210,user1210,user0464,16515,0,1790877455339862700
airtel,tx-003211,user1211,user0466,32404,0,1790877455347862700
mvola,tx-003212,user1212,user1519,393,0,1790877455355862700
orange,tx-003213,user1213,user1295,5296,0,1790877455363862700
airtel,tx-003214,user1214,user0038,6863,0,1790877455371862700
mvola,tx-003215,user1215,user1213,49799,0,1790877455379862700
orange,tx-003216,user1216,user0632,24632,0,1790877455387862700
airtel,tx-003217,user1217,user1257,42143,0,1790877455395862700
mvola,tx-003218,user1218,user1778,36998,0,1790877455403862700
orange,tx-003219,user1219,user0801,28349,0,1790877455411862700
airtel,tx-003220,user1220,user1407,36304,0,1790877455419862700
mvola,tx-003221,user1221,user0846,27720,0,1790877455427862700
orange,tx-003222,user1222,user0974,25706,0,1790877455435862700
airtel,tx-003223,user1223,user1343,6541,0,1790877455443862700
mvola,tx-003224,user1224,user1419,3397,0,1790877455451862700
orange,tx-003225,user1225,user0267,9280,0,1790877455459862700
airtel,tx-003226,user1226,user0119,16697,0,1790877455467862700
mvola,tx-003227,user1227,user0351,22260,0,1790877455475862700
orange,tx-003228,user1228,user1275,14933,0,1790877455483862700
airtel,tx-003229,user1229,user1489,10322,0,1790877455491862700
mvola,tx-003230,user1230,user1683,20473,0,1790877455499862700
orange,tx-003231,user1231,user1756,8006,0,1790877455507862700
airtel,tx-003232,user1232,user1800,12741,0,1790877455515862700
mvola,tx-003233,user1233,user0709,4917,0,1790877455523862700
orange,tx-003234,user1234,user0620,11389,0,1790877455531862700
airtel,tx-003235,user1235,user1783,8417,0,1790877455539862700
mvola,tx-003236,user1236,user0395,5074,0,1790877455547862700
orange,tx-003237,user1237,user1235,3298,0,1790877455555862700
airtel,tx-003238,user1238,user1712,48222,0,1790877455563862700
mvola,tx-003239,user1239,user1071,4112,0,1790877455571862700
orange,tx-003240,user1240,user1540,30757,0,1790877455579862700
airtel,tx-003241,user1241,user0273,48867,0,1790877455587862700
mvola,tx-003242,user1242,user1725,21037,0,1790877455595862700
orange,tx-003243,user1243,user1121,33801,0,1790877455603862700
airtel,tx-003244,user1244,user1354,21135,0,1790877455611862700
mvola,tx-003245,user1245,user0758,33659,0,1790877455619862700
orange,tx-003246,user1246,user0076,2225,0,1790877455627862700
airtel,tx-003247,user1247,user0530,5942,0,1790877455635862700
mvola,tx-003248,user1248,user1518,3486,0,1790877455643862700
orange,tx-003249,user1249,user1406,1985,0,1790877455651862700
airtel,tx-003250,user1250,user1056,24212,0,1790877455659862700
mvola,tx-003251,user1251,user1686,11834,0,1790877455667862700
orange,tx-003252,user1252,user0478,28857,0,1790877455675862700
airtel,tx-003253,user1253,user1091,20622,0,1790877455683862700
mvola,tx-003254,user1254,user0725,42766,0,1790877455691862700
orange,tx-003255,user1255,user1175,39930,0,1790877455699862700
airtel,tx-003256,user1256,user1823,31394,0,1790877455707862700
mvola,tx-003257,user1257,user0795,44192,0,1790877455715862700
orange,tx-003258,user1258,user0231,37998,0,1790877455723862700
airtel,tx-003259,user1259,user0005,17155,0,1790877455731862700
mvola,tx-003260,user1260,user0405,5048,0,1790877455739862700
orange,tx-003261,user1261,user0078,28965,0,1790877455747862700
airtel,tx-003262,user1262,user1152,29003,0,1790877455755862700
mvola,tx-003263,user1263,user0490,11657,0,1790877455763862700
orange,tx-003264,user1264,user0667,3297,0,1790877455771862700
airtel,tx-003265,user1265,user1583,27854,0,1790877455779862700
mvola,tx-003266,user1266,user0987,17070,0,1790877455787862700
orange,tx-003267,user1267,user0931,13320,0,1790877455795862700
airtel,tx-003268,user1268,user1019,23480,0,1790877455803862700
mvola,tx-003269,user1269,user0486,35132,0,1790877455811862700
orange,tx-003270,user1270,user0420,35734,0,1790877455819862700
airtel,tx-003271,user1271,user0725,16391,0,1790877455827862700
mvola,tx-003272,user1272,user1078,29883,0,1790877455835862700
orange,tx-003273,user1273,user0626,28454,0,1790877455843862700
airtel,tx-003274,user1274,user0365,45233,0,1790877455851862700
mvola,tx-003275,user1275,user1984,42667,0,1790877455859862700
orange,tx-003276,user1276,user0737,7155,0,1790877455867862700
airtel,tx-003277,user1277,user0492,9371,0,1790877455875862700
mvola,tx-003278,user1278,user0766,6080,0,1790877455883862700
orange,tx-003279,user1279,user0574,25618,0,1790877455891862700
airtel,tx-003280,user1280,user0622,35469,0,1790877455899862700
mvola,tx-003281,user1281,user0369,10246,0,1790877455907862700
orange,tx-003282,user1282,user1418,10055,0,1790877455915862700
airtel,tx-003283,user1283,user0867,45227,0,1790877455923862700
mvola,tx-003284,user1284,user0118,45676,0,1790877455931862700
orange,tx-003285,user1285,user1273,8986,0,1790877455939862700
airtel,tx-003286,user1286,user1587,21323,0,1790877455947862700
mvola,tx-003287,user1287,user1006,16958,0,1790877455955862700
orange,tx-003288,user1288,user1496,28250,0,1790877455963862700
airtel,tx-003289,user1289,user0226,18791,0,1790877455971862700
mvola,tx-003290,user1290,user1780,49985,0,1790877455979862700
orange,tx-003291,user1291,user1204,9272,0,1790877455987862700
airtel,tx-003292,user1292,user0840,31486,0,1790877455995862700
mvola,tx-003293,user1293,user0159,14757,0,1790877456003862700
orange,tx-003294,user1294,user1572,31232,0,1790877456011862700
airtel,tx-003295,user1295,user0126,24989,0,1790877456019862700
mvola,tx-003296,user1296,user0510,44011,0,1790877456027862700
orange,tx-003297,user1297,user1271,39687,0,1790877456035862700
airtel,tx-003298,user1298,user1913,39853,0,1790877456043862700
mvola,tx-003299,user1299,user0126,10740,0,1790877456051862700
orange,tx-003300,user1300,user1915,19994,0,1790877456059862700
airtel,tx-003301,user1301,user1451,6662,0,1790877456067862700
mvola,tx-003302,user1302,user1650,37181,0,1790877456075862700
orange,tx-003303,user1303,user1058,27144,0,1790877456083862700
airtel,tx-003304,user1304,user0873,16484,0,1790877456091862700
mvola,tx-003305,user1305,user1064,49872,0,1790877456099862700
orange,tx-003306,user1306,user0102,21636,0,1790877456107862700
airtel,tx-003307,user1307,user1472,43420,0,1790877456115862700
mvola,tx-003308,user1308,user1164,41556,0,1790877456123862700
orange,tx-003309,user1309,user1689,17133,0,1790877456131862700
airtel,tx-003310,user1310,user1836,49555,0,1790877456139862700
mvola,tx-003311,user1311,user0197,29275,0,1790877456147862700
orange,tx-003312,user1312,user1693,7123,0,1790877456155862700
airtel,tx-003313,user1313,user1613,28385,0,1790877456163862700
mvola,tx-003314,user1314,user0565,29731,0,1790877456171862700
orange,tx-003315,user1315,user0969,1215,0,1790877456179862700
airtel,tx-003316,user1316,user0226,19194,0,1790877456187862700
mvola,tx-003317,user1317,user1563,12909,0,1790877456195862700
orange,tx-003318,user1318,user0776,22573,0,1790877456203862700
airtel,tx-003319,user1319,user0099,48833,0,1790877456211862700
mvola,tx-003320,user1320,user1716,4049,0,1790877456219862700
orange,tx-003321,user1321,user1728,9835,0,1790877456227862700
airtel,tx-003322,user1322,user1923,526,0,1790877456235862700
mvola,tx-003323,user1323,user1850,49199,0,1790877456243862700
orange,tx-003324,user1324,user0070,11738,0,1790877456251862700
airtel,tx-003325,user1325,user0215,22212,0,1790877456259862700
mvola,tx-003326,user1326,user0768,27520,0,1790877456267862700
orange,tx-003327,user1327,user0247,25411,0,1790877456275862700
airtel,tx-003328,user1328,user0942,6253,0,1790877456283862700
mvola,tx-003329,user1329,user0616,23598,0,1790877456291862700
orange,tx-003330,user1330,user1043,42062,0,1790877456299862700
airtel,tx-003331,user1331,user1532,44817,0,1790877456307862700
mvola,tx-003332,user1332,user0645,16782,0,1790877456315862700
orange,tx-003333,user1333,user0340,11701,0,1790877456323862700
airtel,tx-003334,user1334,user0143,31197,0,1790877456331862700
mvola,tx-003335,user1335,user1603,1699,0,1790877456339862700
orange,tx-003336,user1336,user1708,4436,0,1790877456347862700
airtel,tx-003337,user1337,user0032,2773,0,1790877456355862700
mvola,tx-003338,user1338,user0662,1445,0,1790877456363862700
orange,tx-003339,user1339,user1954,9860,0,1790877456371862700
airtel,tx-003340,user1340,user0195,24230,0,1790877456379862700
mvola,tx-003341,user1341,user1798,18174,0,1790877456387862700
orange,tx-003342,user1342,user0589,22283,0,1790877456395862700
airtel,tx-003343,user1343,user1050,40868,0,1790877456403862700
mvola,tx-003344,user1344,user0416,49501,0,1790877456411862700
orange,tx-003345,user1345,user1269,41478,0,1790877456419862700
airtel,tx-003346,user1346,user1407,6095,0,1790877456427862700
mvola,tx-003347,user1347,user0416,9605,0,1790877456435862700
orange,tx-003348,user1348,user0852,29582,0,1790877456443862700
airtel,tx-003349,user1349,user0762,29132,0,1790877456451862700
mvola,tx-003350,user1350,user1434,14381,0,1790877456459862700
orange,tx-003351,user1351,user0904,29375,0,1790877456467862700
airtel,tx-003352,user1352,user1951,21199,0,1790877456475862700
mvola,tx-003353,user1353,user0006,28291,0,1790877456483862700
orange,tx-003354,user1354,user0208,48877,0,1790877456491862700
airtel,tx-003355,user1355,user0088,40397,0,1790877456499862700
mvola,tx-003356,user1356,user1218,25498,0,1790877456507862700
orange,tx-003357,user1357,user0097,34302,0,1790877456515862700
airtel,tx-003358,user1358,user0584,4986,0,1790877456523862700
mvola,tx-003359,user1359,user0862,25905,0,1790877456531862700
orange,tx-003360,user1360,user0775,13443,0,1790877456539862700
airtel,tx-003361,user1361,user1457,45899,0,1790877456547862700
mvola,tx-003362,user1362,user0681,49766,0,1790877456555862700
orange,tx-003363,user1363,user1859,16775,0,1790877456563862700
airtel,tx-003364,user1364,user1882,31356,0,1790877456571862700
mvola,tx-003365,user1365,user0697,26619,0,1790877456579862700
orange,tx-003366,user1366,user0793,37224,0,1790877456587862700
airtel,tx-003367,user1367,user1043,34468,0,1790877456595862700
mvola,tx-003368,user1368,user0280,13152,0,1790877456603862700
orange,tx-003369,user1369,user0804,41484,0,1790877456611862700
airtel,tx-003370,user1370,user0930,41960,0,1790877456619862700
mvola,tx-003371,user1371,user0497,2217,0,1790877456627862700
orange,tx-003372,user1372,user0441,33542,0,1790877456635862700
airtel,tx-003373,user1373,user1786,15198,0,1790877456643862700
mvola,tx-003374,user1374,user0695,22828,0,1790877456651862700
orange,tx-003375,user1375,user0037,4607,0,1790877456659862700
airtel,tx-003376,user1376,user1192,48553,0,1790877456667862700
mvola,tx-003377,user1377,user1867,31958,0,1790877456675862700
orange,tx-003378,user1378,user1325,3003,0,1790877456683862700
airtel,tx-003379,user1379,user1973,34989,0,1790877456691862700
mvola,tx-003380,user1380,user0494,6710,0,1790877456699862700
orange,tx-003381,user1381,user0512,41472,0,1790877456707862700
airtel,tx-003382,user1382,user0957,2622,0,1790877456715862700
mvola,tx-003383,user1383,user1633,2342,0,1790877456723862700
orange,tx-003384,user1384,user1809,7608,0,1790877456731862700
airtel,tx-003385,user1385,user1646,34835,0,1790877456739862700
mvola,tx-003386,user1386,user1606,21472,0,1790877456747862700
orange,tx-003387,user1387,user1759,38865,0,1790877456755862700
airtel,tx-003388,user1388,user0525,35753,0,1790877456763862700
mvola,tx-003389,user1389,user1181,42482,0,1790877456771862700
orange,tx-003390,user1390,user0369,40372,0,1790877456779862700
airtel,tx-003391,user1391,user0674,49898,0,1790877456787862700
mvola,tx-003392,user1392,user1320,26740,0,1790877456795862700
orange,tx-003393,user1393,user0537,18465,0,1790877456803862700
airtel,tx-003394,user1394,user0320,37245,0,1790877456811862700
mvola,tx-003395,user1395,user0345,11773,0,1790877456819862700
orange,tx-003396,user1396,user1145,9678,0,1790877456827862700
airtel,tx-003397,user1397,user0825,25106,0,1790877456835862700
mvola,tx-003398,user1398,user0315,49995,0,1790877456843862700
orange,tx-003399,user1399,user1613,14907,0,1790877456851862700
airtel,tx-003400,user1400,user1893,23218,0,1790877456859862700
mvola,tx-003401,user1401,user0957,14954,0,1790877456867862700
orange,tx-003402,user1402,user1897,27903,0,1790877456875862700
airtel,tx-003403,user1403,user1785,41127,0,1790877456883862700
mvola,tx-003404,user1404,user1788,21198,0,1790877456891862700
orange,tx-003405,user1405,user0077,43271,0,1790877456899862700
airtel,tx-003406,user1406,user1026,41097,0,1790877456907862700
mvola,tx-003407,user1407,user0110,36522,0,1790877456915862700
orange,tx-003408,user1408,user1653,7513,0,1790877456923862700
airtel,tx-003409,user1409,user0194,46014,0,1790877456931862700
mvola,tx-003410,user1410,user0995,1984,0,1790877456939862700
orange,tx-003411,user1411,user1620,23281,0,1790877456947862700
airtel,tx-003412,user1412,user1236,19568,0,1790877456955862700
mvola,tx-003413,user1413,user0323,49788,0,1790877456963862700
orange,tx-003414,user1414,user1504,12070,0,1790877456971862700
airtel,tx-003415,user1415,user0141,48244,0,1790877456979862700
mvola,tx-003416,user1416,user0218,3032,0,1790877456987862700
orange,tx-003417,user1417,user1448,15621,0,1790877456995862700
airtel,tx-003418,user1418,user1490,26084,0,1790877457003862700
mvola,tx-003419,user1419,user1380,29049,0,1790877457011862700
orange,tx-003420,user1420,user0288,35475,0,1790877457019862700
airtel,tx-003421,user1421,user0222,41793,0,1790877457027862700
mvola,tx-003422,user1422,user0561,9455,0,1790877457035862700
orange,tx-003423,user1423,user1100,34653,0,1790877457043862700
airtel,tx-003424,user1424,user1726,6115,0,1790877457051862700
mvola,tx-003425,user1425,user0084,43448,0,1790877457059862700
orange,tx-003426,user1426,user0619,13443,0,1790877457067862700
airtel,tx-003427,user1427,user0440,30263,0,1790877457075862700
mvola,tx-003428,user1428,user0361,34229,0,1790877457083862700
orange,tx-003429,user1429,user1151,7595,0,1790877457091862700
airtel,tx-003430,user1430,user0133,13794,0,1790877457099862700
mvola,tx-003431,user1431,user1300,35886,0,1790877457107862700
orange,tx-003432,user1432,user0399,18060,0,1790877457115862700
airtel,tx-003433,user1433,user1881,22295,0,1790877457123862700
mvola,tx-003434,user1434,user0717,26594,0,1790877457131862700
orange,tx-003435,user1435,user1951,36872,0,1790877457139862700
airtel,tx-003436,user1436,user1298,32065,0,1790877457147862700
mvola,tx-003437,user1437,user0493,3379,0,1790877457155862700
orange,tx-003438,user1438,user0985,7374,0,1790877457163862700
airtel,tx-003439,user1439,user1928,20860,0,1790877457171862700
mvola,tx-003440,user1440,user1987,20430,0,1790877457179862700
orange,tx-003441,user1441,user0626,18624,0,1790877457187862700
airtel,tx-003442,user1442,user1524,26073,0,1790877457195862700
mvola,tx-003443,user1443,user0343,31379,0,1790877457203862700
orange,tx-003444,user1444,user1594,45698,0,1790877457211862700
airtel,tx-003445,user1445,user1047,45485,0,1790877457219862700
mvola,tx-003446,user1446,user1489,5165,0,1790877457227862700
orange,tx-003447,user1447,user1751,5564,0,1790877457235862700
airtel,tx-003448,user1448,user1867,23582,0,1790877457243862700
mvola,tx-003449,user1449,user1678,12743,0,1790877457251862700
orange,tx-003450,user1450,user1732,20964,0,1790877457259862700
airtel,tx-003451,user1451,user0750,13007,0,1790877457267862700
mvola,tx-003452,user1452,user0569,30907,0,1790877457275862700
orange,tx-003453,user1453,user1680,38392,0,1790877457283862700
airtel,tx-003454,user1454,user0437,15792,0,1790877457291862700
mvola,tx-003455,user1455,user0765,1374,0,1790877457299862700
orange,tx-003456,user1456,user0343,35906,0,1790877457307862700
airtel,tx-003457,user1457,user0464,892,0,1790877457315862700
mvola,tx-003458,user1458,user0706,25486,0,1790877457323862700
orange,tx-003459,user1459,user0510,8915,0,1790877457331862700
airtel,tx-003460,user1460,user1531,49889,0,1790877457339862700
mvola,tx-003461,user1461,user1917,29697,0,1790877457347862700
orange,tx-003462,user1462,user1138,17834,0,1790877457355862700
airtel,tx-003463,user1463,user0494,28467,0,1790877457363862700
mvola,tx-003464,user1464,user0020,25761,0,1790877457371862700
orange,tx-003465,user1465,user1976,13591,0,1790877457379862700
airtel,tx-003466,user1466,user0077,41442,0,1790877457387862700
mvola,tx-003467,user1467,user1865,22640,0,1790877457395862700
orange,tx-003468,user1468,user1722,15952,0,1790877457403862700
airtel,tx-003469,user1469,user1870,35405,0,1790877457411862700
mvola,tx-003470,user1470,user0852,8923,0,1790877457419862700
orange,tx-003471,user1471,user0911,14678,0,1790877457427862700
airtel,tx-003472,user1472,user1377,18800,0,1790877457435862700
mvola,tx-003473,user1473,user1677,11405,0,1790877457443862700
orange,tx-003474,user1474,user0285,2403,0,1790877457451862700
airtel,tx-003475,user1475,user0542,47805,0,1790877457459862700
mvola,tx-003476,user1476,user1443,36157,0,1790877457467862700
orange,tx-003477,user1477,user1713,18779,0,1790877457475862700
airtel,tx-003478,user1478,user0609,48463,0,1790877457483862700
mvola,tx-003479,user1479,user1640,18328,0,1790877457491862700
orange,tx-003480,user1480,user1243,14693,0,1790877457499862700
airtel,tx-003481,user1481,user1351,44463,0,1790877457507862700
mvola,tx-003482,user1482,user1532,22738,0,1790877457515862700
orange,tx-003483,user1483,user1482,45493,0,1790877457523862700
airtel,tx-003484,user1484,user1369,41588,0,1790877457531862700
mvola,tx-003485,user1485,user0251,21979,0,1790877457539862700
orange,tx-003486,user1486,user1305,5182,0,1790877457547862700
airtel,tx-003487,user1487,user0708,26950,0,1790877457555862700
mvola,tx-003488,user1488,user1252,4859,0,1790877457563862700
orange,tx-003489,user1489,user0079,30067,0,1790877457571862700
airtel,tx-003490,user1490,user1155,10915,0,1790877457579862700
mvola,tx-003491,user1491,user1644,11018,0,1790877457587862700
orange,tx-003492,user1492,user0661,6009,0,1790877457595862700
airtel,tx-003493,user1493,user0700,13044,0,1790877457603862700
mvola,tx-003494,user1494,user1937,28137,0,1790877457611862700
orange,tx-003495,user1495,user0074,10662,0,1790877457619862700
airtel,tx-003496,user1496,user1385,46836,0,1790877457627862700
mvola,tx-003497,user1497,user1544,39234,0,1790877457635862700
orange,tx-003498,user1498,user0270,29487,0,1790877457643862700
airtel,tx-003499,user1499,user1045,23566,0,1790877457651862700
mvola,tx-003500,user1500,user0119,4901,0,1790877457659862700
orange,tx-003501,user1501,user1903,25569,0,1790877457667862700
airtel,tx-003502,user1502,user1028,35571,0,1790877457675862700
mvola,tx-003503,user1503,user1882,39005,0,1790877457683862700
orange,tx-003504,user1504,user0706,34165,0,1790877457691862700
airtel,tx-003505,user1505,user0409,2860,0,1790877457699862700
mvola,tx-003506,user1506,user1505,35944,0,1790877457707862700
orange,tx-003507,user1507,user0298,32353,0,1790877457715862700
airtel,tx-003508,user1508,user0696,39298,0,1790877457723862700
mvola,tx-003509,user1509,user0392,39366,0,1790877457731862700
orange,tx-003510,user1510,user1855,28475,0,1790877457739862700
airtel,tx-003511,user1511,user1840,6216,0,1790877457747862700
mvola,tx-003512,user1512,user1926,27757,0,1790877457755862700
orange,tx-003513,user1513,user0859,27132,0,1790877457763862700
airtel,tx-003514,user1514,user1518,5896,0,1790877457771862700
mvola,tx-003515,user1515,user0169,11008,0,1790877457779862700
orange,tx-003516,user1516,user0958,25457,0,1790877457787862700
airtel,tx-003517,user1517,user1764,16262,0,1790877457795862700
mvola,tx-003518,user1518,user0441,13935,0,1790877457803862700
orange,tx-003519,user1519,user1676,11974,0,1790877457811862700
airtel,tx-003520,user1520,user0659,30918,0,1790877457819862700
mvola,tx-003521,user1521,user0147,12514,0,1790877457827862700
orange,tx-003522,user1522,user1610,38774,0,1790877457835862700
airtel,tx-003523,user1523,user0380,14024,0,1790877457843862700
mvola,tx-003524,user1524,user1231,21151,0,1790877457851862700
orange,tx-003525,user1525,user0723,6609,0,1790877457859862700
airtel,tx-003526,user1526,user1567,15067,0,1790877457867862700
mvola,tx-003527,user1527,user1007,41817,0,1790877457875862700
orange,tx-003528,user1528,user1618,23959,0,1790877457883862700
airtel,tx-003529,user1529,user0097,2584,0,1790877457891862700
mvola,tx-003530,user1530,user0605,23496,0,1790877457899862700
orange,tx-003531,user1531,user0568,18849,0,1790877457907862700
airtel,tx-003532,user1532,user1071,4620,0,1790877457915862700
mvola,tx-003533,user1533,user1732,6241,0,1790877457923862700
orange,tx-003534,user1534,user1491,41303,0,1790877457931862700
airtel,tx-003535,user1535,user1677,6568,0,1790877457939862700
mvola,tx-003536,user1536,user1259,41522,0,1790877457947862700
orange,tx-003537,user1537,user0124,31365,0,1790877457955862700
airtel,tx-003538,user1538,user1977,17792,0,1790877457963862700
mvola,tx-003539,user1539,user0325,9445,0,1790877457971862700
orange,tx-003540,user1540,user0821,420,0,1790877457979862700
airtel,tx-003541,user1541,user0136,2200,0,1790877457987862700
mvola,tx-003542,user1542,user0954,22148,0,1790877457995862700
orange,tx-003543,user1543,user0541,3318,0,1790877458003862700
airtel,tx-003544,user1544,user0950,23236,0,1790877458011862700
mvola,tx-003545,user1545,user0316,40731,0,1790877458019862700
orange,tx-003546,user1546,user0371,3368,0,1790877458027862700
airtel,tx-003547,user1547,user0593,17750,0,1790877458035862700
mvola,tx-003548,user1548,user1593,3430,0,1790877458043862700
orange,tx-003549,user1549,user0030,45213,0,1790877458051862700
airtel,tx-003550,user1550,user0308,48354,0,1790877458059862700
mvola,tx-003551,user1551,user1682,27623,0,1790877458067862700
orange,tx-003552,user1552,user0545,14948,0,1790877458075862700
airtel,tx-003553,user1553,user0055,23327,0,1790877458083862700
mvola,tx-003554,user1554,user1793,26586,0,1790877458091862700
orange,tx-003555,user1555,user1772,32521,0,1790877458099862700
airtel,tx-003556,user1556,user0393,14024,0,1790877458107862700
mvola,tx-003557,user1557,user1923,14614,0,1790877458115862700
orange,tx-003558,user1558,user0701,48549,0,1790877458123862700
airtel,tx-003559,user1559,user0897,39637,0,1790877458131862700
mvola,tx-003560,user1560,user1513,8548,0,1790877458139862700
orange,tx-003561,user1561,user1355,4209,0,1790877458147862700
airtel,tx-003562,user1562,user0991,29489,0,1790877458155862700
mvola,tx-003563,user1563,user1980,22676,0,1790877458163862700
orange,tx-003564,user1564,user0484,49270,0,1790877458171862700
airtel,tx-003565,user1565,user0404,25014,0,1790877458179862700
mvola,tx-003566,user1566,user1543,1594,0,1790877458187862700
orange,tx-003567,user1567,user1640,45853,0,1790877458195862700
airtel,tx-003568,user1568,user1631,42436,0,1790877458203862700
mvola,tx-003569,user1569,user0567,30587,0,1790877458211862700
orange,tx-003570,user1570,user1275,7965,0,1790877458219862700
airtel,tx-003571,user1571,user0756,49588,0,1790877458227862700
mvola,tx-003572,user1572,user0399,9990,0,1790877458235862700
orange,tx-003573,user1573,user0223,12971,0,1790877458243862700
airtel,tx-003574,user1574,user0409,43718,0,1790877458251862700
mvola,tx-003575,user1575,user1415,16063,0,1790877458259862700
orange,tx-003576,user1576,user0416,48555,0,1790877458267862700
airtel,tx-003577,user1577,user0792,43253,0,1790877458275862700
mvola,tx-003578,user1578,user1380,1511,0,1790877458283862700
orange,tx-003579,user1579,user0750,28914,0,1790877458291862700
airtel,tx-003580,user1580,user0779,27635,0,1790877458299862700
mvola,tx-003581,user1581,user0504,24713,0,1790877458307862700
orange,tx-003582,user1582,user1735,43074,0,1790877458315862700
airtel,tx-003583,user1583,user1310,25464,0,1790877458323862700
mvola,tx-003584,user1584,user1637,43820,0,1790877458331862700
orange,tx-003585,user1585,user0871,14937,0,1790877458339862700
airtel,tx-003586,user1586,user1940,39846,0,1790877458347862700
mvola,tx-003587,user1587,user0994,3603,0,1790877458355862700
orange,tx-003588,user1588,user1031,31823,0,1790877458363862700
airtel,tx-003589,user1589,user1203,26657,0,1790877458371862700
mvola,tx-003590,user1590,user0494,7439,0,1790877458379862700
orange,tx-003591,user1591,user1317,16934,0,1790877458387862700
airtel,tx-003592,user1592,user0744,11844,0,1790877458395862700
mvola,tx-003593,user1593,user1964,17075,0,1790877458403862700
orange,tx-003594,user1594,user0372,16221,0,1790877458411862700
airtel,tx-003595,user1595,user0724,20098,0,1790877458419862700
mvola,tx-003596,user1596,user0674,48022,0,1790877458427862700
orange,tx-003597,user1597,user1186,27103,0,1790877458435862700
airtel,tx-003598,user1598,user0497,42795,0,1790877458443862700
mvola,tx-003599,user1599,user0107,23749,0,1790877458451862700
orange,tx-003600,user1600,user0714,34217,0,1790877458459862700
airtel,tx-003601,user1601,user0283,43086,0,1790877458467862700
mvola,tx-003602,user1602,user1288,11502,0,1790877458475862700
orange,tx-003603,user1603,user0102,43645,0,1790877458483862700
airtel,tx-003604,user1604,user1385,8369,0,1790877458491862700
mvola,tx-003605,user1605,user1001,4572,0,1790877458499862700
orange,tx-003606,user1606,user1660,36829,0,1790877458507862700
airtel,tx-003607,user1607,user1702,4225,0,1790877458515862700
mvola,tx-003608,user1608,user1337,21576,0,1790877458523862700
orange,tx-003609,user1609,user0777,33731,0,1790877458531862700
airtel,tx-003610,user1610,user1812,33450,0,1790877458539862700
mvola,tx-003611,user1611,user1138,47649,0,1790877458547862700
orange,tx-003612,user1612,user0864,13083,0,1790877458555862700
airtel,tx-003613,user1613,user0355,17832,0,1790877458563862700
mvola,tx-003614,user1614,user1187,14110,0,1790877458571862700
orange,tx-003615,user1615,user1014,38902,0,1790877458579862700
airtel,tx-003616,user1616,user0876,24705,0,1790877458587862700
mvola,tx-003617,user1617,user0678,43109,0,1790877458595862700
orange,tx-003618,user1618,user0132,30773,0,1790877458603862700
airtel,tx-003619,user1619,user0402,46910,0,1790877458611862700
mvola,tx-003620,user1620,user1014,25198,0,1790877458619862700
orange,tx-003621,user1621,user1965,49646,0,1790877458627862700
airtel,tx-003622,user1622,user0632,48451,0,1790877458635862700
mvola,tx-003623,user1623,user0285,30621,0,1790877458643862700
orange,tx-003624,user1624,user0637,43388,0,1790877458651862700
airtel,tx-003625,user1625,user0366,25527,0,1790877458659862700
mvola,tx-003626,user1626,user1654,15682,0,1790877458667862700
orange,tx-003627,user1627,user1031,49277,0,1790877458675862700
airtel,tx-003628,user1628,user0781,22660,0,1790877458683862700
mvola,tx-003629,user1629,user0608,40030,0,1790877458691862700
orange,tx-003630,user1630,user0291,42448,0,1790877458699862700
airtel,tx-003631,user1631,user0913,21532,0,1790877458707862700
mvola,tx-003632,user1632,user0499,25742,0,1790877458715862700
orange,tx-003633,user1633,user0603,47781,0,1790877458723862700
airtel,tx-003634,user1634,user0921,29277,0,1790877458731862700
mvola,tx-003635,user1635,user0419,28715,0,1790877458739862700
orange,tx-003636,user1636,user0451,44086,0,1790877458747862700
airtel,tx-003637,user1637,user0421,16615,0,1790877458755862700
mvola,tx-003638,user1638,user1660,258,0,1790877458763862700
orange,tx-003639,user1639,user1878,42536,0,1790877458771862700
airtel,tx-003640,user1640,user1763,40766,0,1790877458779862700
mvola,tx-003641,user1641,user1721,32020,0,1790877458787862700
orange,tx-003642,user1642,user1126,22664,0,1790877458795862700
airtel,tx-003643,user1643,user1127,1553,0,1790877458803862700
mvola,tx-003644,user1644,user1233,27549,0,1790877458811862700
orange,tx-003645,user1645,user0135,32485,0,1790877458819862700
airtel,tx-003646,user1646,user0028,3095,0,1790877458827862700
mvola,tx-003647,user1647,user0347,47223,0,1790877458835862700
orange,tx-003648,user1648,user0353,42710,0,1790877458843862700
airtel,tx-003649,user1649,user1390,13633,0,1790877458851862700
mvola,tx-003650,user1650,user0731,36228,0,1790877458859862700
orange,tx-003651,user1651,user1993,14970,0,1790877458867862700
airtel,tx-003652,user1652,user0391,6383,0,1790877458875862700
mvola,tx-003653,user1653,user0938,49593,0,1790877458883862700
orange,tx-003654,user1654,user1686,23069,0,1790877458891862700
airtel,tx-003655,user1655,user1665,37345,0,1790877458899862700
mvola,tx-003656,user1656,user0747,32983,0,1790877458907862700
orange,tx-003657,user1657,user0664,31568,0,1790877458915862700
airtel,tx-003658,user1658,user1224,29036,0,1790877458923862700
mvola,tx-003659,user1659,user1427,11181,0,1790877458931862700
orange,tx-003660,user1660,user1090,5829,0,1790877458939862700
airtel,tx-003661,user1661,user1014,4215,0,1790877458947862700
mvola,tx-003662,user1662,user1963,26738,0,1790877458955862700
orange,tx-003663,user1663,user0569,2194,0,1790877458963862700
airtel,tx-003664,user1664,user1778,26516,0,1790877458971862700
mvola,tx-003665,user1665,user0011,22899,0,1790877458979862700
orange,tx-003666,user1666,user0804,12756,0,1790877458987862700
airtel,tx-003667,user1667,user0121,34388,0,1790877458995862700
mvola,tx-003668,user1668,user1497,22317,0,1790877459003862700
orange,tx-003669,user1669,user0310,1464,0,1790877459011862700
airtel,tx-003670,user1670,user1308,22175,0,1790877459019862700
mvola,tx-003671,user1671,user0104,38871,0,1790877459027862700
orange,tx-003672,user1672,user1835,31382,0,1790877459035862700
airtel,tx-003673,user1673,user0083,33590,0,1790877459043862700
mvola,tx-003674,user1674,user0887,49721,0,1790877459051862700
orange,tx-003675,user1675,user1244,7418,0,1790877459059862700
airtel,tx-003676,user1676,user1401,41664,0,1790877459067862700
mvola,tx-003677,user1677,user0808,20368,0,1790877459075862700
orange,tx-003678,user1678,user1454,23925,0,1790877459083862700
airtel,tx-003679,user1679,user0229,26746,0,1790877459091862700
mvola,tx-003680,user1680,user0739,46009,0,1790877459099862700
orange,tx-003681,user1681,user1408,281,0,1790877459107862700
airtel,tx-003682,user1682,user1641,14806,0,1790877459115862700
mvola,tx-003683,user1683,user1196,42381,0,1790877459123862700
orange,tx-003684,user1684,user1242,11165,0,1790877459131862700
airtel,tx-003685,user1685,user0622,36967,0,1790877459139862700
mvola,tx-003686,user1686,user0487,20724,0,1790877459147862700
orange,tx-003687,user1687,user1184,48469,0,1790877459155862700
airtel,tx-003688,user1688,user1194,10569,0,1790877459163862700
mvola,tx-003689,user1689,user1585,11370,0,1790877459171862700
orange,tx-003690,user1690,user1597,16220,0,1790877459179862700
airtel,tx-003691,user1691,user0846,3446,0,1790877459187862700
mvola,tx-003692,user1692,user0005,42054,0,1790877459195862700
orange,tx-003693,user1693,user1383,44117,0,1790877459203862700
airtel,tx-003694,user1694,user0776,31622,0,1790877459211862700
mvola,tx-003695,user1695,user0057,42993,0,1790877459219862700
orange,tx-003696,user1696,user0785,10062,0,1790877459227862700
airtel,tx-003697,user1697,user0981,31259,0,1790877459235862700
mvola,tx-003698,user1698,user0787,35029,0,1790877459243862700
orange,tx-003699,user1699,user0522,40722,0,1790877459251862700
airtel,tx-003700,user1700,user1695,46986,0,1790877459259862700
mvola,tx-003701,user1701,user1264,25979,0,1790877459267862700
orange,tx-003702,user1702,user1301,36472,0,1790877459275862700
airtel,tx-003703,user1703,user1623,21757,0,1790877459283862700
mvola,tx-003704,user1704,user1243,40485,0,1790877459291862700
orange,tx-003705,user1705,user0990,11740,0,1790877459299862700
airtel,tx-003706,user1706,user1293,41065,0,1790877459307862700
mvola,tx-003707,user1707,user1187,42860,0,1790877459315862700
orange,tx-003708,user1708,user1014,41945,0,1790877459323862700
airtel,tx-003709,user1709,user0868,39776,0,1790877459331862700
mvola,tx-003710,user1710,user0941,46349,0,1790877459339862700
orange,tx-003711,user1711,user1229,36572,0,1790877459347862700
airtel,tx-003712,user1712,user1670,16820,0,1790877459355862700
mvola,tx-003713,user1713,user1489,9862,0,1790877459363862700
orange,tx-003714,user1714,user1644,40388,0,1790877459371862700
airtel,tx-003715,user1715,user0634,42400,0,1790877459379862700
mvola,tx-003716,user1716,user1876,41086,0,1790877459387862700
orange,tx-003717,user1717,user1935,43355,0,1790877459395862700
airtel,tx-003718,user1718,user1171,5161,0,1790877459403862700
mvola,tx-003719,user1719,user0697,46828,0,1790877459411862700
orange,tx-003720,user1720,user0241,33881,0,1790877459419862700
airtel,tx-003721,user1721,user1222,25337,0,1790877459427862700
mvola,tx-003722,user1722,user1696,34614,0,1790877459435862700
orange,tx-003723,user1723,user1731,7472,0,1790877459443862700
airtel,tx-003724,user1724,user0316,44683,0,1790877459451862700
mvola,tx-003725,user1725,user0164,38105,0,1790877459459862700
orange,tx-003726,user1726,user0144,13565,0,1790877459467862700
airtel,tx-003727,user1727,user1402,35895,0,1790877459475862700
mvola,tx-003728,user1728,user0144,25544,0,1790877459483862700
orange,tx-003729,user1729,user1418,35428,0,1790877459491862700
airtel,tx-003730,user1730,user1836,4735,0,1790877459499862700
mvola,tx-003731,user1731,user1728,20964,0,1790877459507862700
orange,tx-003732,user1732,user1469,5485,0,1790877459515862700
airtel,tx-003733,user1733,user0097,31278,0,1790877459523862700
mvola,tx-003734,user1734,user1082,27572,0,1790877459531862700
orange,tx-003735,user1735,user0362,16650,0,1790877459539862700
airtel,tx-003736,user1736,user0913,36607,0,1790877459547862700
mvola,tx-003737,user1737,user0732,42996,0,1790877459555862700
orange,tx-003738,user1738,user1926,38301,0,1790877459563862700
airtel,tx-003739,user1739,user1310,12140,0,1790877459571862700
mvola,tx-003740,user1740,user0401,13553,0,1790877459579862700
orange,tx-003741,user1741,user0098,20379,0,1790877459587862700
airtel,tx-003742,user1742,user1541,44687,0,1790877459595862700
mvola,tx-003743,user1743,user0708,17988,0,1790877459603862700
orange,tx-003744,user1744,user0152,37690,0,1790877459611862700
airtel,tx-003745,user1745,user0105,6263,0,1790877459619862700
mvola,tx-003746,user1746,user1729,15354,0,1790877459627862700
orange,tx-003747,user1747,user1648,34755,0,1790877459635862700
airtel,tx-003748,user1748,user0869,19085,0,1790877459643862700
mvola,tx-003749,user1749,user0149,10664,0,1790877459651862700
orange,tx-003750,user1750,user1527,596,0,1790877459659862700
airtel,tx-003751,user1751,user0237,16890,0,1790877459667862700
mvola,tx-003752,user1752,user0049,21034,0,1790877459675862700
orange,tx-003753,user1753,user1125,36455,0,1790877459683862700
airtel,tx-003754,user1754,user0980,30763,0,1790877459691862700
mvola,tx-003755,user1755,user1317,34383,0,1790877459699862700
orange,tx-003756,user1756,user0342,41324,0,1790877459707862700
airtel,tx-003757,user1757,user1790,29295,0,1790877459715862700
mvola,tx-003758,user1758,user1777,31202,0,1790877459723862700
orange,tx-003759,user1759,user1280,30149,0,1790877459731862700
airtel,tx-003760,user1760,user0880,6180,0,1790877459739862700
mvola,tx-003761,user1761,user0113,10754,0,1790877459747862700
orange,tx-003762,user1762,user0149,125,0,1790877459755862700
airtel,tx-003763,user1763,user0319,32316,0,1790877459763862700
mvola,tx-003764,user1764,user0157,19014,0,1790877459771862700
orange,tx-003765,user1765,user1916,34050,0,1790877459779862700
airtel,tx-003766,user1766,user1967,11299,0,1790877459787862700
mvola,tx-003767,user1767,user1093,42838,0,1790877459795862700
orange,tx-003768,user1768,user0585,1886,0,1790877459803862700
airtel,tx-003769,user1769,user1475,12927,0,1790877459811862700
mvola,tx-003770,user1770,user0669,30333,0,1790877459819862700
orange,tx-003771,user1771,user0420,13439,0,1790877459827862700
airtel,tx-003772,user1772,user1592,1041,0,1790877459835862700
mvola,tx-003773,user1773,user0239,39622,0,1790877459843862700
orange,tx-003774,user1774,user1089,37273,0,1790877459851862700
airtel,tx-003775,user1775,user1188,21223,0,1790877459859862700
mvola,tx-003776,user1776,user0023,6007,0,1790877459867862700
orange,tx-003777,user1777,user1975,34641,0,1790877459875862700
airtel,tx-003778,user1778,user0121,45358,0,1790877459883862700
mvola,tx-003779,user1779,user0910,16269,0,1790877459891862700
orange,tx-003780,user1780,user0428,40423,0,1790877459899862700
airtel,tx-003781,user1781,user1248,39047,0,1790877459907862700
mvola,tx-003782,user1782,user0224,49196,0,1790877459915862700
orange,tx-003783,user1783,user1868,40221,0,1790877459923862700
airtel,tx-003784,user1784,user1125,8790,0,1790877459931862700
mvola,tx-003785,user1785,user0423,43657,0,1790877459939862700
orange,tx-003786,user1786,user0721,28622,0,1790877459947862700
airtel,tx-003787,user1787,user1959,23814,0,1790877459955862700
mvola,tx-003788,user1788,user1215,1763,0,1790877459963862700
orange,tx-003789,user1789,user0327,3442,0,1790877459971862700
airtel,tx-003790,user1790,user0519,29243,0,1790877459979862700
mvola,tx-003791,user1791,user1256,48694,0,1790877459987862700
orange,tx-003792,user1792,user1350,21570,0,1790877459995862700
airtel,tx-003793,user1793,user1783,8379,0,1790877460003862700
mvola,tx-003794,user1794,user0006,46471,0,1790877460011862700
orange,tx-003795,user1795,user0942,28669,0,1790877460019862700
airtel,tx-003796,user1796,user1174,46088,0,1790877460027862700
mvola,tx-003797,user1797,user1305,34491,0,1790877460035862700
orange,tx-003798,user1798,user0053,36804,0,1790877460043862700
airtel,tx-003799,user1799,user1682,5637,0,1790877460051862700
mvola,tx-003800,user1800,user1451,10455,0,1790877460059862700
orange,tx-003801,user1801,user0539,49623,0,1790877460067862700
airtel,tx-003802,user1802,user1374,11581,0,1790877460075862700
mvola,tx-003803,user1803,user0242,22350,0,1790877460083862700
orange,tx-003804,user1804,user0538,20293,0,1790877460091862700
airtel,tx-003805,user1805,user0288,19500,0,1790877460099862700
mvola,tx-003806,user1806,user0433,34138,0,1790877460107862700
orange,tx-003807,user1807,user1837,20790,0,1790877460115862700
airtel,tx-003808,user1808,user0094,29062,0,1790877460123862700
mvola,tx-003809,user1809,user1935,5345,0,1790877460131862700
orange,tx-003810,user1810,user1075,10541,0,1790877460139862700
airtel,tx-003811,user1811,user0969,13886,0,1790877460147862700
mvola,tx-003812,user1812,user0731,19492,0,1790877460155862700
orange,tx-003813,user1813,user1296,18446,0,1790877460163862700
airtel,tx-003814,user1814,user1042,14015,0,1790877460171862700
mvola,tx-003815,user1815,user1604,7095,0,1790877460179862700
orange,tx-003816,user1816,user0742,9155,0,1790877460187862700
airtel,tx-003817,user1817,user0877,36951,0,1790877460195862700
mvola,tx-003818,user1818,user0766,18227,0,1790877460203862700
orange,tx-003819,user1819,user0439,8863,0,1790877460211862700
airtel,tx-003820,user1820,user1528,34007,0,1790877460219862700
mvola,tx-003821,user1821,user1602,34007,0,1790877460227862700
orange,tx-003822,user1822,user0499,37716,0,1790877460235862700
airtel,tx-003823,user1823,user1687,21464,0,1790877460243862700
mvola,tx-003824,user1824,user1084,8395,0,1790877460251862700
orange,tx-003825,user1825,user0396,36994,0,1790877460259862700
airtel,tx-003826,user1826,user0545,35195,0,1790877460267862700
mvola,tx-003827,user1827,user0898,1478,0,1790877460275862700
orange,tx-003828,user1828,user0864,27229,0,1790877460283862700
airtel,tx-003829,user1829,user1585,6881,0,1790877460291862700
mvola,tx-003830,user1830,user1092,41603,0,1790877460299862700
orange,tx-003831,user1831,user0753,35183,0,1790877460307862700
airtel,tx-003832,user1832,user1699,40675,0,1790877460315862700
mvola,tx-003833,user1833,user0355,8134,0,1790877460323862700
orange,tx-003834,user1834,user1530,5787,0,1790877460331862700
airtel,tx-003835,user1835,user0295,20207,0,1790877460339862700
mvola,tx-003836,user1836,user0228,32045,0,1790877460347862700
orange,tx-003837,user1837,user1735,15880,0,1790877460355862700
airtel,tx-003838,user1838,user1540,36155,0,1790877460363862700
mvola,tx-003839,user1839,user1831,48779,0,1790877460371862700
orange,tx-003840,user1840,user1103,29082,0,1790877460379862700
airtel,tx-003841,user1841,user0033,18919,0,1790877460387862700
mvola,tx-003842,user1842,user1111,4120,0,1790877460395862700
orange,tx-003843,user1843,user0433,6170,0,1790877460403862700
airtel,tx-003844,user1844,user0045,2960,0,1790877460411862700
mvola,tx-003845,user1845,user1977,26050,0,1790877460419862700
orange,tx-003846,user1846,user0520,25823,0,1790877460427862700
airtel,tx-003847,user1847,user1960,41134,0,1790877460435862700
mvola,tx-003848,user1848,user1504,27432,0,1790877460443862700
orange,tx-003849,user1849,user0630,37138,0,1790877460451862700
airtel,tx-003850,user1850,user0490,43661,0,1790877460459862700
mvola,tx-003851,user1851,user1731,7138,0,1790877460467862700
orange,tx-003852,user1852,user1651,45579,0,1790877460475862700
airtel,tx-003853,user1853,user0661,45806,0,1790877460483862700
mvola,tx-003854,user1854,user1736,27644,0,1790877460491862700
orange,tx-003855,user1855,user1776,17053,0,1790877460499862700
airtel,tx-003856,user1856,user1860,5543,0,1790877460507862700
mvola,tx-003857,user1857,user1276,49449,0,1790877460515862700
orange,tx-003858,user1858,user1387,8615,0,1790877460523862700
airtel,tx-003859,user1859,user0496,31220,0,1790877460531862700
mvola,tx-003860,user1860,user0649,42724,0,1790877460539862700
orange,tx-003861,user1861,user1355,18092,0,1790877460547862700
airtel,tx-003862,user1862,user0502,2366,0,1790877460555862700
mvola,tx-003863,user1863,user1843,46342,0,1790877460563862700
orange,tx-003864,user1864,user1353,42467,0,1790877460571862700
airtel,tx-003865,user1865,user1270,4151,0,1790877460579862700
mvola,tx-003866,user1866,user0312,11562,0,1790877460587862700
orange,tx-003867,user1867,user0034,31116,0,1790877460595862700
airtel,tx-003868,user1868,user0600,30212,0,1790877460603862700
mvola,tx-003869,user1869,user0172,274,0,1790877460611862700
orange,tx-003870,user1870,user0825,33293,0,1790877460619862700
airtel,tx-003871,user1871,user1386,5175,0,1790877460627862700
mvola,tx-003872,user1872,user1894,39493,0,1790877460635862700
orange,tx-003873,user1873,user0114,4781,0,1790877460643862700
airtel,tx-003874,user1874,user1442,45160,0,1790877460651862700
mvola,tx-003875,user1875,user0382,8635,0,1790877460659862700
orange,tx-003876,user1876,user1824,43409,0,1790877460667862700
airtel,tx-003877,user1877,user1449,6824,0,1790877460675862700
mvola,tx-003878,user1878,user0051,37260,0,1790877460683862700
orange,tx-003879,user1879,user0143,19656,0,1790877460691862700
airtel,tx-003880,user1880,user0043,15724,0,1790877460699862700
mvola,tx-003881,user1881,user0926,14145,0,1790877460707862700
orange,tx-003882,user1882,user1620,5686,0,1790877460715862700
airtel,tx-003883,user1883,user0991,18232,0,1790877460723862700
mvola,tx-003884,user1884,user1798,7879,0,1790877460731862700
orange,tx-003885,user1885,user0238,42326,0,1790877460739862700
airtel,tx-003886,user1886,user0661,38936,0,1790877460747862700
mvola,tx-003887,user1887,user1762,47938,0,1790877460755862700
orange,tx-003888,user1888,user0872,8774,0,1790877460763862700
airtel,tx-003889,user1889,user1453,8073,0,1790877460771862700
mvola,tx-003890,user1890,user1319,43365,0,1790877460779862700
orange,tx-003891,user1891,user1259,28326,0,1790877460787862700
airtel,tx-003892,user1892,user1833,42700,0,1790877460795862700
mvola,tx-003893,user1893,user0086,44346,0,1790877460803862700
orange,tx-003894,user1894,user0688,34885,0,1790877460811862700
airtel,tx-003895,user1895,user1445,45295,0,1790877460819862700
mvola,tx-003896,user1896,user1456,27924,0,1790877460827862700
orange,tx-003897,user1897,user1475,4245,0,1790877460835862700
airtel,tx-003898,user1898,user1676,7886,0,1790877460843862700
mvola,tx-003899,user1899,user1538,23573,0,1790877460851862700
orange,tx-003900,user1900,user0370,5894,0,1790877460859862700
airtel,tx-003901,user1901,user1446,19696,0,1790877460867862700
mvola,tx-003902,user1902,user1748,45114,0,1790877460875862700
orange,tx-003903,user1903,user1255,14575,0,1790877460883862700
airtel,tx-003904,user1904,user1924,25560,0,1790877460891862700
mvola,tx-003905,user1905,user1281,38969,0,1790877460899862700
orange,tx-003906,user1906,user1378,26163,0,1790877460907862700
airtel,tx-003907,user1907,user0809,6624,0,1790877460915862700
mvola,tx-003908,user1908,user1514,23205,0,1790877460923862700
orange,tx-003909,user1909,user1251,17545,0,1790877460931862700
airtel,tx-003910,user1910,user1351,13500,0,1790877460939862700
mvola,tx-003911,user1911,user1251,17643,0,1790877460947862700
orange,tx-003912,user1912,user1439,27178,0,1790877460955862700
airtel,tx-003913,user1913,user0591,32401,0,1790877460963862700
mvola,tx-003914,user1914,user1807,3787,0,1790877460971862700
orange,tx-003915,user1915,user0253,10912,0,1790877460979862700
airtel,tx-003916,user1916,user0907,36075,0,1790877460987862700
mvola,tx-003917,user1917,user0857,7036,0,1790877460995862700
orange,tx-003918,user1918,user1398,49188,0,1790877461003862700
airtel,tx-003919,user1919,user1979,30690,0,1790877461011862700
mvola,tx-003920,user1920,user1751,31745,0,1790877461019862700
orange,tx-003921,user1921,user0730,8355,0,1790877461027862700
airtel,tx-003922,user1922,user1384,3708,0,1790877461035862700
mvola,tx-003923,user1923,user1964,2876,0,1790877461043862700
orange,tx-003924,user1924,user1861,33373,0,1790877461051862700
airtel,tx-003925,user1925,user1346,24580,0,1790877461059862700
mvola,tx-003926,user1926,user1617,26559,0,1790877461067862700
orange,tx-003927,user1927,user1183,49356,0,1790877461075862700
airtel,tx-003928,user1928,user0797,35645,0,1790877461083862700
mvola,tx-003929,user1929,user1461,5069,0,1790877461091862700
orange,tx-003930,user1930,user1749,14937,0,1790877461099862700
airtel,tx-003931,user1931,user0729,48590,0,1790877461107862700
mvola,tx-003932,user1932,user1870,26023,0,1790877461115862700
orange,tx-003933,user1933,user1091,19883,0,1790877461123862700
airtel,tx-003934,user1934,user0536,29296,0,1790877461131862700
mvola,tx-003935,user1935,user1432,46966,0,1790877461139862700
orange,tx-003936,user1936,user1088,13433,0,1790877461147862700
airtel,tx-003937,user1937,user0752,25307,0,1790877461155862700
mvola,tx-003938,user1938,user1549,24061,0,1790877461163862700
orange,tx-003939,user1939,user1236,46894,0,1790877461171862700
airtel,tx-003940,user1940,user1209,793,0,1790877461179862700
mvola,tx-003941,user1941,user1611,13312,0,1790877461187862700
orange,tx-003942,user1942,user0426,15201,0,1790877461195862700
airtel,tx-003943,user1943,user1456,28364,0,1790877461203862700
mvola,tx-003944,user1944,user0883,34053,0,1790877461211862700
orange,tx-003945,user1945,user0961,9515,0,1790877461219862700
airtel,tx-003946,user1946,user1994,5214,0,1790877461227862700
mvola,tx-003947,user1947,user1635,45255,0,1790877461235862700
orange,tx-003948,user1948,user1930,33703,0,1790877461243862700
airtel,tx-003949,user1949,user1941,24018,0,1790877461251862700
mvola,tx-003950,user1950,user1639,2325,0,1790877461259862700
orange,tx-003951,user1951,user0757,3241,0,1790877461267862700
airtel,tx-003952,user1952,user1840,1010,0,1790877461275862700
mvola,tx-003953,user1953,user1579,22532,0,1790877461283862700
orange,tx-003954,user1954,user1297,4209,0,1790877461291862700
airtel,tx-003955,user1955,user1447,41260,0,1790877461299862700
mvola,tx-003956,user1956,user1252,33082,0,1790877461307862700
orange,tx-003957,user1957,user1676,35618,0,1790877461315862700
airtel,tx-003958,user1958,user0161,11441,0,1790877461323862700
mvola,tx-003959,user1959,user0199,35517,0,1790877461331862700
orange,tx-003960,user1960,user1063,21934,0,1790877461339862700
airtel,tx-003961,user1961,user1930,38548,0,1790877461347862700
mvola,tx-003962,user1962,user0376,39821,0,1790877461355862700
orange,tx-003963,user1963,user0807,41124,0,1790877461363862700
airtel,tx-003964,user1964,user0597,13288,0,1790877461371862700
mvola,tx-003965,user1965,user1020,43731,0,1790877461379862700
orange,tx-003966,user1966,user0349,348,0,1790877461387862700
airtel,tx-003967,user1967,user0952,36661,0,1790877461395862700
mvola,tx-003968,user1968,user1974,3432,0,1790877461403862700
orange,tx-003969,user1969,user1191,7311,0,1790877461411862700
airtel,tx-003970,user1970,user0427,35012,0,1790877461419862700
mvola,tx-003971,user1971,user1325,24752,0,1790877461427862700
orange,tx-003972,user1972,user0162,12592,0,1790877461435862700
airtel,tx-003973,user1973,user0907,6591,0,1790877461443862700
mvola,tx-003974,user1974,user0879,47143,0,1790877461451862700
orange,tx-003975,user1975,user1813,3745,0,1790877461459862700
airtel,tx-003976,user1976,user1073,35019,0,1790877461467862700
mvola,tx-003977,user1977,user0693,18087,0,1790877461475862700
orange,tx-003978,user1978,user0091,43420,0,1790877461483862700
airtel,tx-003979,user1979,user0787,37707,0,1790877461491862700
mvola,tx-003980,user1980,user0228,4687,0,1790877461499862700
orange,tx-003981,user1981,user1676,13506,0,1790877461507862700
airtel,tx-003982,user1982,user1969,8132,0,1790877461515862700
mvola,tx-003983,user1983,user0596,10350,0,1790877461523862700
orange,tx-003984,user1984,user1213,48599,0,1790877461531862700
airtel,tx-003985,user1985,user1296,6012,0,1790877461539862700
mvola,tx-003986,user1986,user1443,22924,0,1790877461547862700
orange,tx-003987,user1987,user1455,43287,0,1790877461555862700
airtel,tx-003988,user1988,user0747,20926,0,1790877461563862700
mvola,tx-003989,user1989,user0383,34626,0,1790877461571862700
orange,tx-003990,user1990,user0613,31101,0,1790877461579862700
airtel,tx-003991,user1991,user0523,1372,0,1790877461587862700
mvola,tx-003992,user1992,user1666,23523,0,1790877461595862700
orange,tx-003993,user1993,user1069,12445,0,1790877461603862700
airtel,tx-003994,user1994,user0114,21174,0,1790877461611862700
mvola,tx-003995,user1995,user1827,15533,0,1790877461619862700
orange,tx-003996,user1996,user1442,47102,0,1790877461627862700
airtel,tx-003997,user1997,user0567,4885,0,1790877461635862700
mvola,tx-003998,user1998,user0460,36683,0,1790877461643862700
orange,tx-003999,user1999,user0105,47711,0,1790877461651862700
mvola,tx-004000,user0000,user1026,47880,0,1790877461659862700
orange,tx-004001,user0001,user0833,39887,0,1790877461667862700
airtel,tx-004002,user0002,user1836,22357,0,1790877461675862700
mvola,tx-004003,user0003,user0903,44386,0,1790877461683862700
orange,tx-004004,user0004,user0444,30182,0,1790877461691862700
airtel,tx-004005,user0005,user0946,4664,0,1790877461699862700
mvola,tx-004006,user0006,user1150,11926,0,1790877461707862700
orange,tx-004007,user0007,user1312,5249,0,1790877461715862700
airtel,tx-004008,user0008,user0933,41881,0,1790877461723862700
mvola,tx-004009,user0009,user1947,38337,0,1790877461731862700
orange,tx-004010,user0010,user1773,12707,0,1790877461739862700
airtel,tx-004011,user0011,user1580,21429,0,1790877461747862700
mvola,tx-004012,user0012,user0538,796,0,1790877461755862700
orange,tx-004013,user0013,user0226,30393,0,1790877461763862700
airtel,tx-004014,user0014,user1732,19842,0,1790877461771862700
mvola,tx-004015,user0015,user0729,9732,0,1790877461779862700
orange,tx-004016,user0016,user0439,23865,0,1790877461787862700
airtel,tx-004017,user0017,user0733,38833,0,1790877461795862700
mvola,tx-004018,user0018,user0838,7871,0,1790877461803862700
orange,tx-004019,user0019,user1171,18155,0,1790877461811862700
airtel,tx-004020,user0020,user0586,2567,0,1790877461819862700
mvola,tx-004021,user0021,user0439,43133,0,1790877461827862700
orange,tx-004022,user0022,user0465,7810,0,1790877461835862700
airtel,tx-004023,user0023,user1071,4358,0,1790877461843862700
mvola,tx-004024,user0024,user1664,45555,0,1790877461851862700
orange,tx-004025,user0025,user0339,39546,0,1790877461859862700
airtel,tx-004026,user0026,user0738,20701,0,1790877461867862700
mvola,tx-004027,user0027,user1961,48750,0,1790877461875862700
orange,tx-004028,user0028,user0658,15328,0,1790877461883862700
airtel,tx-004029,user0029,user1663,29498,0,1790877461891862700
mvola,tx-004030,user0030,user0232,16982,0,1790877461899862700
orange,tx-004031,user0031,user0491,46490,0,1790877461907862700
airtel,tx-004032,user0032,user0852,35441,0,1790877461915862700
mvola,tx-004033,user0033,user1781,16326,0,1790877461923862700
orange,tx-004034,user0034,user1650,36011,0,1790877461931862700
airtel,tx-004035,user0035,user1959,49856,0,1790877461939862700
mvola,tx-004036,user0036,user1173,48608,0,1790877461947862700
orange,tx-004037,user0037,user1368,12419,0,1790877461955862700
airtel,tx-004038,user0038,user0564,18280,0,1790877461963862700
mvola,tx-004039,user0039,user0934,2263,0,1790877461971862700
orange,tx-004040,user0040,user1108,33469,0,1790877461979862700
airtel,tx-004041,user0041,user0222,40057,0,1790877461987862700
mvola,tx-004042,user0042,user0356,48108,0,1790877461995862700
orange,tx-004043,user0043,user0878,12440,0,1790877462003862700
airtel,tx-004044,user0044,user0036,46010,0,1790877462011862700
mvola,tx-004045,user0045,user0933,30012,0,1790877462019862700
orange,tx-004046,user0046,user1841,46793,0,1790877462027862700
airtel,tx-004047,user0047,user0834,41459,0,1790877462035862700
mvola,tx-004048,user0048,user1194,8404,0,1790877462043862700
orange,tx-004049,user0049,user1807,12197,0,1790877462051862700
airtel,tx-004050,user0050,user0295,45573,0,1790877462059862700
mvola,tx-004051,user0051,user0698,36355,0,1790877462067862700
orange,tx-004052,user0052,user0039,575,0,1790877462075862700
airtel,tx-004053,user0053,user1332,6656,0,1790877462083862700
mvola,tx-004054,user0054,user0430,35385,0,1790877462091862700
orange,tx-004055,user0055,user0825,26088,0,1790877462099862700
airtel,tx-004056,user0056,user1652,27781,0,1790877462107862700
mvola,tx-004057,user0057,user0919,41377,0,1790877462115862700
orange,tx-004058,user0058,user1791,30862,0,1790877462123862700
airtel,tx-004059,user0059,user0800,28854,0,1790877462131862700
mvola,tx-004060,user0060,user0020,38007,0,1790877462139862700
orange,tx-004061,user0061,user1935,42252,0,1790877462147862700
airtel,tx-004062,user0062,user1060,27123,0,1790877462155862700
mvola,tx-004063,user0063,user0489,1897,0,1790877462163862700
orange,tx-004064,user0064,user1700,49015,0,1790877462171862700
airtel,tx-004065,user0065,user1846,47911,0,1790877462179862700
mvola,tx-004066,user0066,user1954,23963,0,1790877462187862700
orange,tx-004067,user0067,user0657,20521,0,1790877462195862700
airtel,tx-004068,user0068,user1126,3586,0,1790877462203862700
mvola,tx-004069,user0069,user0234,19487,0,1790877462211862700
orange,tx-004070,user0070,user0734,36110,0,1790877462219862700
airtel,tx-004071,user0071,user0604,18281,0,1790877462227862700
mvola,tx-004072,user0072,user1360,46017,0,1790877462235862700
orange,tx-004073,user0073,user1440,35715,0,1790877462243862700
airtel,tx-004074,user0074,user0600,19074,0,1790877462251862700
mvola,tx-004075,user0075,user1936,10369,0,1790877462259862700
orange,tx-004076,user0076,user1016,8680,0,1790877462267862700
airtel,tx-004077,user0077,user0937,25000,0,1790877462275862700
mvola,tx-004078,user0078,user1225,10000,0,1790877462283862700
orange,tx-004079,user0079,user0272,26267,0,1790877462291862700
airtel,tx-004080,user0080,user1394,26380,0,1790877462299862700
mvola,tx-004081,user0081,user0174,8159,0,1790877462307862700
orange,tx-004082,user0082,user1083,23883,0,1790877462315862700
airtel,tx-004083,user0083,user1830,12357,0,1790877462323862700
mvola,tx-004084,user0084,user1502,416,0,1790877462331862700
orange,tx-004085,user0085,user0315,45579,0,1790877462339862700
airtel,tx-004086,user0086,user1698,5517,0,1790877462347862700
mvola,tx-004087,user0087,user1684,35807,0,1790877462355862700
orange,tx-004088,user0088,user0367,25235,0,1790877462363862700
airtel,tx-004089,user0089,user1406,34464,0,1790877462371862700
mvola,tx-004090,user0090,user0175,4901,0,1790877462379862700
orange,tx-004091,user0091,user0476,2408,0,1790877462387862700
airtel,tx-004092,user0092,user1825,6162,0,1790877462395862700
mvola,tx-004093,user0093,user1414,13880,0,1790877462403862700
orange,tx-004094,user0094,user0388,19747,0,1790877462411862700
airtel,tx-004095,user0095,user1787,42669,0,1790877462419862700
mvola,tx-004096,user0096,user1614,42902,0,1790877462427862700
orange,tx-004097,user0097,user1919,32247,0,1790877462435862700
airtel,tx-004098,user0098,user0490,31489,0,1790877462443862700
mvola,tx-004099,user0099,user0412,38871,0,1790877462451862700
orange,tx-004100,user0100,user0131,38634,0,1790877462459862700
airtel,tx-004101,user0101,user1535,39102,0,1790877462467862700
mvola,tx-004102,user0102,user1938,33573,0,1790877462475862700
orange,tx-004103,user0103,user1968,30984,0,1790877462483862700
airtel,tx-004104,user0104,user0207,2955,0,1790877462491862700
mvola,tx-004105,user0105,user0344,41366,0,1790877462499862700
orange,tx-004106,user0106,user1363,19765,0,1790877462507862700
airtel,tx-004107,user0107,user0245,4869,0,1790877462515862700
mvola,tx-004108,user0108,user1545,15816,0,1790877462523862700
orange,tx-004109,user0109,user0229,45851,0,1790877462531862700
airtel,tx-004110,user0110,user0234,24641,0,1790877462539862700
mvola,tx-004111,user0111,user0808,23568,0,1790877462547862700
orange,tx-004112,user0112,user0264,39808,0,1790877462555862700
airtel,tx-004113,user0113,user1481,44860,0,1790877462563862700
mvola,tx-004114,user0114,user0458,26220,0,1790877462571862700
orange,tx-004115,user0115,user1000,46312,0,1790877462579862700
airtel,tx-004116,user0116,user0685,41519,0,1790877462587862700
mvola,tx-004117,user0117,user0222,34724,0,1790877462595862700
orange,tx-004118,user0118,user1080,42670,0,1790877462603862700
airtel,tx-004119,user0119,user0905,19726,0,1790877462611862700
mvola,tx-004120,user0120,user0651,23039,0,1790877462619862700
orange,tx-004121,user0121,user1840,46343,0,1790877462627862700
airtel,tx-004122,user0122,user0787,3163,0,1790877462635862700
mvola,tx-004123,user0123,user0195,16634,0,1790877462643862700
orange,tx-004124,user0124,user0333,21036,0,1790877462651862700
airtel,tx-004125,user0125,user0043,46101,0,1790877462659862700
mvola,tx-004126,user0126,user0018,24635,0,1790877462667862700
orange,tx-004127,user0127,user1467,18252,0,1790877462675862700
airtel,tx-004128,user0128,user1017,13259,0,1790877462683862700
mvola,tx-004129,user0129,user0992,42362,0,1790877462691862700
orange,tx-004130,user0130,user1204,8567,0,1790877462699862700
airtel,tx-004131,user0131,user1015,11964,0,1790877462707862700
mvola,tx-004132,user0132,user1936,34591,0,1790877462715862700
orange,tx-004133,user0133,user0040,8780,0,1790877462723862700
airtel,tx-004134,user0134,user0619,48559,0,1790877462731862700
mvola,tx-004135,user0135,user0587,24965,0,1790877462739862700
orange,tx-004136,user0136,user0215,44356,0,1790877462747862700
airtel,tx-004137,user0137,user0274,41134,0,1790877462755862700
mvola,tx-004138,user0138,user1765,18464,0,1790877462763862700
orange,tx-004139,user0139,user1132,23032,0,1790877462771862700
airtel,tx-004140,user0140,user1863,43984,0,1790877462779862700
mvola,tx-004141,user0141,user0972,48880,0,1790877462787862700
orange,tx-004142,user0142,user0806,29587,0,1790877462795862700
airtel,tx-004143,user0143,user1684,30982,0,1790877462803862700
mvola,tx-004144,user0144,user0700,42916,0,1790877462811862700
orange,tx-004145,user0145,user0909,43318,0,1790877462819862700
airtel,tx-004146,user0146,user1730,9010,0,1790877462827862700
mvola,tx-004147,user0147,user1341,19558,0,1790877462835862700
orange,tx-004148,user0148,user0899,7378,0,1790877462843862700
airtel,tx-004149,user0149,user0516,33368,0,1790877462851862700
mvola,tx-004150,user0150,user0577,28247,0,1790877462859862700
orange,tx-004151,user0151,user0164,46292,0,1790877462867862700
airtel,tx-004152,user0152,user0504,32185,0,1790877462875862700
mvola,tx-004153,user0153,user1746,1370,0,1790877462883862700
orange,tx-004154,user0154,user1161,25323,0,1790877462891862700
airtel,tx-004155,user0155,user1187,19322,0,1790877462899862700
mvola,tx-004156,user0156,user1126,21123,0,1790877462907862700
orange,tx-004157,user0157,user0329,18448,0,1790877462915862700
airtel,tx-004158,user0158,user0615,5676,0,1790877462923862700
mvola,tx-004159,user0159,user0954,47442,0,1790877462931862700
orange,tx-004160,user0160,user1004,27283,0,1790877462939862700
airtel,tx-004161,user0161,user1461,24192,0,1790877462947862700
mvola,tx-004162,user0162,user1674,35227,0,1790877462955862700
orange,tx-004163,user0163,user1526,34887,0,1790877462963862700
airtel,tx-004164,user0164,user0520,20563,0,1790877462971862700
mvola,tx-004165,user0165,user1216,42965,0,1790877462979862700
orange,tx-004166,user0166,user1625,36517,0,1790877462987862700
airtel,tx-004167,user0167,user1358,27876,0,1790877462995862700
mvola,tx-004168,user0168,user1793,25996,0,1790877463003862700
orange,tx-004169,user0169,user1989,40922,0,1790877463011862700
airtel,tx-004170,user0170,user1480,48845,0,1790877463019862700
mvola,tx-004171,user0171,user0321,11737,0,1790877463027862700
orange,tx-004172,user0172,user1234,22111,0,1790877463035862700
airtel,tx-004173,user0173,user0812,32598,0,1790877463043862700
mvola,tx-004174,user0174,user1955,33346,0,1790877463051862700
orange,tx-004175,user0175,user0808,33502,0,1790877463059862700
airtel,tx-004176,user0176,user1650,31029,0,1790877463067862700
mvola,tx-004177,user0177,user1017,44923,0,1790877463075862700
orange,tx-004178,user0178,user0244,40665,0,1790877463083862700
airtel,tx-004179,user0179,user1102,48490,0,1790877463091862700
mvola,tx-004180,user0180,user1835,46402,0,1790877463099862700
orange,tx-004181,user0181,user0824,33086,0,1790877463107862700
airtel,tx-004182,user0182,user0102,35636,0,1790877463115862700
mvola,tx-004183,user0183,user1536,10684,0,1790877463123862700
orange,tx-004184,user0184,user0350,48930,0,1790877463131862700
airtel,tx-004185,user0185,user1735,16521,0,1790877463139862700
mvola,tx-004186,user0186,user1858,17428,0,1790877463147862700
orange,tx-004187,user0187,user0587,26338,0,1790877463155862700
airtel,tx-004188,user0188,user1553,23596,0,1790877463163862700
mvola,tx-004189,user0189,user1292,13130,0,1790877463171862700
orange,tx-004190,user0190,user1575,33394,0,1790877463179862700
airtel,tx-004191,user0191,user1862,2292,0,1790877463187862700
mvola,tx-004192,user0192,user0006,349,0,1790877463195862700
orange,tx-004193,user0193,user0294,32758,0,1790877463203862700
airtel,tx-004194,user0194,user0741,48790,0,1790877463211862700
mvola,tx-004195,user0195,user0106,29702,0,1790877463219862700
orange,tx-004196,user0196,user1853,24834,0,1790877463227862700
airtel,tx-004197,user0197,user0289,37558,0,1790877463235862700
mvola,tx-004198,user0198,user0218,29324,0,1790877463243862700
orange,tx-004199,user0199,user0922,24106,0,1790877463251862700
airtel,tx-004200,user0200,user1261,41345,0,1790877463259862700
mvola,tx-004201,user0201,user1397,35927,0,1790877463267862700
orange,tx-004202,user0202,user0837,13475,0,1790877463275862700
airtel,tx-004203,user0203,user1415,40245,0,1790877463283862700
mvola,tx-004204,user0204,user0935,39127,0,1790877463291862700
orange,tx-004205,user0205,user0553,12424,0,1790877463299862700
airtel,tx-004206,user0206,user1838,41535,0,1790877463307862700
mvola,tx-004207,user0207,user0141,11942,0,1790877463315862700
orange,tx-004208,user0208,user1238,19229,0,1790877463323862700
airtel,tx-004209,user0209,user0031,13342,0,1790877463331862700
mvola,tx-004210,user0210,user0898,42271,0,1790877463339862700
orange,tx-004211,user0211,user0127,9110,0,1790877463347862700
airtel,tx-004212,user0212,user0126,16103,0,1790877463355862700
mvola,tx-004213,user0213,user0053,16767,0,1790877463363862700
orange,tx-004214,user0214,user1844,30240,0,1790877463371862700
airtel,tx-004215,user0215,user0845,41776,0,1790877463379862700
mvola,tx-004216,user0216,user0633,36664,0,1790877463387862700
orange,tx-004217,user0217,user0999,49438,0,1790877463395862700
airtel,tx-004218,user0218,user0695,10633,0,1790877463403862700
mvola,tx-004219,user0219,user1033,13388,0,1790877463411862700
orange,tx-004220,user0220,user1552,32189,0,1790877463419862700
airtel,tx-004221,user0221,user0319,38559,0,1790877463427862700
mvola,tx-004222,user0222,user0108,24065,0,1790877463435862700
orange,tx-004223,user0223,user0605,32877,0,1790877463443862700
airtel,tx-004224,user0224,user0391,2088,0,1790877463451862700
mvola,tx-004225,user0225,user1172,31750,0,1790877463459862700
orange,tx-004226,user0226,user1777,14943,0,1790877463467862700
airtel,tx-004227,user0227,user0934,2440,0,1790877463475862700
mvola,tx-004228,user0228,user0195,32589,0,1790877463483862700
orange,tx-004229,user0229,user0540,1071,0,1790877463491862700
airtel,tx-004230,user0230,user1704,12984,0,1790877463499862700
mvola,tx-004231,user0231,user0015,27723,0,1790877463507862700
orange,tx-004232,user0232,user1971,4085,0,1790877463515862700
airtel,tx-004233,user0233,user0636,16927,0,1790877463523862700
mvola,tx-004234,user0234,user0031,43520,0,1790877463531862700
orange,tx-004235,user0235,user1395,32471,0,1790877463539862700
airtel,tx-004236,user0236,user0470,36083,0,1790877463547862700
mvola,tx-004237,user0237,user1851,12974,0,1790877463555862700
orange,tx-004238,user0238,user0392,1623,0,1790877463563862700
airtel,tx-004239,user0239,user0918,25422,0,1790877463571862700
mvola,tx-004240,user0240,user1162,43509,0,1790877463579862700
orange,tx-004241,user0241,user0679,7460,0,1790877463587862700
airtel,tx-004242,user0242,user0360,34494,0,1790877463595862700
mvola,tx-004243,user0243,user1363,36451,0,1790877463603862700
orange,tx-004244,user0244,user1880,44506,0,1790877463611862700
airtel,tx-004245,user0245,user1104,27157,0,1790877463619862700
mvola,tx-004246,user0246,user0005,42808,0,1790877463627862700
orange,tx-004247,user0247,user1022,42142,0,1790877463635862700
airtel,tx-004248,user0248,user0076,43691,0,1790877463643862700
mvola,tx-004249,user0249,user0774,43677,0,1790877463651862700
orange,tx-004250,user0250,user1028,3276,0,1790877463659862700
airtel,tx-004251,user0251,user1615,24145,0,1790877463667862700
mvola,tx-004252,user0252,user1090,21830,0,1790877463675862700
orange,tx-004253,user0253,user1201,7226,0,1790877463683862700
airtel,tx-004254,user0254,user1164,38561,0,1790877463691862700
mvola,tx-004255,user0255,user0236,3190,0,1790877463699862700
orange,tx-004256,user0256,user1823,4846,0,1790877463707862700
airtel,tx-004257,user0257,user0052,8731,0,1790877463715862700
mvola,tx-004258,user0258,user1175,19989,0,1790877463723862700
orange,tx-004259,user0259,user1417,46734,0,1790877463731862700
airtel,tx-004260,user0260,user0155,23648,0,1790877463739862700
mvola,tx-004261,user0261,user0343,11910,0,1790877463747862700
orange,tx-004262,user0262,user1752,10156,0,1790877463755862700
airtel,tx-004263,user0263,user1087,32417,0,1790877463763862700
mvola,tx-004264,user0264,user0060,49431,0,1790877463771862700
orange,tx-004265,user0265,user0036,39200,0,1790877463779862700
airtel,tx-004266,user0266,user0291,19421,0,1790877463787862700
mvola,tx-004267,user0267,user1704,42412,0,1790877463795862700
orange,tx-004268,user0268,user1274,49512,0,1790877463803862700
airtel,tx-004269,user0269,user1280,256,0,1790877463811862700
mvola,tx-004270,user0270,user1672,15690,0,1790877463819862700
orange,tx-004271,user0271,user0449,9071,0,1790877463827862700
airtel,tx-004272,user0272,user1867,14714,0,1790877463835862700
mvola,tx-004273,user0273,user1247,39458,0,1790877463843862700
orange,tx-004274,user0274,user0368,11254,0,1790877463851862700
airtel,tx-004275,user0275,user1925,47643,0,1790877463859862700
mvola,tx-004276,user0276,user0376,22595,0,1790877463867862700
orange,tx-004277,user0277,user1576,46670,0,1790877463875862700
airtel,tx-004278,user0278,user0484,41251,0,1790877463883862700
mvola,tx-004279,user0279,user1001,16372,0,1790877463891862700
orange,tx-004280,user0280,user1956,22409,0,1790877463899862700
airtel,tx-004281,user0281,user0590,42093,0,1790877463907862700
mvola,tx-004282,user0282,user0117,29300,0,1790877463915862700
orange,tx-004283,user0283,user0745,4869,0,1790877463923862700
airtel,tx-004284,user0284,user1185,10270,0,1790877463931862700
mvola,tx-004285,user0285,user0301,39375,0,1790877463939862700
orange,tx-004286,user0286,user1497,21438,0,1790877463947862700
airtel,tx-004287,user0287,user0743,10874,0,1790877463955862700
mvola,tx-004288,user0288,user1498,27429,0,1790877463963862700
orange,tx-004289,user0289,user1694,25600,0,1790877463971862700
airtel,tx-004290,user0290,user1263,31289,0,1790877463979862700
mvola,tx-004291,user0291,user0248,8617,0,1790877463987862700
orange,tx-004292,user0292,user1450,9034,0,1790877463995862700
airtel,tx-004293,user0293,user0750,3162,0,1790877464003862700
mvola,tx-004294,user0294,user1448,22395,0,1790877464011862700
orange,tx-004295,user0295,user1565,15039,0,1790877464019862700
airtel,tx-004296,user0296,user1080,2120,0,1790877464027862700
mvola,tx-004297,user0297,user0166,23426,0,1790877464035862700
orange,tx-004298,user0298,user0313,35528,0,1790877464043862700
airtel,tx-004299,user0299,user0441,701,0,1790877464051862700
mvola,tx-004300,user0300,user1348,3921,0,1790877464059862700
orange,tx-004301,user0301,user0848,8540,0,1790877464067862700
airtel,tx-004302,user0302,user1429,2629,0,1790877464075862700
mvola,tx-004303,user0303,user1409,32382,0,1790877464083862700
orange,tx-004304,user0304,user0883,25437,0,1790877464091862700
airtel,tx-004305,user0305,user0180,41326,0,1790877464099862700
mvola,tx-004306,user0306,user1632,42726,0,1790877464107862700
orange,tx-004307,user0307,user0120,7984,0,1790877464115862700
airtel,tx-004308,user0308,user0776,11766,0,1790877464123862700
mvola,tx-004309,user0309,user1525,48181,0,1790877464131862700
orange,tx-004310,user0310,user0995,663,0,1790877464139862700
airtel,tx-004311,user0311,user1283,31668,0,1790877464147862700
mvola,tx-004312,user0312,user0418,5642,0,1790877464155862700
orange,tx-004313,user0313,user0982,46649,0,1790877464163862700
airtel,tx-004314,user0314,user0646,35990,0,1790877464171862700
mvola,tx-004315,user0315,user0487,19977,0,1790877464179862700
orange,tx-004316,user0316,user1395,14541,0,1790877464187862700
airtel,tx-004317,user0317,user0229,18661,0,1790877464195862700
mvola,tx-004318,user0318,user0969,3856,0,1790877464203862700
orange,tx-004319,user0319,user0502,41083,0,1790877464211862700
airtel,tx-004320,user0320,user1115,8176,0,1790877464219862700
mvola,tx-004321,user0321,user0692,26883,0,1790877464227862700
orange,tx-004322,user0322,user0035,41274,0,1790877464235862700
airtel,tx-004323,user0323,user0506,48530,0,1790877464243862700
mvola,tx-004324,user0324,user0582,20874,0,1790877464251862700
orange,tx-004325,user0325,user0040,15793,0,1790877464259862700
airtel,tx-004326,user0326,user1705,44009,0,1790877464267862700
mvola,tx-004327,user0327,user0900,3498,0,1790877464275862700
orange,tx-004328,user0328,user0495,44279,0,1790877464283862700
airtel,tx-004329,user0329,user1312,3946,0,1790877464291862700
mvola,tx-004330,user0330,user1640,48233,0,1790877464299862700
orange,tx-004331,user0331,user1330,7703,0,1790877464307862700
airtel,tx-004332,user0332,user0984,27864,0,1790877464315862700
mvola,tx-004333,user0333,user1041,3016,0,1790877464323862700
orange,tx-004334,user0334,user1067,23422,0,1790877464331862700
airtel,tx-004335,user0335,user0800,18761,0,1790877464339862700
mvola,tx-004336,user0336,user1524,5826,0,1790877464347862700
orange,tx-004337,user0337,user1191,24794,0,1790877464355862700
airtel,tx-004338,user0338,user1632,47200,0,1790877464363862700
mvola,tx-004339,user0339,user1205,26396,0,1790877464371862700
orange,tx-004340,user0340,user1846,26141,0,1790877464379862700
airtel,tx-004341,user0341,user1805,33103,0,1790877464387862700
mvola,tx-004342,user0342,user0799,1869,0,1790877464395862700
orange,tx-004343,user0343,user0512,27272,0,1790877464403862700
airtel,tx-004344,user0344,user1186,37802,0,1790877464411862700
mvola,tx-004345,user0345,user0203,613,0,1790877464419862700
orange,tx-004346,user0346,user0211,38339,0,1790877464427862700
airtel,tx-004347,user0347,user0973,45576,0,1790877464435862700
mvola,tx-004348,user0348,user1767,15316,0,1790877464443862700
orange,tx-004349,user0349,user1413,1112,0,1790877464451862700
airtel,tx-004350,user0350,user1052,45294,0,1790877464459862700
mvola,tx-004351,user0351,user1881,45530,0,1790877464467862700
orange,tx-004352,user0352,user1961,49440,0,1790877464475862700
airtel,tx-004353,user0353,user1364,31941,0,1790877464483862700
mvola,tx-004354,user0354,user0141,25794,0,1790877464491862700
orange,tx-004355,user0355,user1163,27345,0,1790877464499862700
airtel,tx-004356,user0356,user0146,7825,0,1790877464507862700
mvola,tx-004357,user0357,user1096,27537,0,1790877464515862700
orange,tx-004358,user0358,user0053,36349,0,1790877464523862700
airtel,tx-004359,user0359,user0410,585,0,1790877464531862700
mvola,tx-004360,user0360,user0665,11257,0,1790877464539862700
orange,tx-004361,user0361,user1513,22510,0,1790877464547862700
airtel,tx-004362,user0362,user0197,38816,0,1790877464555862700
mvola,tx-004363,user0363,user0447,14530,0,1790877464563862700
orange,tx-004364,user0364,user0342,36607,0,1790877464571862700
airtel,tx-004365,user0365,user0294,11930,0,1790877464579862700
mvola,tx-004366,user0366,user0282,22553,0,1790877464587862700
orange,tx-004367,user0367,user0339,37294,0,1790877464595862700
airtel,tx-004368,user0368,user1848,37367,0,1790877464603862700
mvola,tx-004369,user0369,user1391,28470,0,1790877464611862700
orange,tx-004370,user0370,user0442,19843,0,1790877464619862700
airtel,tx-004371,user0371,user0810,23188,0,1790877464627862700
mvola,tx-004372,user0372,user0422,37621,0,1790877464635862700
orange,tx-004373,user0373,user0985,15105,0,1790877464643862700
airtel,tx-004374,user0374,user0404,16038,0,1790877464651862700
mvola,tx-004375,user0375,user0091,4897,0,1790877464659862700
orange,tx-004376,user0376,user0325,33331,0,1790877464667862700
airtel,tx-004377,user0377,user0734,33703,0,1790877464675862700
mvola,tx-004378,user0378,user0216,15579,0,1790877464683862700
orange,tx-004379,user0379,user0484,27249,0,1790877464691862700
airtel,tx-004380,user0380,user1959,45779,0,1790877464699862700
mvola,tx-004381,user0381,user0210,5118,0,1790877464707862700
orange,tx-004382,user0382,user0976,10129,0,1790877464715862700
airtel,tx-004383,user0383,user1875,37177,0,1790877464723862700
mvola,tx-004384,user0384,user0902,26216,0,1790877464731862700
orange,tx-004385,user0385,user1012,29602,0,1790877464739862700
airtel,tx-004386,user0386,user0733,34110,0,1790877464747862700
mvola,tx-004387,user0387,user0861,32658,0,1790877464755862700
orange,tx-004388,user0388,user0461,15517,0,1790877464763862700
airtel,tx-004389,user0389,user1144,1505,0,1790877464771862700
mvola,tx-004390,user0390,user1721,5000,0,1790877464779862700
orange,tx-004391,user0391,user0425,33249,0,1790877464787862700
airtel,tx-004392,user0392,user1362,27956,0,1790877464795862700
mvola,tx-004393,user0393,user0884,34882,0,1790877464803862700
orange,tx-004394,user0394,user1450,3980,0,1790877464811862700
airtel,tx-004395,user0395,user1249,25603,0,1790877464819862700
mvola,tx-004396,user0396,user1028,48794,0,1790877464827862700
orange,tx-004397,user0397,user0558,46921,0,1790877464835862700
airtel,tx-004398,user0398,user0678,43084,0,1790877464843862700
mvola,tx-004399,user0399,user0120,29892,0,1790877464851862700
orange,tx-004400,user0400,user1730,33053,0,1790877464859862700
airtel,tx-004401,user0401,user1589,12331,0,1790877464867862700
mvola,tx-004402,user0402,user1393,13427,0,1790877464875862700
orange,tx-004403,user0403,user0346,49556,0,1790877464883862700
airtel,tx-004404,user0404,user1867,48336,0,1790877464891862700
mvola,tx-004405,user0405,user0382,34361,0,1790877464899862700
orange,tx-004406,user0406,user0774,40319,0,1790877464907862700
airtel,tx-004407,user0407,user0326,7841,0,1790877464915862700
mvola,tx-004408,user0408,user0132,6857,0,1790877464923862700
orange,tx-004409,user0409,user0324,45864,0,1790877464931862700
airtel,tx-004410,user0410,user1723,46162,0,1790877464939862700
mvola,tx-004411,user0411,user0011,13665,0,1790877464947862700
orange,tx-004412,user0412,user0098,30271,0,1790877464955862700
airtel,tx-004413,user0413,user0464,3958,0,1790877464963862700
mvola,tx-004414,user0414,user0920,26710,0,1790877464971862700
orange,tx-004415,user0415,user0880,28693,0,1790877464979862700
airtel,tx-004416,user0416,user0822,19017,0,1790877464987862700
mvola,tx-004417,user0417,user1514,15037,0,1790877464995862700
orange,tx-004418,user0418,user0412,19549,0,1790877465003862700
airtel,tx-004419,user0419,user0741,16569,0,1790877465011862700
mvola,tx-004420,user0420,user1447,22682,0,1790877465019862700
orange,tx-004421,user0421,user1998,48107,0,1790877465027862700
airtel,tx-004422,user0422,user0764,19281,0,1790877465035862700
mvola,tx-004423,user0423,user0865,20655,0,1790877465043862700
orange,tx-004424,user0424,user0524,6047,0,1790877465051862700
airtel,tx-004425,user0425,user0215,24991,0,1790877465059862700
mvola,tx-004426,user0426,user1776,18634,0,1790877465067862700
orange,tx-004427,user0427,user0305,8658,0,1790877465075862700
airtel,tx-004428,user0428,user0988,44981,0,1790877465083862700
mvola,tx-004429,user0429,user1097,40745,0,1790877465091862700
orange,tx-004430,user0430,user1948,27520,0,1790877465099862700
airtel,tx-004431,user0431,user1450,29267,0,1790877465107862700
mvola,tx-004432,user0432,user1035,44134,0,1790877465115862700
orange,tx-004433,user0433,user0745,12773,0,1790877465123862700
airtel,tx-004434,user0434,user1292,30571,0,1790877465131862700
mvola,tx-004435,user0435,user0545,18928,0,1790877465139862700
orange,tx-004436,user0436,user0701,11478,0,1790877465147862700
airtel,tx-004437,user0437,user1451,47240,0,1790877465155862700
mvola,tx-004438,user0438,user1594,14267,0,1790877465163862700
orange,tx-004439,user0439,user0591,35369,0,1790877465171862700
airtel,tx-004440,user0440,user0824,44424,0,1790877465179862700
mvola,tx-004441,user0441,user1343,24210,0,1790877465187862700
orange,tx-004442,user0442,user0310,18498,0,1790877465195862700
airtel,tx-004443,user0443,user0221,32417,0,1790877465203862700
mvola,tx-004444,user0444,user1298,37783,0,1790877465211862700
orange,tx-004445,user0445,user0668,30148,0,1790877465219862700
airtel,tx-004446,user0446,user1298,17883,0,1790877465227862700
mvola,tx-004447,user0447,user1684,48232,0,1790877465235862700
orange,tx-004448,user0448,user1413,48836,0,1790877465243862700
airtel,tx-004449,user0449,user1360,49980,0,1790877465251862700
mvola,tx-004450,user0450,user1349,14664,0,1790877465259862700
orange,tx-004451,user0451,user0155,11888,0,1790877465267862700
airtel,tx-004452,user0452,user0509,1539,0,1790877465275862700
mvola,tx-004453,user0453,user0808,45664,0,1790877465283862700
orange,tx-004454,user0454,user0601,13807,0,1790877465291862700
airtel,tx-004455,user0455,user1769,45085,0,1790877465299862700
mvola,tx-004456,user0456,user1398,20959,0,1790877465307862700
orange,tx-004457,user0457,user0659,45761,0,1790877465315862700
airtel,tx-004458,user0458,user1496,1954,0,1790877465323862700
mvola,tx-004459,user0459,user1853,24723,0,1790877465331862700
orange,tx-004460,user0460,user0422,2684,0,1790877465339862700
airtel,tx-004461,user0461,user0521,13012,0,1790877465347862700
mvola,tx-004462,user0462,user0351,21108,0,1790877465355862700
orange,tx-004463,user0463,user0634,22959,0,1790877465363862700
airtel,tx-004464,user0464,user1172,5605,0,1790877465371862700
mvola,tx-004465,user0465,user0425,709,0,1790877465379862700
orange,tx-004466,user0466,user0972,30786,0,1790877465387862700
airtel,tx-004467,user0467,user0018,14619,0,1790877465395862700
mvola,tx-004468,user0468,user1129,41003,0,1790877465403862700
orange,tx-004469,user0469,user0386,11601,0,1790877465411862700
airtel,tx-004470,user0470,user0950,30518,0,1790877465419862700
mvola,tx-004471,user0471,user1258,40278,0,1790877465427862700
orange,tx-004472,user0472,user0601,11793,0,1790877465435862700
airtel,tx-004473,user0473,user0192,10965,0,1790877465443862700
mvola,tx-004474,user0474,user1438,14571,0,1790877465451862700
orange,tx-004475,user0475,user1708,6153,0,1790877465459862700
airtel,tx-004476,user0476,user0639,13240,0,1790877465467862700
mvola,tx-004477,user0477,user0850,47059,0,1790877465475862700
orange,tx-004478,user0478,user1772,3960,0,1790877465483862700
airtel,tx-004479,user0479,user1953,48108,0,1790877465491862700
mvola,tx-004480,user0480,user0826,46214,0,1790877465499862700
orange,tx-004481,user0481,user1831,7256,0,1790877465507862700
airtel,tx-004482,user0482,user1830,43599,0,1790877465515862700
mvola,tx-004483,user0483,user0479,23214,0,1790877465523862700
orange,tx-004484,user0484,user0003,20608,0,1790877465531862700
airtel,tx-004485,user0485,user0748,38792,0,1790877465539862700
mvola,tx-004486,user0486,user0231,18267,0,1790877465547862700
orange,tx-004487,user0487,user0612,4388,0,1790877465555862700
airtel,tx-004488,user0488,user0513,35283,0,1790877465563862700
mvola,tx-004489,user0489,user0221,29296,0,1790877465571862700
orange,tx-004490,user0490,user0933,34322,0,1790877465579862700
airtel,tx-004491,user0491,user0242,16628,0,1790877465587862700
mvola,tx-004492,user0492,user0055,32169,0,1790877465595862700
orange,tx-004493,user0493,user1583,46990,0,1790877465603862700
airtel,tx-004494,user0494,user1294,45524,0,1790877465611862700
mvola,tx-004495,user0495,user1334,47568,0,1790877465619862700
orange,tx-004496,user0496,user1715,21917,0,1790877465627862700
airtel,tx-004497,user0497,user1900,40860,0,1790877465635862700
mvola,tx-004498,user0498,user0718,34454,0,1790877465643862700
orange,tx-004499,user0499,user1916,40756,0,1790877465651862700
airtel,tx-004500,user0500,user1765,35452,0,1790877465659862700
mvola,tx-004501,user0501,user1107,27484,0,1790877465667862700
orange,tx-004502,user0502,user0811,13265,0,1790877465675862700
airtel,tx-004503,user0503,user0491,7256,0,1790877465683862700
mvola,tx-004504,user0504,user1947,42652,0,1790877465691862700
orange,tx-004505,user0505,user0045,33198,0,1790877465699862700
airtel,tx-004506,user0506,user0789,38228,0,1790877465707862700
mvola,tx-004507,user0507,user1716,3109,0,1790877465715862700
orange,tx-004508,user0508,user1798,34645,0,1790877465723862700
airtel,tx-004509,user0509,user1041,45576,0,1790877465731862700
mvola,tx-004510,user0510,user1281,12423,0,1790877465739862700
orange,tx-004511,user0511,user1526,26298,0,1790877465747862700
airtel,tx-004512,user0512,user1273,31930,0,1790877465755862700
mvola,tx-004513,user0513,user0126,16608,0,1790877465763862700
orange,tx-004514,user0514,user1042,2033,0,1790877465771862700
airtel,tx-004515,user0515,user0452,16596,0,1790877465779862700
mvola,tx-004516,user0516,user0999,33911,0,1790877465787862700
orange,tx-004517,user0517,user1811,46164,0,1790877465795862700
airtel,tx-004518,user0518,user1158,27354,0,1790877465803862700
mvola,tx-004519,user0519,user0342,35174,0,1790877465811862700
orange,tx-004520,user0520,user0755,2808,0,1790877465819862700
airtel,tx-004521,user0521,user0936,1953,0,1790877465827862700
mvola,tx-004522,user0522,user1898,27760,0,1790877465835862700
orange,tx-004523,user0523,user1948,26619,0,1790877465843862700
airtel,tx-004524,user0524,user1829,44466,0,1790877465851862700
mvola,tx-004525,user0525,user1471,37680,0,1790877465859862700
orange,tx-004526,user0526,user0930,11504,0,1790877465867862700
airtel,tx-004527,user0527,user0637,17426,0,1790877465875862700
mvola,tx-004528,user0528,user0407,11816,0,1790877465883862700
orange,tx-004529,user0529,user0725,40035,0,1790877465891862700
airtel,tx-004530,user0530,user0720,46614,0,1790877465899862700
mvola,tx-004531,user0531,user0693,33485,0,1790877465907862700
orange,tx-004532,user0532,user0765,9044,0,1790877465915862700
airtel,tx-004533,user0533,user1306,40520,0,1790877465923862700
mvola,tx-004534,user0534,user1007,13414,0,1790877465931862700
orange,tx-004535,user0535,user0829,43794,0,1790877465939862700
airtel,tx-004536,user0536,user0481,35943,0,1790877465947862700
mvola,tx-004537,user0537,user0352,4367,0,1790877465955862700
orange,tx-004538,user0538,user0451,13521,0,1790877465963862700
airtel,tx-004539,user0539,user1691,23088,0,1790877465971862700
mvola,tx-004540,user0540,user1763,2317,0,1790877465979862700
orange,tx-004541,user0541,user1585,32519,0,1790877465987862700
airtel,tx-004542,user0542,user0941,39775,0,1790877465995862700
mvola,tx-004543,user0543,user1050,3744,0,1790877466003862700
orange,tx-004544,user0544,user1617,39989,0,1790877466011862700
airtel,tx-004545,user0545,user0459,46911,0,1790877466019862700
mvola,tx-004546,user0546,user1914,38536,0,1790877466027862700
orange,tx-004547,user0547,user0772,21486,0,1790877466035862700
airtel,tx-004548,user0548,user0980,17992,0,1790877466043862700
mvola,tx-004549,user0549,user1966,17755,0,1790877466051862700
orange,tx-004550,user0550,user0205,36970,0,1790877466059862700
airtel,tx-004551,user0551,user1336,22342,0,1790877466067862700
mvola,tx-004552,user0552,user1547,18157,0,1790877466075862700
orange,tx-004553,user0553,user0913,29996,0,1790877466083862700
airtel,tx-004554,user0554,user1494,2542,0,1790877466091862700
mvola,tx-004555,user0555,user0400,18380,0,1790877466099862700
orange,tx-004556,user0556,user0761,37331,0,1790877466107862700
airtel,tx-004557,user0557,user1621,7449,0,1790877466115862700
mvola,tx-004558,user0558,user1923,3463,0,1790877466123862700
orange,tx-004559,user0559,user1853,24453,0,1790877466131862700
airtel,tx-004560,user0560,user0330,4889,0,1790877466139862700
mvola,tx-004561,user0561,user1532,36977,0,1790877466147862700
orange,tx-004562,user0562,user1420,11343,0,1790877466155862700
airtel,tx-004563,user0563,user1258,23045,0,1790877466163862700
mvola,tx-004564,user0564,user0943,11713,0,1790877466171862700
orange,tx-004565,user0565,user0754,25331,0,1790877466179862700
airtel,tx-004566,user0566,user1338,602,0,1790877466187862700
mvola,tx-004567,user0567,user1798,43388,0,1790877466195862700
orange,tx-004568,user0568,user0234,5510,0,1790877466203862700
airtel,tx-004569,user0569,user1795,2171,0,1790877466211862700
mvola,tx-004570,user0570,user1735,7089,0,1790877466219862700
orange,tx-004571,user0571,user1293,48049,0,1790877466227862700
airtel,tx-004572,user0572,user1335,39019,0,1790877466235862700
mvola,tx-004573,user0573,user0482,34282,0,1790877466243862700
orange,tx-004574,user0574,user1039,17824,0,1790877466251862700
airtel,tx-004575,user0575,user1283,18544,0,1790877466259862700
mvola,tx-004576,user0576,user1382,41059,0,1790877466267862700
orange,tx-004577,user0577,user0564,5472,0,1790877466275862700
airtel,tx-004578,user0578,user0093,28411,0,1790877466283862700
mvola,tx-004579,user0579,user0764,14035,0,1790877466291862700
orange,tx-004580,user0580,user1106,15197,0,1790877466299862700
airtel,tx-004581,user0581,user1600,32174,0,1790877466307862700
mvola,tx-004582,user0582,user1655,36505,0,1790877466315862700
orange,tx-004583,user0583,user0141,23051,0,1790877466323862700
airtel,tx-004584,user0584,user1730,11092,0,1790877466331862700
mvola,tx-004585,user0585,user0680,11204,0,1790877466339862700
orange,tx-004586,user0586,user1934,2277,0,1790877466347862700
airtel,tx-004587,user0587,user1911,42347,0,1790877466355862700
mvola,tx-004588,user0588,user0667,47941,0,1790877466363862700
orange,tx-004589,user0589,user1454,2062,0,1790877466371862700
airtel,tx-004590,user0590,user0334,48058,0,1790877466379862700
mvola,tx-004591,user0591,user1567,33296,0,1790877466387862700
orange,tx-004592,user0592,user1511,24120,0,1790877466395862700
airtel,tx-004593,user0593,user0403,9145,0,1790877466403862700
mvola,tx-004594,user0594,user0824,46222,0,1790877466411862700
orange,tx-004595,user0595,user1509,13496,0,1790877466419862700
airtel,tx-004596,user0596,user1847,38056,0,1790877466427862700
mvola,tx-004597,user0597,user0559,1524,0,1790877466435862700
orange,tx-004598,user0598,user0499,40969,0,1790877466443862700
airtel,tx-004599,user0599,user1631,25169,0,1790877466451862700
mvola,tx-004600,user0600,user0683,45814,0,1790877466459862700
orange,tx-004601,user0601,user0237,26490,0,1790877466467862700
airtel,tx-004602,user0602,user0487,15338,0,1790877466475862700
mvola,tx-004603,user0603,user0840,40614,0,1790877466483862700
orange,tx-004604,user0604,user1995,29018,0,1790877466491862700
airtel,tx-004605,user0605,user0582,478,0,1790877466499862700
mvola,tx-004606,user0606,user1100,36416,0,1790877466507862700
orange,tx-004607,user0607,user1868,2559,0,1790877466515862700
airtel,tx-004608,user0608,user1572,10542,0,1790877466523862700
mvola,tx-004609,user0609,user0044,35434,0,1790877466531862700
orange,tx-004610,user0610,user1408,42377,0,1790877466539862700
airtel,tx-004611,user0611,user1071,759,0,1790877466547862700
mvola,tx-004612,user0612,user0621,37836,0,1790877466555862700
orange,tx-004613,user0613,user0975,15916,0,1790877466563862700
airtel,tx-004614,user0614,user1028,17698,0,1790877466571862700
mvola,tx-004615,user0615,user1702,23408,0,1790877466579862700
orange,tx-004616,user0616,user0464,15924,0,1790877466587862700
airtel,tx-004617,user0617,user1346,3108,0,1790877466595862700
mvola,tx-004618,user0618,user0976,28777,0,1790877466603862700
orange,tx-004619,user0619,user1307,48770,0,1790877466611862700
airtel,tx-004620,user0620,user0870,31527,0,1790877466619862700
mvola,tx-004621,user0621,user1501,1232,0,1790877466627862700
orange,tx-004622,user0622,user1050,44670,0,1790877466635862700
airtel,tx-004623,user0623,user0916,28686,0,1790877466643862700
mvola,tx-004624,user0624,user1667,7827,0,1790877466651862700
orange,tx-004625,user0625,user0622,3006,0,1790877466659862700
airtel,tx-004626,user0626,user0252,10357,0,1790877466667862700
mvola,tx-004627,user0627,user0254,43591,0,1790877466675862700
orange,tx-004628,user0628,user1063,43076,0,1790877466683862700
airtel,tx-004629,user0629,user1900,4448,0,1790877466691862700
mvola,tx-004630,user0630,user0375,24088,0,1790877466699862700
orange,tx-004631,user0631,user0148,11894,0,1790877466707862700
airtel,tx-004632,user0632,user0763,40530,0,1790877466715862700
mvola,tx-004633,user0633,user0345,22880,0,1790877466723862700
orange,tx-004634,user0634,user1310,31593,0,1790877466731862700
airtel,tx-004635,user0635,user1420,26201,0,1790877466739862700
mvola,tx-004636,user0636,user0521,19101,0,1790877466747862700
orange,tx-004637,user0637,user1506,28607,0,1790877466755862700
airtel,tx-004638,user0638,user1927,5326,0,1790877466763862700
mvola,tx-004639,user0639,user0035,31611,0,1790877466771862700
orange,tx-004640,user0640,user1699,24567,0,1790877466779862700
airtel,tx-004641,user0641,user0999,33490,0,1790877466787862700
mvola,tx-004642,user0642,user1376,5178,0,1790877466795862700
orange,tx-004643,user0643,user1502,11695,0,1790877466803862700
airtel,tx-004644,user0644,user0049,13763,0,1790877466811862700
mvola,tx-004645,user0645,user0446,43303,0,1790877466819862700
orange,tx-004646,user0646,user1948,340,0,1790877466827862700
airtel,tx-004647,user0647,user0501,35945,0,1790877466835862700
mvola,tx-004648,user0648,user1496,45965,0,1790877466843862700
orange,tx-004649,user0649,user1447,33528,0,1790877466851862700
airtel,tx-004650,user0650,user1762,43337,0,1790877466859862700
mvola,tx-004651,user0651,user1212,5215,0,1790877466867862700
orange,tx-004652,user0652,user0375,14872,0,1790877466875862700
airtel,tx-004653,user0653,user0611,14364,0,1790877466883862700
mvola,tx-004654,user0654,user1437,32463,0,1790877466891862700
orange,tx-004655,user0655,user0566,27492,0,1790877466899862700
airtel,tx-004656,user0656,user1301,35355,0,1790877466907862700
mvola,tx-004657,user0657,user1548,46171,0,1790877466915862700
orange,tx-004658,user0658,user1806,49777,0,1790877466923862700
airtel,tx-004659,user0659,user1544,11262,0,1790877466931862700
mvola,tx-004660,user0660,user0355,16346,0,1790877466939862700
orange,tx-004661,user0661,user1882,16278,0,1790877466947862700
airtel,tx-004662,user0662,user0890,38277,0,1790877466955862700
mvola,tx-004663,user0663,user0936,23941,0,1790877466963862700
orange,tx-004664,user0664,user0478,41355,0,1790877466971862700
airtel,tx-004665,user0665,user0203,22220,0,1790877466979862700
mvola,tx-004666,user0666,user1944,6274,0,1790877466987862700
orange,tx-004667,user0667,user1692,46568,0,1790877466995862700
airtel,tx-004668,user0668,user1927,45688,0,1790877467003862700
mvola,tx-004669,user0669,user1873,40612,0,1790877467011862700
orange,tx-004670,user0670,user1160,37340,0,1790877467019862700
airtel,tx-004671,user0671,user1113,47447,0,1790877467027862700
mvola,tx-004672,user0672,user0965,11378,0,1790877467035862700
orange,tx-004673,user0673,user1310,3525,0,1790877467043862700
airtel,tx-004674,user0674,user0310,32546,0,1790877467051862700
mvola,tx-004675,user0675,user1661,7361,0,1790877467059862700
orange,tx-004676,user0676,user1874,16714,0,1790877467067862700
airtel,tx-004677,user0677,user0657,23048,0,1790877467075862700
mvola,tx-004678,user0678,user0125,18442,0,1790877467083862700
orange,tx-004679,user0679,user0675,12685,0,1790877467091862700
airtel,tx-004680,user0680,user0444,43227,0,1790877467099862700
mvola,tx-004681,user0681,user0443,3403,0,1790877467107862700
orange,tx-004682,user0682,user0038,727,0,1790877467115862700
airtel,tx-004683,user0683,user1818,40399,0,1790877467123862700
mvola,tx-004684,user0684,user1062,3184,0,1790877467131862700
orange,tx-004685,user0685,user1885,19990,0,1790877467139862700
airtel,tx-004686,user0686,user1100,28494,0,1790877467147862700
mvola,tx-004687,user0687,user0359,12880,0,1790877467155862700
orange,tx-004688,user0688,user1911,12491,0,1790877467163862700
airtel,tx-004689,user0689,user0158,5759,0,1790877467171862700
mvola,tx-004690,user0690,user1753,46399,0,1790877467179862700
orange,tx-004691,user0691,user1849,30808,0,1790877467187862700
airtel,tx-004692,user0692,user1588,31213,0,1790877467195862700
mvola,tx-004693,user0693,user1901,5205,0,1790877467203862700
orange,tx-004694,user0694,user0365,36543,0,1790877467211862700
airtel,tx-004695,user0695,user0310,13449,0,1790877467219862700
mvola,tx-004696,user0696,user0623,40116,0,1790877467227862700
orange,tx-004697,user0697,user1157,3715,0,1790877467235862700
airtel,tx-004698,user0698,user1747,42683,0,1790877467243862700
mvola,tx-004699,user0699,user1139,43669,0,1790877467251862700
orange,tx-004700,user0700,user0735,45139,0,1790877467259862700
airtel,tx-004701,user0701,user0767,13953,0,1790877467267862700
mvola,tx-004702,user0702,user1094,29132,0,1790877467275862700
orange,tx-004703,user0703,user0442,47910,0,1790877467283862700
airtel,tx-004704,user0704,user0194,35880,0,1790877467291862700
mvola,tx-004705,user0705,user1950,16776,0,1790877467299862700
orange,tx-004706,user0706,user0445,40288,0,1790877467307862700
airtel,tx-004707,user0707,user1537,29534,0,1790877467315862700
mvola,tx-004708,user0708,user0981,32561,0,1790877467323862700
orange,tx-004709,user0709,user1553,8118,0,1790877467331862700
airtel,tx-004710,user0710,user0766,22257,0,1790877467339862700
mvola,tx-004711,user0711,user0701,35065,0,1790877467347862700
orange,tx-004712,user0712,user1376,18816,0,1790877467355862700
airtel,tx-004713,user0713,user1387,5858,0,1790877467363862700
mvola,tx-004714,user0714,user0677,14140,0,1790877467371862700
orange,tx-004715,user0715,user0058,5105,0,1790877467379862700
airtel,tx-004716,user0716,user1555,11715,0,1790877467387862700
mvola,tx-004717,user0717,user1037,31271,0,1790877467395862700
orange,tx-004718,user0718,user0799,48873,0,1790877467403862700
airtel,tx-004719,user0719,user0621,40236,0,1790877467411862700
mvola,tx-004720,user0720,user1430,663,0,1790877467419862700
orange,tx-004721,user0721,user1053,21996,0,1790877467427862700
airtel,tx-004722,user0722,user0947,17645,0,1790877467435862700
mvola,tx-004723,user0723,user0230,28475,0,1790877467443862700
orange,tx-004724,user0724,user1100,5310,0,1790877467451862700
airtel,tx-004725,user0725,user0896,48366,0,1790877467459862700
mvola,tx-004726,user0726,user1765,33671,0,1790877467467862700
orange,tx-004727,user0727,user1443,33900,0,1790877467475862700
airtel,tx-004728,user0728,user1311,21792,0,1790877467483862700
mvola,tx-004729,user0729,user0279,726,0,1790877467491862700
orange,tx-004730,user0730,user1733,13231,0,1790877467499862700
airtel,tx-004731,user0731,user1029,15530,0,1790877467507862700
mvola,tx-004732,user0732,user1853,14297,0,1790877467515862700
orange,tx-004733,user0733,user0997,33344,0,1790877467523862700
airtel,tx-004734,user0734,user1237,38608,0,1790877467531862700
mvola,tx-004735,user0735,user1555,39749,0,1790877467539862700
orange,tx-004736,user0736,user0140,7718,0,1790877467547862700
airtel,tx-004737,user0737,user1062,36329,0,1790877467555862700
mvola,tx-004738,user0738,user0067,46282,0,1790877467563862700
orange,tx-004739,user0739,user1793,29332,0,1790877467571862700
airtel,tx-004740,user0740,user1459,43694,0,1790877467579862700
mvola,tx-004741,user0741,user1446,32047,0,1790877467587862700
orange,tx-004742,user0742,user0185,4377,0,1790877467595862700
airtel,tx-004743,user0743,user0336,2392,0,1790877467603862700
mvola,tx-004744,user0744,user1652,7792,0,1790877467611862700
orange,tx-004745,user0745,user1433,1167,0,1790877467619862700
airtel,tx-004746,user0746,user1294,44854,0,1790877467627862700
mvola,tx-004747,user0747,user1895,12681,0,1790877467635862700
orange,tx-004748,user0748,user0937,16722,0,1790877467643862700
airtel,tx-004749,user0749,user1199,1942,0,1790877467651862700
mvola,tx-004750,user0750,user1230,17525,0,1790877467659862700
orange,tx-004751,user0751,user1744,22865,0,1790877467667862700
airtel,tx-004752,user0752,user0404,28115,0,1790877467675862700
mvola,tx-004753,user0753,user0872,11276,0,1790877467683862700
orange,tx-004754,user0754,user0818,11448,0,1790877467691862700
airtel,tx-004755,user0755,user0409,40732,0,1790877467699862700
mvola,tx-004756,user0756,user0843,11068,0,1790877467707862700
orange,tx-004757,user0757,user1392,48731,0,1790877467715862700
airtel,tx-004758,user0758,user1908,30954,0,1790877467723862700
mvola,tx-004759,user0759,user0445,45272,0,1790877467731862700
orange,tx-004760,user0760,user0941,47315,0,1790877467739862700
airtel,tx-004761,user0761,user1412,39779,0,1790877467747862700
mvola,tx-004762,user0762,user1832,6670,0,1790877467755862700
orange,tx-004763,user0763,user0128,15258,0,1790877467763862700
airtel,tx-004764,user0764,user0441,2229,0,1790877467771862700
mvola,tx-004765,user0765,user1456,31984,0,1790877467779862700
orange,tx-004766,user0766,user0300,45204,0,1790877467787862700
airtel,tx-004767,user0767,user0451,5209,0,1790877467795862700
mvola,tx-004768,user0768,user0139,10320,0,1790877467803862700
orange,tx-004769,user0769,user0366,27589,0,1790877467811862700
airtel,tx-004770,user0770,user1764,10570,0,1790877467819862700
mvola,tx-004771,user0771,user0605,45729,0,1790877467827862700
orange,tx-004772,user0772,user1455,2202,0,1790877467835862700
airtel,tx-004773,user0773,user0177,3408,0,1790877467843862700
mvola,tx-004774,user0774,user1656,27609,0,1790877467851862700
orange,tx-004775,user0775,user0557,26585,0,1790877467859862700
airtel,tx-004776,user0776,user0233,35137,0,1790877467867862700
mvola,tx-004777,user0777,user0514,16591,0,1790877467875862700
orange,tx-004778,user0778,user1984,2090,0,1790877467883862700
airtel,tx-004779,user0779,user0435,38537,0,1790877467891862700
mvola,tx-004780,user0780,user0574,13393,0,1790877467899862700
orange,tx-004781,user0781,user1364,46851,0,1790877467907862700
airtel,tx-004782,user0782,user1448,45370,0,1790877467915862700
mvola,tx-004783,user0783,user0659,36153,0,1790877467923862700
orange,tx-004784,user0784,user1621,9579,0,1790877467931862700
airtel,tx-004785,user0785,user0628,49127,0,1790877467939862700
mvola,tx-004786,user0786,user0004,4530,0,1790877467947862700
orange,tx-004787,user0787,user1175,2341,0,1790877467955862700
airtel,tx-004788,user0788,user1164,42868,0,1790877467963862700
mvola,tx-004789,user0789,user0631,34324,0,1790877467971862700
orange,tx-004790,user0790,user1452,35694,0,1790877467979862700
airtel,tx-004791,user0791,user1976,42850,0,1790877467987862700
mvola,tx-004792,user0792,user0352,26079,0,1790877467995862700
orange,tx-004793,user0793,user1694,9523,0,1790877468003862700
airtel,tx-004794,user0794,user0158,42433,0,1790877468011862700
mvola,tx-004795,user0795,user0484,18700,0,1790877468019862700
orange,tx-004796,user0796,user0237,17952,0,1790877468027862700
airtel,tx-004797,user0797,user0654,8439,0,1790877468035862700
mvola,tx-004798,user0798,user0145,38076,0,1790877468043862700
orange,tx-004799,user0799,user1758,12724,0,1790877468051862700
airtel,tx-004800,user0800,user0967,48004,0,1790877468059862700
mvola,tx-004801,user0801,user0175,31031,0,1790877468067862700
orange,tx-004802,user0802,user1931,10122,0,1790877468075862700
airtel,tx-004803,user0803,user0172,13161,0,1790877468083862700
mvola,tx-004804,user0804,user0372,44157,0,1790877468091862700
orange,tx-004805,user0805,user0278,386,0,1790877468099862700
airtel,tx-004806,user0806,user1848,22385,0,1790877468107862700
mvola,tx-004807,user0807,user1651,17604,0,1790877468115862700
orange,tx-004808,user0808,user0629,29961,0,1790877468123862700
airtel,tx-004809,user0809,user0805,31763,0,1790877468131862700
mvola,tx-004810,user0810,user1708,46851,0,1790877468139862700
orange,tx-004811,user0811,user1007,11678,0,1790877468147862700
airtel,tx-004812,user0812,user1090,48912,0,1790877468155862700
mvola,tx-004813,user0813,user1924,36615,0,1790877468163862700
orange,tx-004814,user0814,user1593,39090,0,1790877468171862700
airtel,tx-004815,user0815,user1068,44104,0,1790877468179862700
mvola,tx-004816,user0816,user0436,33549,0,1790877468187862700
orange,tx-004817,user0817,user0689,25170,0,1790877468195862700
airtel,tx-004818,user0818,user0075,12585,0,1790877468203862700
mvola,tx-004819,user0819,user1362,34542,0,1790877468211862700
orange,tx-004820,user0820,user1448,18070,0,1790877468219862700
airtel,tx-004821,user0821,user1245,33773,0,1790877468227862700
mvola,tx-004822,user0822,user1821,5196,0,1790877468235862700
orange,tx-004823,user0823,user0940,23494,0,1790877468243862700
airtel,tx-004824,user0824,user0845,36867,0,1790877468251862700
mvola,tx-004825,user0825,user0619,648,0,1790877468259862700
orange,tx-004826,user0826,user0118,24257,0,1790877468267862700
airtel,tx-004827,user0827,user1827,25453,0,1790877468275862700
mvola,tx-004828,user0828,user0345,26130,0,1790877468283862700
orange,tx-004829,user0829,user1862,39711,0,1790877468291862700
airtel,tx-004830,user0830,user0021,25631,0,1790877468299862700
mvola,tx-004831,user0831,user1165,47354,0,1790877468307862700
orange,tx-004832,user0832,user0103,12017,0,1790877468315862700
airtel,tx-004833,user0833,user0229,15001,0,1790877468323862700
mvola,tx-004834,user0834,user1368,9930,0,1790877468331862700
orange,tx-004835,user0835,user0466,44940,0,1790877468339862700
airtel,tx-004836,user0836,user0911,21605,0,1790877468347862700
mvola,tx-004837,user0837,user0820,18441,0,1790877468355862700
orange,tx-004838,user0838,user0126,1975,0,1790877468363862700
airtel,tx-004839,user0839,user0605,39775,0,1790877468371862700
mvola,tx-004840,user0840,user0600,39075,0,1790877468379862700
orange,tx-004841,user0841,user0149,48999,0,1790877468387862700
airtel,tx-004842,user0842,user0328,36801,0,1790877468395862700
mvola,tx-004843,user0843,user1603,17789,0,1790877468403862700
orange,tx-004844,user0844,user0880,33200,0,1790877468411862700
airtel,tx-004845,user0845,user0846,22018,0,1790877468419862700
mvola,tx-004846,user0846,user0168,38653,0,1790877468427862700
orange,tx-004847,user0847,user0670,37806,0,1790877468435862700
airtel,tx-004848,user0848,user0187,28479,0,1790877468443862700
mvola,tx-004849,user0849,user1301,7147,0,1790877468451862700
orange,tx-004850,user0850,user1802,48278,0,1790877468459862700
airtel,tx-004851,user0851,user1039,22997,0,1790877468467862700
mvola,tx-004852,user0852,user1874,29370,0,1790877468475862700
orange,tx-004853,user0853,user1242,18241,0,1790877468483862700
airtel,tx-004854,user0854,user0488,21216,0,1790877468491862700
mvola,tx-004855,user0855,user0168,21145,0,1790877468499862700
orange,tx-004856,user0856,user0696,43312,0,1790877468507862700
airtel,tx-004857,user0857,user0900,24439,0,1790877468515862700
mvola,tx-004858,user0858,user1699,48677,0,1790877468523862700
orange,tx-004859,user0859,user0991,15807,0,1790877468531862700
airtel,tx-004860,user0860,user0722,12659,0,1790877468539862700
mvola,tx-004861,user0861,user0820,14581,0,1790877468547862700
orange,tx-004862,user0862,user1619,8124,0,1790877468555862700
airtel,tx-004863,user0863,user0126,1541,0,1790877468563862700
mvola,tx-004864,user0864,user0844,21522,0,1790877468571862700
orange,tx-004865,user0865,user1700,24722,0,1790877468579862700
airtel,tx-004866,user0866,user0991,36176,0,1790877468587862700
mvola,tx-004867,user0867,user1973,27143,0,1790877468595862700
orange,tx-004868,user0868,user0607,2381,0,1790877468603862700
airtel,tx-004869,user0869,user0687,33847,0,1790877468611862700
mvola,tx-004870,user0870,user1388,44748,0,1790877468619862700
orange,tx-004871,user0871,user1790,8012,0,1790877468627862700
airtel,tx-004872,user0872,user1935,9790,0,1790877468635862700
mvola,tx-004873,user0873,user1149,43318,0,1790877468643862700
orange,tx-004874,user0874,user1361,44332,0,1790877468651862700
airtel,tx-004875,user0875,user1480,18352,0,1790877468659862700
mvola,tx-004876,user0876,user1942,27976,0,1790877468667862700
orange,tx-004877,user0877,user0837,12623,0,1790877468675862700
airtel,tx-004878,user0878,user1820,35573,0,1790877468683862700
mvola,tx-004879,user0879,user0070,6203,0,1790877468691862700
orange,tx-004880,user0880,user0569,25917,0,1790877468699862700
airtel,tx-004881,user0881,user1527,42231,0,1790877468707862700
mvola,tx-004882,user0882,user0410,21642,0,1790877468715862700
orange,tx-004883,user0883,user1002,27779,0,1790877468723862700
airtel,tx-004884,user0884,user0889,48796,0,1790877468731862700
mvola,tx-004885,user0885,user1207,38348,0,1790877468739862700
orange,tx-004886,user0886,user1723,40476,0,1790877468747862700
airtel,tx-004887,user0887,user1827,33858,0,1790877468755862700
mvola,tx-004888,user0888,user1437,2071,0,1790877468763862700
orange,tx-004889,user0889,user0807,26206,0,1790877468771862700
airtel,tx-004890,user0890,user1082,16547,0,1790877468779862700
mvola,tx-004891,user0891,user1428,1525,0,1790877468787862700
orange,tx-004892,user0892,user0298,13031,0,1790877468795862700
airtel,tx-004893,user0893,user0078,9641,0,1790877468803862700
mvola,tx-004894,user0894,user1827,14251,0,1790877468811862700
orange,tx-004895,user0895,user0308,19393,0,1790877468819862700
airtel,tx-004896,user0896,user1344,6460,0,1790877468827862700
mvola,tx-004897,user0897,user0589,36001,0,1790877468835862700
orange,tx-004898,user0898,user1342,20067,0,1790877468843862700
airtel,tx-004899,user0899,user0328,16066,0,1790877468851862700
mvola,tx-004900,user0900,user1001,16406,0,1790877468859862700
orange,tx-004901,user0901,user1956,35706,0,1790877468867862700
airtel,tx-004902,user0902,user1931,20373,0,1790877468875862700
mvola,tx-004903,user0903,user1135,13775,0,1790877468883862700
orange,tx-004904,user0904,user0729,49463,0,1790877468891862700
airtel,tx-004905,user0905,user0854,5680,0,1790877468899862700
mvola,tx-004906,user0906,user0605,1184,0,1790877468907862700
orange,tx-004907,user0907,user0953,24748,0,1790877468915862700
airtel,tx-004908,user0908,user0038,2581,0,1790877468923862700
mvola,tx-004909,user0909,user1630,2576,0,1790877468931862700
orange,tx-004910,user0910,user1524,30069,0,1790877468939862700
airtel,tx-004911,user0911,user0482,49779,0,1790877468947862700
mvola,tx-004912,user0912,user0277,33324,0,1790877468955862700
orange,tx-004913,user0913,user1922,8968,0,1790877468963862700
airtel,tx-004914,user0914,user1407,15502,0,1790877468971862700
mvola,tx-004915,user0915,user1409,39125,0,1790877468979862700
orange,tx-004916,user0916,user1901,29210,0,1790877468987862700
airtel,tx-004917,user0917,user0745,27302,0,1790877468995862700
mvola,tx-004918,user0918,user1502,18779,0,1790877469003862700
orange,tx-004919,user0919,user1476,2077,0,1790877469011862700
airtel,tx-004920,user0920,user1320,12588,0,1790877469019862700
mvola,tx-004921,user0921,user1604,40657,0,1790877469027862700
orange,tx-004922,user0922,user1311,16052,0,1790877469035862700
airtel,tx-004923,user0923,user0397,46521,0,1790877469043862700
mvola,tx-004924,user0924,user0666,6853,0,1790877469051862700
orange,tx-004925,user0925,user0034,41746,0,1790877469059862700
airtel,tx-004926,user0926,user0721,14380,0,1790877469067862700
mvola,tx-004927,user0927,user1644,13430,0,1790877469075862700
orange,tx-004928,user0928,user0974,41738,0,1790877469083862700
airtel,tx-004929,user0929,user0299,32532,0,1790877469091862700
mvola,tx-004930,user0930,user0413,48777,0,1790877469099862700
orange,tx-004931,user0931,user1547,11777,0,1790877469107862700
airtel,tx-004932,user0932,user0490,35052,0,1790877469115862700
mvola,tx-004933,user0933,user1381,32428,0,1790877469123862700
orange,tx-004934,user0934,user0293,12723,0,1790877469131862700
airtel,tx-004935,user0935,user0874,16007,0,1790877469139862700
mvola,tx-004936,user0936,user1665,20884,0,1790877469147862700
orange,tx-004937,user0937,user1838,25376,0,1790877469155862700
airtel,tx-004938,user0938,user1703,48975,0,1790877469163862700
mvola,tx-004939,user0939,user0694,44915,0,1790877469171862700
orange,tx-004940,user0940,user1879,35517,0,1790877469179862700
airtel,tx-004941,user0941,user0557,5612,0,1790877469187862700
mvola,tx-004942,user0942,user1884,16748,0,1790877469195862700
orange,tx-004943,user0943,user1351,42072,0,1790877469203862700
airtel,tx-004944,user0944,user1628,13451,0,1790877469211862700
mvola,tx-004945,user0945,user0534,49593,0,1790877469219862700
orange,tx-004946,user0946,user1211,8547,0,1790877469227862700
airtel,tx-004947,user0947,user1408,38093,0,1790877469235862700
mvola,tx-004948,user0948,user1889,42215,0,1790877469243862700
orange,tx-004949,user0949,user0224,36855,0,1790877469251862700
airtel,tx-004950,user0950,user0094,25035,0,1790877469259862700
mvola,tx-004951,user0951,user0564,40069,0,1790877469267862700
orange,tx-004952,user0952,user0236,29830,0,1790877469275862700
airtel,tx-004953,user0953,user0451,31260,0,1790877469283862700
mvola,tx-004954,user0954,user1288,30453,0,1790877469291862700
orange,tx-004955,user0955,user1738,49314,0,1790877469299862700
airtel,tx-004956,user0956,user0412,32334,0,1790877469307862700
mvola,tx-004957,user0957,user1035,16236,0,1790877469315862700
orange,tx-004958,user0958,user0387,32588,0,1790877469323862700
airtel,tx-004959,user0959,user0242,8849,0,1790877469331862700
mvola,tx-004960,user0960,user0746,33038,0,1790877469339862700
orange,tx-004961,user0961,user0425,13177,0,1790877469347862700
airtel,tx-004962,user0962,user0015,48172,0,1790877469355862700
mvola,tx-004963,user0963,user0182,41699,0,1790877469363862700
orange,tx-004964,user0964,user0227,5160,0,1790877469371862700
airtel,tx-004965,user0965,user0752,27988,0,1790877469379862700
mvola,tx-004966,user0966,user0957,12324,0,1790877469387862700
orange,tx-004967,user0967,user1996,1562,0,1790877469395862700
airtel,tx-004968,user0968,user0307,46890,0,1790877469403862700
mvola,tx-004969,user0969,user0526,21176,0,1790877469411862700
orange,tx-004970,user0970,user1060,19250,0,1790877469419862700
airtel,tx-004971,user0971,user0745,40629,0,1790877469427862700
mvola,tx-004972,user0972,user0785,24970,0,1790877469435862700
orange,tx-004973,user0973,user1981,18533,0,1790877469443862700
airtel,tx-004974,user0974,user1592,12174,0,1790877469451862700
mvola,tx-004975,user0975,user1923,13906,0,1790877469459862700
orange,tx-004976,user0976,user1910,5353,0,1790877469467862700
airtel,tx-004977,user0977,user0811,31545,0,1790877469475862700
mvola,tx-004978,user0978,user0342,44063,0,1790877469483862700
orange,tx-004979,user0979,user1477,34404,0,1790877469491862700
airtel,tx-004980,user0980,user1890,6249,0,1790877469499862700
mvola,tx-004981,user0981,user1323,40361,0,1790877469507862700
orange,tx-004982,user0982,user0329,28432,0,1790877469515862700
airtel,tx-004983,user0983,user0003,32796,0,1790877469523862700
mvola,tx-004984,user0984,user1023,18325,0,1790877469531862700
orange,tx-004985,user0985,user1837,43415,0,1790877469539862700
airtel,tx-004986,user0986,user1897,153,0,1790877469547862700
mvola,tx-004987,user0987,user1411,15986,0,1790877469555862700
orange,tx-004988,user0988,user1008,9882,0,1790877469563862700
airtel,tx-004989,user0989,user1141,19721,0,1790877469571862700
mvola,tx-004990,user0990,user1527,28774,0,1790877469579862700
orange,tx-004991,user0991,user1757,25479,0,1790877469587862700
airtel,tx-004992,user0992,user1071,35828,0,1790877469595862700
mvola,tx-004993,user0993,user0244,3395,0,1790877469603862700
orange,tx-004994,user0994,user0027,30561,0,1790877469611862700
airtel,tx-004995,user0995,user0095,1013,0,1790877469619862700
mvola,tx-004996,user0996,user0613,25448,0,1790877469627862700
orange,tx-004997,user0997,user0546,7617,0,1790877469635862700
airtel,tx-004998,user0998,user0587,32469,0,1790877469643862700
mvola,tx-004999,user0999,user1217,22487,0,1790877469651862700
orange,tx-005000,user1000,user0532,33041,0,1790877469659862700
airtel,tx-005001,user1001,user1569,49327,0,1790877469667862700
mvola,tx-005002,user1002,user1216,12222,0,1790877469675862700
orange,tx-005003,user1003,user1030,20482,0,1790877469683862700
airtel,tx-005004,user1004,user0949,4727,0,1790877469691862700
mvola,tx-005005,user1005,user1593,34240,0,1790877469699862700
orange,tx-005006,user1006,user1042,12297,0,1790877469707862700
airtel,tx-005007,user1007,user0006,10321,0,1790877469715862700
mvola,tx-005008,user1008,user0393,44818,0,1790877469723862700
orange,tx-005009,user1009,user1616,6475,0,1790877469731862700
airtel,tx-005010,user1010,user0770,47735,0,1790877469739862700
mvola,tx-005011,user1011,user0186,10675,0,1790877469747862700
orange,tx-005012,user1012,user1429,47150,0,1790877469755862700
airtel,tx-005013,user1013,user0041,36851,0,1790877469763862700
mvola,tx-005014,user1014,user1626,48355,0,1790877469771862700
orange,tx-005015,user1015,user0231,16089,0,1790877469779862700
airtel,tx-005016,user1016,user0504,24881,0,1790877469787862700
mvola,tx-005017,user1017,user0009,46809,0,1790877469795862700
orange,tx-005018,user1018,user1001,584,0,1790877469803862700
airtel,tx-005019,user1019,user0487,16925,0,1790877469811862700
mvola,tx-005020,user1020,user0985,29673,0,1790877469819862700
orange,tx-005021,user1021,user0299,13762,0,1790877469827862700
airtel,tx-005022,user1022,user0250,33595,0,1790877469835862700
mvola,tx-005023,user1023,user0841,12639,0,1790877469843862700
orange,tx-005024,user1024,user0524,10676,0,1790877469851862700
airtel,tx-005025,user1025,user1306,25482,0,1790877469859862700
mvola,tx-005026,user1026,user0077,28235,0,1790877469867862700
orange,tx-005027,user1027,user1926,6192,0,1790877469875862700
airtel,tx-005028,user1028,user0227,14995,0,1790877469883862700
mvola,tx-005029,user1029,user1158,16221,0,1790877469891862700
orange,tx-005030,user1030,user1947,11678,0,1790877469899862700
airtel,tx-005031,user1031,user0104,22320,0,1790877469907862700
mvola,tx-005032,user1032,user0392,22235,0,1790877469915862700
orange,tx-005033,user1033,user0335,19275,0,1790877469923862700
airtel,tx-005034,user1034,user1597,19019,0,1790877469931862700
mvola,tx-005035,user1035,user0320,8440,0,1790877469939862700
orange,tx-005036,user1036,user1903,23524,0,1790877469947862700
airtel,tx-005037,user1037,user1495,18261,0,1790877469955862700
mvola,tx-005038,user1038,user0429,26758,0,1790877469963862700
orange,tx-005039,user1039,user1216,5150,0,1790877469971862700
airtel,tx-005040,user1040,user0777,20917,0,1790877469979862700
mvola,tx-005041,user1041,user0348,36312,0,1790877469987862700
orange,tx-005042,user1042,user0877,14287,0,1790877469995862700
airtel,tx-005043,user1043,user0859,20999,0,1790877470003862700
mvola,tx-005044,user1044,user0679,24200,0,1790877470011862700
orange,tx-005045,user1045,user1261,37268,0,1790877470019862700
airtel,tx-005046,user1046,user1858,12574,0,1790877470027862700
mvola,tx-005047,user1047,user1684,7269,0,1790877470035862700
orange,tx-005048,user1048,user1909,35750,0,1790877470043862700
airtel,tx-005049,user1049,user1715,46632,0,1790877470051862700
mvola,tx-005050,user1050,user0597,21356,0,1790877470059862700
orange,tx-005051,user1051,user1914,33930,0,1790877470067862700
airtel,tx-005052,user1052,user0561,851,0,1790877470075862700
mvola,tx-005053,user1053,user1384,14226,0,1790877470083862700
orange,tx-005054,user1054,user0076,31062,0,1790877470091862700
airtel,tx-005055,user1055,user1381,5718,0,1790877470099862700
mvola,tx-005056,user1056,user0713,11805,0,1790877470107862700
orange,tx-005057,user1057,user0976,20468,0,1790877470115862700
airtel,tx-005058,user1058,user1413,44088,0,1790877470123862700
mvola,tx-005059,user1059,user1665,40680,0,1790877470131862700
orange,tx-005060,user1060,user1545,1981,0,1790877470139862700
airtel,tx-005061,user1061,user1454,2673,0,1790877470147862700
mvola,tx-005062,user1062,user1077,49807,0,1790877470155862700
orange,tx-005063,user1063,user1071,22036,0,1790877470163862700
airtel,tx-005064,user1064,user0403,14623,0,1790877470171862700
mvola,tx-005065,user1065,user1965,4545,0,1790877470179862700
orange,tx-005066,user1066,user1106,4109,0,1790877470187862700
airtel,tx-005067,user1067,user0370,31442,0,1790877470195862700
mvola,tx-005068,user1068,user0561,48683,0,1790877470203862700
orange,tx-005069,user1069,user1880,12294,0,1790877470211862700
airtel,tx-005070,user1070,user0175,16942,0,1790877470219862700
mvola,tx-005071,user1071,user0546,766,0,1790877470227862700
orange,tx-005072,user1072,user0750,24615,0,1790877470235862700
airtel,tx-005073,user1073,user0741,20135,0,1790877470243862700
mvola,tx-005074,user1074,user0633,19967,0,1790877470251862700
orange,tx-005075,user1075,user0570,30406,0,1790877470259862700
airtel,tx-005076,user1076,user1146,49202,0,1790877470267862700
mvola,tx-005077,user1077,user1569,1589,0,1790877470275862700
orange,tx-005078,user1078,user1206,37795,0,1790877470283862700
airtel,tx-005079,user1079,user0957,30873,0,1790877470291862700
mvola,tx-005080,user1080,user1065,49542,0,1790877470299862700
orange,tx-005081,user1081,user1377,2471,0,1790877470307862700
airtel,tx-005082,user1082,user1234,33071,0,1790877470315862700
mvola,tx-005083,user1083,user1220,16357,0,1790877470323862700
orange,tx-005084,user1084,user1132,32012,0,1790877470331862700
airtel,tx-005085,user1085,user0556,17760,0,1790877470339862700
mvola,tx-005086,user1086,user1447,49377,0,1790877470347862700
orange,tx-005087,user1087,user0691,30974,0,1790877470355862700
airtel,tx-005088,user1088,user0758,1692,0,1790877470363862700
mvola,tx-005089,user1089,user1264,31866,0,1790877470371862700
orange,tx-005090,user1090,user1029,43345,0,1790877470379862700
airtel,tx-005091,user1091,user0579,4656,0,1790877470387862700
mvola,tx-005092,user1092,user0566,31814,0,1790877470395862700
orange,tx-005093,user1093,user1540,2006,0,1790877470403862700
airtel,tx-005094,user1094,user0765,38485,0,1790877470411862700
mvola,tx-005095,user1095,user1153,49767,0,1790877470419862700
orange,tx-005096,user1096,user1984,47917,0,1790877470427862700
airtel,tx-005097,user1097,user0435,9932,0,1790877470435862700
mvola,tx-005098,user1098,user1956,19878,0,1790877470443862700
orange,tx-005099,user1099,user1089,819,0,1790877470451862700
airtel,tx-005100,user1100,user0314,43874,0,1790877470459862700
mvola,tx-005101,user1101,user1434,19256,0,1790877470467862700
orange,tx-005102,user1102,user0283,16728,0,1790877470475862700
airtel,tx-005103,user1103,user0329,6062,0,1790877470483862700
mvola,tx-005104,user1104,user1517,15927,0,1790877470491862700
orange,tx-005105,user1105,user1259,7381,0,1790877470499862700
airtel,tx-005106,user1106,user1923,37187,0,1790877470507862700
mvola,tx-005107,user1107,user0201,3170,0,1790877470515862700
orange,tx-005108,user1108,user0300,12131,0,1790877470523862700
airtel,tx-005109,user1109,user0182,46522,0,1790877470531862700
mvola,tx-005110,user1110,user1126,33737,0,1790877470539862700
orange,tx-005111,user1111,user1935,22306,0,1790877470547862700
airtel,tx-005112,user1112,user0658,18286,0,1790877470555862700
mvola,tx-005113,user1113,user0106,23862,0,1790877470563862700
orange,tx-005114,user1114,user1022,3989,0,1790877470571862700
airtel,tx-005115,user1115,user0047,11254,0,1790877470579862700
mvola,tx-005116,user1116,user0325,11192,0,1790877470587862700
orange,tx-005117,user1117,user1206,28133,0,1790877470595862700
airtel,tx-005118,user1118,user1300,24827,0,1790877470603862700
mvola,tx-005119,user1119,user0333,21930,0,1790877470611862700
orange,tx-005120,user1120,user0767,24925,0,1790877470619862700
airtel,tx-005121,user1121,user1291,16209,0,1790877470627862700
mvola,tx-005122,user1122,user1415,32879,0,1790877470635862700
orange,tx-005123,user1123,user0687,46267,0,1790877470643862700
airtel,tx-005124,user1124,user0179,5284,0,1790877470651862700
mvola,tx-005125,user1125,user1342,25004,0,1790877470659862700
orange,tx-005126,user1126,user0615,28535,0,1790877470667862700
airtel,tx-005127,user1127,user0277,19294,0,1790877470675862700
mvola,tx-005128,user1128,user1348,44857,0,1790877470683862700
orange,tx-005129,user1129,user1166,7180,0,1790877470691862700
airtel,tx-005130,user1130,user1788,10498,0,1790877470699862700
mvola,tx-005131,user1131,user1258,34109,0,1790877470707862700
orange,tx-005132,user1132,user1110,19758,0,1790877470715862700
airtel,tx-005133,user1133,user0438,38797,0,1790877470723862700
mvola,tx-005134,user1134,user0686,24053,0,1790877470731862700
orange,tx-005135,user1135,user1291,47857,0,1790877470739862700
airtel,tx-005136,user1136,user1922,31618,0,1790877470747862700
mvola,tx-005137,user1137,user1548,34962,0,1790877470755862700
orange,tx-005138,user1138,user1188,6510,0,1790877470763862700
airtel,tx-005139,user1139,user0894,42274,0,1790877470771862700
mvola,tx-005140,user1140,user0999,16871,0,1790877470779862700
orange,tx-005141,user1141,user0519,35325,0,1790877470787862700
airtel,tx-005142,user1142,user1454,29521,0,1790877470795862700
mvola,tx-005143,user1143,user0221,35770,0,1790877470803862700
orange,tx-005144,user1144,user0468,37405,0,1790877470811862700
airtel,tx-005145,user1145,user0156,37495,0,1790877470819862700
mvola,tx-005146,user1146,user1538,30405,0,1790877470827862700
orange,tx-005147,user1147,user1756,36670,0,1790877470835862700
airtel,tx-005148,user1148,user0396,26405,0,1790877470843862700
mvola,tx-005149,user1149,user1205,31076,0,1790877470851862700
orange,tx-005150,user1150,user1762,40410,0,1790877470859862700
airtel,tx-005151,user1151,user0169,38549,0,1790877470867862700
mvola,tx-005152,user1152,user0280,11418,0,1790877470875862700
orange,tx-005153,user1153,user1288,49858,0,1790877470883862700
airtel,tx-005154,user1154,user1982,9863,0,1790877470891862700
mvola,tx-005155,user1155,user0748,18492,0,1790877470899862700
orange,tx-005156,user1156,user0966,813,0,1790877470907862700
airtel,tx-005157,user1157,user0578,49080,0,1790877470915862700
mvola,tx-005158,user1158,user1940,29287,0,1790877470923862700
orange,tx-005159,user1159,user1951,38119,0,1790877470931862700
airtel,tx-005160,user1160,user0267,29537,0,1790877470939862700
mvola,tx-005161,user1161,user1060,32377,0,1790877470947862700
orange,tx-005162,user1162,user0694,27406,0,1790877470955862700
airtel,tx-005163,user1163,user1504,1820,0,1790877470963862700
mvola,tx-005164,user1164,user0277,18548,0,1790877470971862700
orange,tx-005165,user1165,user1498,28799,0,1790877470979862700
airtel,tx-005166,user1166,user1872,36129,0,1790877470987862700
mvola,tx-005167,user1167,user1294,45573,0,1790877470995862700
orange,tx-005168,user1168,user1857,37801,0,1790877471003862700
airtel,tx-005169,user1169,user0304,2592,0,1790877471011862700
mvola,tx-005170,user1170,user0014,28878,0,1790877471019862700
orange,tx-005171,user1171,user0021,31970,0,1790877471027862700
airtel,tx-005172,user1172,user1771,12727,0,1790877471035862700
mvola,tx-005173,user1173,user0109,22390,0,1790877471043862700
orange,tx-005174,user1174,user0070,43036,0,1790877471051862700
airtel,tx-005175,user1175,user1393,30472,0,1790877471059862700
mvola,tx-005176,user1176,user1736,1203,0,1790877471067862700
orange,tx-005177,user1177,user1844,24726,0,1790877471075862700
airtel,tx-005178,user1178,user1092,17861,0,1790877471083862700
mvola,tx-005179,user1179,user0728,42210,0,1790877471091862700
orange,tx-005180,user1180,user1676,15601,0,1790877471099862700
airtel,tx-005181,user1181,user1493,30416,0,1790877471107862700
mvola,tx-005182,user1182,user0529,21534,0,1790877471115862700
orange,tx-005183,user1183,user1687,8828,0,1790877471123862700
airtel,tx-005184,user1184,user1081,29953,0,1790877471131862700
mvola,tx-005185,user1185,user1927,32637,0,1790877471139862700
orange,tx-005186,user1186,user0836,1725,0,1790877471147862700
airtel,tx-005187,user1187,user0079,27851,0,1790877471155862700
mvola,tx-005188,user1188,user0551,47403,0,1790877471163862700
orange,tx-005189,user1189,user0155,6268,0,1790877471171862700
airtel,tx-005190,user1190,user1573,5208,0,1790877471179862700
mvola,tx-005191,user1191,user0090,42355,0,1790877471187862700
orange,tx-005192,user1192,user0011,25719,0,1790877471195862700
airtel,tx-005193,user1193,user0216,42672,0,1790877471203862700
mvola,tx-005194,user1194,user0266,7710,0,1790877471211862700
orange,tx-005195,user1195,user1163,45542,0,1790877471219862700
airtel,tx-005196,user1196,user1822,6263,0,1790877471227862700
mvola,tx-005197,user1197,user1624,24976,0,1790877471235862700
orange,tx-005198,user1198,user0000,44782,0,1790877471243862700
airtel,tx-005199,user1199,user1148,48186,0,1790877471251862700
mvola,tx-005200,user1200,user1277,48467,0,1790877471259862700
orange,tx-005201,user1201,user0364,25592,0,1790877471267862700
airtel,tx-005202,user1202,user1928,24407,0,1790877471275862700
mvola,tx-005203,user1203,user0700,35134,0,1790877471283862700
orange,tx-005204,user1204,user1742,10172,0,1790877471291862700
airtel,tx-005205,user1205,user0320,47417,0,1790877471299862700
mvola,tx-005206,user1206,user1818,15164,0,1790877471307862700
orange,tx-005207,user1207,user1329,27362,0,1790877471315862700
airtel,tx-005208,user1208,user0695,47076,0,1790877471323862700
mvola,tx-005209,user1209,user0772,22157,0,1790877471331862700
orange,tx-005210,user1210,user0567,24299,0,1790877471339862700
airtel,tx-005211,user1211,user1839,21086,0,1790877471347862700
mvola,tx-005212,user1212,user0678,21261,0,1790877471355862700
orange,tx-005213,user1213,user0211,17577,0,1790877471363862700
airtel,tx-005214,user1214,user1775,13345,0,1790877471371862700
mvola,tx-005215,user1215,user0997,7488,0,1790877471379862700
orange,tx-005216,user1216,user1311,42035,0,1790877471387862700
airtel,tx-005217,user1217,user1473,32840,0,1790877471395862700
mvola,tx-005218,user1218,user0948,40785,0,1790877471403862700
orange,tx-005219,user1219,user1419,44943,0,1790877471411862700
airtel,tx-005220,user1220,user0814,21121,0,1790877471419862700
mvola,tx-005221,user1221,user0439,47577,0,1790877471427862700
orange,tx-005222,user1222,user1455,25558,0,1790877471435862700
airtel,tx-005223,user1223,user1614,20476,0,1790877471443862700
mvola,tx-005224,user1224,user0050,2311,0,1790877471451862700
orange,tx-005225,user1225,user0871,10314,0,1790877471459862700
airtel,tx-005226,user1226,user1866,3028,0,1790877471467862700
mvola,tx-005227,user1227,user1009,9327,0,1790877471475862700
orange,tx-005228,user1228,user0761,24598,0,1790877471483862700
airtel,tx-005229,user1229,user1887,32153,0,1790877471491862700
mvola,tx-005230,user1230,user1215,3213,0,1790877471499862700
orange,tx-005231,user1231,user0457,32861,0,1790877471507862700
airtel,tx-005232,user1232,user0602,46780,0,1790877471515862700
mvola,tx-005233,user1233,user0909,15136,0,1790877471523862700
orange,tx-005234,user1234,user0756,34300,0,1790877471531862700
airtel,tx-005235,user1235,user1071,21055,0,1790877471539862700
mvola,tx-005236,user1236,user0054,47531,0,1790877471547862700
orange,tx-005237,user1237,user1479,41348,0,1790877471555862700
airtel,tx-005238,user1238,user1735,4280,0,1790877471563862700
mvola,tx-005239,user1239,user0698,5109,0,1790877471571862700
orange,tx-005240,user1240,user1704,18847,0,1790877471579862700
airtel,tx-005241,user1241,user1257,40455,0,1790877471587862700
mvola,tx-005242,user1242,user1502,21915,0,1790877471595862700
orange,tx-005243,user1243,user1839,9918,0,1790877471603862700
airtel,tx-005244,user1244,user0043,533,0,1790877471611862700
mvola,tx-005245,user1245,user0471,39958,0,1790877471619862700
orange,tx-005246,user1246,user0709,8766,0,1790877471627862700
airtel,tx-005247,user1247,user1909,10829,0,1790877471635862700
mvola,tx-005248,user1248,user0680,21516,0,1790877471643862700
orange,tx-005249,user1249,user1161,4292,0,1790877471651862700
airtel,tx-005250,user1250,user1483,45569,0,1790877471659862700
mvola,tx-005251,user1251,user1922,21131,0,1790877471667862700
orange,tx-005252,user1252,user1500,31736,0,1790877471675862700
airtel,tx-005253,user1253,user1321,30350,0,1790877471683862700
mvola,tx-005254,user1254,user0749,44753,0,1790877471691862700
orange,tx-005255,user1255,user0761,1017,0,1790877471699862700
airtel,tx-005256,user1256,user0185,19969,0,1790877471707862700
mvola,tx-005257,user1257,user0714,40170,0,1790877471715862700
orange,tx-005258,user1258,user0094,47832,0,1790877471723862700
airtel,tx-005259,user1259,user1354,34605,0,1790877471731862700
mvola,tx-005260,user1260,user0373,44199,0,1790877471739862700
orange,tx-005261,user1261,user1193,15514,0,1790877471747862700
airtel,tx-005262,user1262,user1736,32581,0,1790877471755862700
mvola,tx-005263,user1263,user1285,45509,0,1790877471763862700
orange,tx-005264,user1264,user1235,19975,0,1790877471771862700
airtel,tx-005265,user1265,user0952,20426,0,1790877471779862700
mvola,tx-005266,user1266,user1150,9181,0,1790877471787862700
orange,tx-005267,user1267,user0070,4123,0,1790877471795862700
airtel,tx-005268,user1268,user1147,13738,0,1790877471803862700
mvola,tx-005269,user1269,user0322,8814,0,1790877471811862700
orange,tx-005270,user1270,user1615,44948,0,1790877471819862700
airtel,tx-005271,user1271,user0647,5282,0,1790877471827862700
mvola,tx-005272,user1272,user0246,12651,0,1790877471835862700
orange,tx-005273,user1273,user0513,20149,0,1790877471843862700
airtel,tx-005274,user1274,user0191,34409,0,1790877471851862700
mvola,tx-005275,user1275,user1496,2186,0,1790877471859862700
orange,tx-005276,user1276,user1757,43032,0,1790877471867862700
airtel,tx-005277,user1277,user0199,10880,0,1790877471875862700
mvola,tx-005278,user1278,user1527,49412,0,1790877471883862700
orange,tx-005279,user1279,user0523,8177,0,1790877471891862700
airtel,tx-005280,user1280,user1303,40132,0,1790877471899862700
mvola,tx-005281,user1281,user0810,42831,0,1790877471907862700
orange,tx-005282,user1282,user1062,20350,0,1790877471915862700
airtel,tx-005283,user1283,user0472,29568,0,1790877471923862700
mvola,tx-005284,user1284,user0718,14699,0,1790877471931862700
orange,tx-005285,user1285,user0861,1271,0,1790877471939862700
airtel,tx-005286,user1286,user0459,1134,0,1790877471947862700
mvola,tx-005287,user1287,user0727,23165,0,1790877471955862700
orange,tx-005288,user1288,user1986,48092,0,1790877471963862700
airtel,tx-005289,user1289,user0211,43017,0,1790877471971862700
mvola,tx-005290,user1290,user1401,36137,0,1790877471979862700
orange,tx-005291,user1291,user0974,7745,0,1790877471987862700
airtel,tx-005292,user1292,user0234,28856,0,1790877471995862700
mvola,tx-005293,user1293,user0606,28459,0,1790877472003862700
orange,tx-005294,user1294,user0219,30058,0,1790877472011862700
airtel,tx-005295,user1295,user1500,48950,0,1790877472019862700
mvola,tx-005296,user1296,user0585,38774,0,1790877472027862700
orange,tx-005297,user1297,user1738,32812,0,1790877472035862700
airtel,tx-005298,user1298,user0271,32139,0,1790877472043862700
mvola,tx-005299,user1299,user1021,36741,0,1790877472051862700
orange,tx-005300,user1300,user1417,44670,0,1790877472059862700
airtel,tx-005301,user1301,user0920,6176,0,1790877472067862700
mvola,tx-005302,user1302,user0317,10185,0,1790877472075862700
orange,tx-005303,user1303,user1766,42489,0,1790877472083862700
airtel,tx-005304,user1304,user1481,31626,0,1790877472091862700
mvola,tx-005305,user1305,user1167,21178,0,1790877472099862700
orange,tx-005306,user1306,user1661,38872,0,1790877472107862700
airtel,tx-005307,user1307,user1749,7345,0,1790877472115862700
mvola,tx-005308,user1308,user0967,44071,0,1790877472123862700
orange,tx-005309,user1309,user1439,47017,0,1790877472131862700
airtel,tx-005310,user1310,user0858,9704,0,1790877472139862700
mvola,tx-005311,user1311,user1243,23077,0,1790877472147862700
orange,tx-005312,user1312,user1331,28286,0,1790877472155862700
airtel,tx-005313,user1313,user1861,39604,0,1790877472163862700
mvola,tx-005314,user1314,user1289,34114,0,1790877472171862700
orange,tx-005315,user1315,user0260,12530,0,1790877472179862700
airtel,tx-005316,user1316,user0353,39710,0,1790877472187862700
mvola,tx-005317,user1317,user0071,418,0,1790877472195862700
orange,tx-005318,user1318,user1023,9220,0,1790877472203862700
airtel,tx-005319,user1319,user0409,49961,0,1790877472211862700
mvola,tx-005320,user1320,user1815,36043,0,1790877472219862700
orange,tx-005321,user1321,user1773,24943,0,1790877472227862700
airtel,tx-005322,user1322,user0103,22380,0,1790877472235862700
mvola,tx-005323,user1323,user0876,21375,0,1790877472243862700
orange,tx-005324,user1324,user0566,28665,0,1790877472251862700
airtel,tx-005325,user1325,user1864,18151,0,1790877472259862700
mvola,tx-005326,user1326,user0147,25406,0,1790877472267862700
orange,tx-005327,user1327,user0031,314,0,1790877472275862700
airtel,tx-005328,user1328,user0053,3066,0,1790877472283862700
mvola,tx-005329,user1329,user1707,45518,0,1790877472291862700
orange,tx-005330,user1330,user1203,31145,0,1790877472299862700
airtel,tx-005331,user1331,user1289,18592,0,1790877472307862700
mvola,tx-005332,user1332,user1185,26143,0,1790877472315862700
orange,tx-005333,user1333,user1607,28033,0,1790877472323862700
airtel,tx-005334,user1334,user1554,32972,0,1790877472331862700
mvola,tx-005335,user1335,user1773,357,0,1790877472339862700
orange,tx-005336,user1336,user0995,37941,0,1790877472347862700
airtel,tx-005337,user1337,user0711,29664,0,1790877472355862700
mvola,tx-005338,user1338,user1147,28461,0,1790877472363862700
orange,tx-005339,user1339,user1059,40348,0,1790877472371862700
airtel,tx-005340,user1340,user1585,18604,0,1790877472379862700
mvola,tx-005341,user1341,user1127,15838,0,1790877472387862700
orange,tx-005342,user1342,user1115,10502,0,1790877472395862700
airtel,tx-005343,user1343,user0580,28386,0,1790877472403862700
mvola,tx-005344,user1344,user1888,19406,0,1790877472411862700
orange,tx-005345,user1345,user0196,32695,0,1790877472419862700
airtel,tx-005346,user1346,user0551,49802,0,1790877472427862700
mvola,tx-005347,user1347,user0339,21127,0,1790877472435862700
orange,tx-005348,user1348,user1529,25519,0,1790877472443862700
airtel,tx-005349,user1349,user0451,38692,0,1790877472451862700
mvola,tx-005350,user1350,user0015,46769,0,1790877472459862700
orange,tx-005351,user1351,user1439,47511,0,1790877472467862700
airtel,tx-005352,user1352,user0220,14107,0,1790877472475862700
mvola,tx-005353,user1353,user1949,4926,0,1790877472483862700
orange,tx-005354,user1354,user1268,34471,0,1790877472491862700
airtel,tx-005355,user1355,user0047,17563,0,1790877472499862700
mvola,tx-005356,user1356,user0000,33881,0,1790877472507862700
orange,tx-005357,user1357,user0392,15199,0,1790877472515862700
airtel,tx-005358,user1358,user1029,2968,0,1790877472523862700
mvola,tx-005359,user1359,user1281,31989,0,1790877472531862700
orange,tx-005360,user1360,user0732,49127,0,1790877472539862700
airtel,tx-005361,user1361,user0155,48978,0,1790877472547862700
mvola,tx-005362,user1362,user0408,39585,0,1790877472555862700
orange,tx-005363,user1363,user0560,26332,0,1790877472563862700
airtel,tx-005364,user1364,user1071,8607,0,1790877472571862700
mvola,tx-005365,user1365,user0160,30567,0,1790877472579862700
orange,tx-005366,user1366,user1650,5717,0,1790877472587862700
airtel,tx-005367,user1367,user1436,44238,0,1790877472595862700
mvola,tx-005368,user1368,user0278,26360,0,1790877472603862700
orange,tx-005369,user1369,user1745,23468,0,1790877472611862700
airtel,tx-005370,user1370,user0995,16416,0,1790877472619862700
mvola,tx-005371,user1371,user1691,24826,0,1790877472627862700
orange,tx-005372,user1372,user1026,9033,0,1790877472635862700
airtel,tx-005373,user1373,user0790,43935,0,1790877472643862700
mvola,tx-005374,user1374,user0398,37406,0,1790877472651862700
orange,tx-005375,user1375,user1925,39682,0,1790877472659862700
airtel,tx-005376,user1376,user0034,14048,0,1790877472667862700
mvola,tx-005377,user1377,user0875,38198,0,1790877472675862700
orange,tx-005378,user1378,user0273,47942,0,1790877472683862700
airtel,tx-005379,user1379,user0572,33125,0,1790877472691862700
mvola,tx-005380,user1380,user1475,21486,0,1790877472699862700
orange,tx-005381,user1381,user1305,44164,0,1790877472707862700
airtel,tx-005382,user1382,user0940,48730,0,1790877472715862700
mvola,tx-005383,user1383,user0072,16067,0,1790877472723862700
orange,tx-005384,user1384,user0687,35327,0,1790877472731862700
airtel,tx-005385,user1385,user1516,4210,0,1790877472739862700
mvola,tx-005386,user1386,user1726,41095,0,1790877472747862700
orange,tx-005387,user1387,user1444,16403,0,1790877472755862700
airtel,tx-005388,user1388,user0748,18355,0,1790877472763862700
mvola,tx-005389,user1389,user1380,8756,0,1790877472771862700
orange,tx-005390,user1390,user1427,35769,0,1790877472779862700
airtel,tx-005391,user1391,user0109,20840,0,1790877472787862700
mvola,tx-005392,user1392,user0788,21371,0,1790877472795862700
orange,tx-005393,user1393,user0615,29402,0,1790877472803862700
airtel,tx-005394,user1394,user1788,40996,0,1790877472811862700
mvola,tx-005395,user1395,user1072,47826,0,1790877472819862700
orange,tx-005396,user1396,user1057,18973,0,1790877472827862700
airtel,tx-005397,user1397,user0299,12666,0,1790877472835862700
mvola,tx-005398,user1398,user1549,2859,0,1790877472843862700
orange,tx-005399,user1399,user1679,36190,0,1790877472851862700
airtel,tx-005400,user1400,user1307,4122,0,1790877472859862700
mvola,tx-005401,user1401,user1304,13023,0,1790877472867862700
orange,tx-005402,user1402,user1501,22360,0,1790877472875862700
airtel,tx-005403,user1403,user1149,45391,0,1790877472883862700
mvola,tx-005404,user1404,user1595,31536,0,1790877472891862700
orange,tx-005405,user1405,user1543,24233,0,1790877472899862700
airtel,tx-005406,user1406,user0062,21857,0,1790877472907862700
mvola,tx-005407,user1407,user1762,34697,0,1790877472915862700
orange,tx-005408,user1408,user1884,11065,0,1790877472923862700
airtel,tx-005409,user1409,user1189,9158,0,1790877472931862700
mvola,tx-005410,user1410,user1832,30888,0,1790877472939862700
orange,tx-005411,user1411,user0417,36345,0,1790877472947862700
airtel,tx-005412,user1412,user1854,21497,0,1790877472955862700
mvola,tx-005413,user1413,user1669,23840,0,1790877472963862700
orange,tx-005414,user1414,user1118,25178,0,1790877472971862700
airtel,tx-005415,user1415,user1016,14462,0,1790877472979862700
mvola,tx-005416,user1416,user0846,781,0,1790877472987862700
orange,tx-005417,user1417,user0821,24309,0,1790877472995862700
airtel,tx-005418,user1418,user1357,43033,0,1790877473003862700
mvola,tx-005419,user1419,user1760,49661,0,1790877473011862700
orange,tx-005420,user1420,user0532,22698,0,1790877473019862700
airtel,tx-005421,user1421,user1398,2876,0,1790877473027862700
mvola,tx-005422,user1422,user0517,20713,0,1790877473035862700
orange,tx-005423,user1423,user0690,28493,0,1790877473043862700
airtel,tx-005424,user1424,user0054,18694,0,1790877473051862700
mvola,tx-005425,user1425,user0797,3729,0,1790877473059862700
orange,tx-005426,user1426,user0957,49778,0,1790877473067862700
airtel,tx-005427,user1427,user0030,29240,0,1790877473075862700
mvola,tx-005428,user1428,user0513,48053,0,1790877473083862700
orange,tx-005429,user1429,user1746,29228,0,1790877473091862700
airtel,tx-005430,user1430,user1453,47621,0,1790877473099862700
mvola,tx-005431,user1431,user1360,19996,0,1790877473107862700
orange,tx-005432,user1432,user0855,18700,0,1790877473115862700
airtel,tx-005433,user1433,user1162,34652,0,1790877473123862700
mvola,tx-005434,user1434,user0201,44178,0,1790877473131862700
orange,tx-005435,user1435,user1000,36382,0,1790877473139862700
airtel,tx-005436,user1436,user0267,44632,0,1790877473147862700
mvola,tx-005437,user1437,user1781,13056,0,1790877473155862700
orange,tx-005438,user1438,user0095,44307,0,1790877473163862700
airtel,tx-005439,user1439,user0008,36661,0,1790877473171862700
mvola,tx-005440,user1440,user0941,37389,0,1790877473179862700
orange,tx-005441,user1441,user0141,38129,0,1790877473187862700
airtel,tx-005442,user1442,user1698,17807,0,1790877473195862700
mvola,tx-005443,user1443,user0469,18155,0,1790877473203862700
orange,tx-005444,user1444,user0048,6849,0,1790877473211862700
airtel,tx-005445,user1445,user1938,16786,0,1790877473219862700
mvola,tx-005446,user1446,user0174,18994,0,1790877473227862700
orange,tx-005447,user1447,user1335,16479,0,1790877473235862700
airtel,tx-005448,user1448,user0581,38563,0,1790877473243862700
mvola,tx-005449,user1449,user0162,15587,0,1790877473251862700
orange,tx-005450,user1450,user1037,27452,0,1790877473259862700
airtel,tx-005451,user1451,user1087,29597,0,1790877473267862700
mvola,tx-005452,user1452,user1138,9908,0,1790877473275862700
orange,tx-005453,user1453,user0281,40610,0,1790877473283862700
airtel,tx-005454,user1454,user0121,27685,0,1790877473291862700
mvola,tx-005455,user1455,user1179,44744,0,1790877473299862700
orange,tx-005456,user1456,user1053,28289,0,1790877473307862700
airtel,tx-005457,user1457,user1606,47355,0,1790877473315862700
mvola,tx-005458,user1458,user1672,19356,0,1790877473323862700
orange,tx-005459,user1459,user0388,3104,0,1790877473331862700
airtel,tx-005460,user1460,user1997,30842,0,1790877473339862700
mvola,tx-005461,user1461,user1990,8797,0,1790877473347862700
orange,tx-005462,user1462,user1177,7257,0,1790877473355862700
airtel,tx-005463,user1463,user1952,36351,0,1790877473363862700
mvola,tx-005464,user1464,user1095,799,0,1790877473371862700
orange,tx-005465,user1465,user0676,866,0,1790877473379862700
airtel,tx-005466,user1466,user0066,27601,0,1790877473387862700
mvola,tx-005467,user1467,user1192,8059,0,1790877473395862700
orange,tx-005468,user1468,user1142,15518,0,1790877473403862700
airtel,tx-005469,user1469,user0463,9383,0,1790877473411862700
mvola,tx-005470,user1470,user1998,25180,0,1790877473419862700
orange,tx-005471,user1471,user1758,36349,0,1790877473427862700
airtel,tx-005472,user1472,user1985,42783,0,1790877473435862700
mvola,tx-005473,user1473,user1642,48599,0,1790877473443862700
orange,tx-005474,user1474,user1884,16178,0,1790877473451862700
airtel,tx-005475,user1475,user1527,6221,0,1790877473459862700
mvola,tx-005476,user1476,user1194,28683,0,1790877473467862700
orange,tx-005477,user1477,user0474,16847,0,1790877473475862700
airtel,tx-005478,user1478,user0026,21598,0,1790877473483862700
mvola,tx-005479,user1479,user0890,10560,0,1790877473491862700
orange,tx-005480,user1480,user0385,25168,0,1790877473499862700
airtel,tx-005481,user1481,user1809,26785,0,1790877473507862700
mvola,tx-005482,user1482,user0712,44388,0,1790877473515862700
orange,tx-005483,user1483,user0581,19679,0,1790877473523862700
airtel,tx-005484,user1484,user0387,7515,0,1790877473531862700
mvola,tx-005485,user1485,user0078,44023,0,1790877473539862700
orange,tx-005486,user1486,user0349,11481,0,1790877473547862700
airtel,tx-005487,user1487,user0417,16354,0,1790877473555862700
mvola,tx-005488,user1488,user0696,33873,0,1790877473563862700
orange,tx-005489,user1489,user1504,32447,0,1790877473571862700
airtel,tx-005490,user1490,user0022,28737,0,1790877473579862700
mvola,tx-005491,user1491,user1667,32947,0,1790877473587862700
orange,tx-005492,user1492,user0101,10399,0,1790877473595862700
airtel,tx-005493,user1493,user1659,28207,0,1790877473603862700
mvola,tx-005494,user1494,user1123,19066,0,1790877473611862700
orange,tx-005495,user1495,user0360,14371,0,1790877473619862700
airtel,tx-005496,user1496,user0200,32845,0,1790877473627862700
mvola,tx-005497,user1497,user1789,22348,0,1790877473635862700
orange,tx-005498,user1498,user1127,25421,0,1790877473643862700
airtel,tx-005499,user1499,user1847,22824,0,1790877473651862700
mvola,tx-005500,user1500,user0883,48134,0,1790877473659862700
orange,tx-005501,user1501,user1850,6748,0,1790877473667862700
airtel,tx-005502,user1502,user0703,13912,0,1790877473675862700
mvola,tx-005503,user1503,user1406,16299,0,1790877473683862700
orange,tx-005504,user1504,user1852,23513,0,1790877473691862700
airtel,tx-005505,user1505,user0228,1343,0,1790877473699862700
mvola,tx-005506,user1506,user1803,1974,0,1790877473707862700
orange,tx-005507,user1507,user0851,38996,0,1790877473715862700
airtel,tx-005508,user1508,user0503,29633,0,1790877473723862700
mvola,tx-005509,user1509,user0099,17898,0,1790877473731862700
orange,tx-005510,user1510,user1669,1661,0,1790877473739862700
airtel,tx-005511,user1511,user1911,30579,0,1790877473747862700
mvola,tx-005512,user1512,user1406,9821,0,1790877473755862700
orange,tx-005513,user1513,user0497,35607,0,1790877473763862700
airtel,tx-005514,user1514,user1828,30542,0,1790877473771862700
mvola,tx-005515,user1515,user1386,10713,0,1790877473779862700
orange,tx-005516,user1516,user1763,36303,0,1790877473787862700
airtel,tx-005517,user1517,user1410,21838,0,1790877473795862700
mvola,tx-005518,user1518,user1719,40832,0,1790877473803862700
orange,tx-005519,user1519,user1254,16489,0,1790877473811862700
airtel,tx-005520,user1520,user1020,31536,0,1790877473819862700
mvola,tx-005521,user1521,user1196,41661,0,1790877473827862700
orange,tx-005522,user1522,user1391,34964,0,1790877473835862700
airtel,tx-005523,user1523,user0176,20145,0,1790877473843862700
mvola,tx-005524,user1524,user1284,25111,0,1790877473851862700
orange,tx-005525,user1525,user0467,11440,0,1790877473859862700
airtel,tx-005526,user1526,user0397,6687,0,1790877473867862700
mvola,tx-005527,user1527,user1803,44694,0,1790877473875862700
orange,tx-005528,user1528,user0586,7612,0,1790877473883862700
airtel,tx-005529,user1529,user0730,25159,0,1790877473891862700
mvola,tx-005530,user1530,user1875,36134,0,1790877473899862700
orange,tx-005531,user1531,user0625,26550,0,1790877473907862700
airtel,tx-005532,user1532,user1226,15485,0,1790877473915862700
mvola,tx-005533,user1533,user0880,37897,0,1790877473923862700
orange,tx-005534,user1534,user1072,18567,0,1790877473931862700
airtel,tx-005535,user1535,user1722,36606,0,1790877473939862700
mvola,tx-005536,user1536,user0258,49382,0,1790877473947862700
orange,tx-005537,user1537,user1576,38417,0,1790877473955862700
airtel,tx-005538,user1538,user1116,34512,0,1790877473963862700
mvola,tx-005539,user1539,user0522,8425,0,1790877473971862700
orange,tx-005540,user1540,user1137,49703,0,1790877473979862700
airtel,tx-005541,user1541,user1014,27526,0,1790877473987862700
mvola,tx-005542,user1542,user0467,8079,0,1790877473995862700
orange,tx-005543,user1543,user0996,3360,0,1790877474003862700
airtel,tx-005544,user1544,user1873,25067,0,1790877474011862700
mvola,tx-005545,user1545,user1173,38941,0,1790877474019862700
orange,tx-005546,user1546,user1758,2192,0,1790877474027862700
airtel,tx-005547,user1547,user1178,1672,0,1790877474035862700
mvola,tx-005548,user1548,user0656,44513,0,1790877474043862700
orange,tx-005549,user1549,user0006,15578,0,1790877474051862700
airtel,tx-005550,user1550,user0508,33078,0,1790877474059862700
mvola,tx-005551,user1551,user1378,20127,0,1790877474067862700
orange,tx-005552,user1552,user0726,6997,0,1790877474075862700
airtel,tx-005553,user1553,user1430,34560,0,1790877474083862700
mvola,tx-005554,user1554,user0265,1556,0,1790877474091862700
orange,tx-005555,user1555,user1749,10480,0,1790877474099862700
airtel,tx-005556,user1556,user1700,14213,0,1790877474107862700
mvola,tx-005557,user1557,user1930,8654,0,1790877474115862700
orange,tx-005558,user1558,user0731,3647,0,1790877474123862700
airtel,tx-005559,user1559,user1715,37378,0,1790877474131862700
mvola,tx-005560,user1560,user1064,16928,0,1790877474139862700
orange,tx-005561,user1561,user0561,36368,0,1790877474147862700
airtel,tx-005562,user1562,user1836,20844,0,1790877474155862700
mvola,tx-005563,user1563,user1892,36511,0,1790877474163862700
orange,tx-005564,user1564,user0720,9856,0,1790877474171862700
airtel,tx-005565,user1565,user0010,24106,0,1790877474179862700
mvola,tx-005566,user1566,user0783,19783,0,1790877474187862700
orange,tx-005567,user1567,user0224,27090,0,1790877474195862700
airtel,tx-005568,user1568,user1326,14595,0,1790877474203862700
mvola,tx-005569,user1569,user1285,13960,0,1790877474211862700
orange,tx-005570,user1570,user0201,33664,0,1790877474219862700
airtel,tx-005571,user1571,user1721,30923,0,1790877474227862700
mvola,tx-005572,user1572,user0699,4147,0,1790877474235862700
orange,tx-005573,user1573,user1956,47241,0,1790877474243862700
airtel,tx-005574,user1574,user0642,18397,0,1790877474251862700
mvola,tx-005575,user1575,user0264,15542,0,1790877474259862700
orange,tx-005576,user1576,user0491,2407,0,1790877474267862700
airtel,tx-005577,user1577,user1991,46206,0,1790877474275862700
mvola,tx-005578,user1578,user0993,232,0,1790877474283862700
orange,tx-005579,user1579,user0587,23895,0,1790877474291862700
airtel,tx-005580,user1580,user0081,34926,0,1790877474299862700
mvola,tx-005581,user1581,user1599,2400,0,1790877474307862700
orange,tx-005582,user1582,user0624,19866,0,1790877474315862700
airtel,tx-005583,user1583,user1211,36397,0,1790877474323862700
mvola,tx-005584,user1584,user1695,4939,0,1790877474331862700
orange,tx-005585,user1585,user0690,22844,0,1790877474339862700
airtel,tx-005586,user1586,user1120,10324,0,1790877474347862700
mvola,tx-005587,user1587,user1397,39109,0,1790877474355862700
orange,tx-005588,user1588,user1079,43858,0,1790877474363862700
airtel,tx-005589,user1589,user1796,5800,0,1790877474371862700
mvola,tx-005590,user1590,user1951,39441,0,1790877474379862700
orange,tx-005591,user1591,user0736,30049,0,1790877474387862700
airtel,tx-005592,user1592,user1159,41618,0,1790877474395862700
mvola,tx-005593,user1593,user0992,11416,0,1790877474403862700
orange,tx-005594,user1594,user1502,23208,0,1790877474411862700
airtel,tx-005595,user1595,user0960,31798,0,1790877474419862700
mvola,tx-005596,user1596,user0653,5274,0,1790877474427862700
orange,tx-005597,user1597,user1955,31103,0,1790877474435862700
airtel,tx-005598,user1598,user0559,27610,0,1790877474443862700
mvola,tx-005599,user1599,user1826,12977,0,1790877474451862700
orange,tx-005600,user1600,user1163,38089,0,1790877474459862700
airtel,tx-005601,user1601,user1257,11034,0,1790877474467862700
mvola,tx-005602,user1602,user1894,39499,0,1790877474475862700
orange,tx-005603,user1603,user1529,22788,0,1790877474483862700
airtel,tx-005604,user1604,user1094,38609,0,1790877474491862700
mvola,tx-005605,user1605,user1121,28863,0,1790877474499862700
orange,tx-005606,user1606,user0921,35433,0,1790877474507862700
airtel,tx-005607,user1607,user1028,32664,0,1790877474515862700
mvola,tx-005608,user1608,user1762,791,0,1790877474523862700
orange,tx-005609,user1609,user1172,30652,0,1790877474531862700
airtel,tx-005610,user1610,user0123,7803,0,1790877474539862700
mvola,tx-005611,user1611,user0492,35286,0,1790877474547862700
orange,tx-005612,user1612,user1253,12695,0,1790877474555862700
airtel,tx-005613,user1613,user1551,38234,0,1790877474563862700
mvola,tx-005614,user1614,user1627,12132,0,1790877474571862700
orange,tx-005615,user1615,user0647,41670,0,1790877474579862700
airtel,tx-005616,user1616,user0372,49721,0,1790877474587862700
mvola,tx-005617,user1617,user1051,41999,0,1790877474595862700
orange,tx-005618,user1618,user1271,4499,0,1790877474603862700
airtel,tx-005619,user1619,user0141,31373,0,1790877474611862700
mvola,tx-005620,user1620,user0086,14586,0,1790877474619862700
orange,tx-005621,user1621,user0495,47359,0,1790877474627862700
airtel,tx-005622,user1622,user0094,23253,0,1790877474635862700
mvola,tx-005623,user1623,user0598,1959,0,1790877474643862700
orange,tx-005624,user1624,user0316,29732,0,1790877474651862700
airtel,tx-005625,user1625,user1427,5370,0,1790877474659862700
mvola,tx-005626,user1626,user0812,13359,0,1790877474667862700
orange,tx-005627,user1627,user0764,32499,0,1790877474675862700
airtel,tx-005628,user1628,user1802,38785,0,1790877474683862700
mvola,tx-005629,user1629,user1266,5417,0,1790877474691862700
orange,tx-005630,user1630,user0732,13559,0,1790877474699862700
airtel,tx-005631,user1631,user0438,11007,0,1790877474707862700
mvola,tx-005632,user1632,user1316,47066,0,1790877474715862700
orange,tx-005633,user1633,user1946,25459,0,1790877474723862700
airtel,tx-005634,user1634,user0613,33144,0,1790877474731862700
mvola,tx-005635,user1635,user1667,8417,0,1790877474739862700
orange,tx-005636,user1636,user0068,30384,0,1790877474747862700
airtel,tx-005637,user1637,user0620,32791,0,1790877474755862700
mvola,tx-005638,user1638,user0970,17957,0,1790877474763862700
orange,tx-005639,user1639,user0340,49729,0,1790877474771862700
airtel,tx-005640,user1640,user0678,23202,0,1790877474779862700
mvola,tx-005641,user1641,user0956,9216,0,1790877474787862700
orange,tx-005642,user1642,user0274,6128,0,1790877474795862700
airtel,tx-005643,user1643,user0300,35615,0,1790877474803862700
mvola,tx-005644,user1644,user0671,38736,0,1790877474811862700
orange,tx-005645,user1645,user0801,6130,0,1790877474819862700
airtel,tx-005646,user1646,user0347,41966,0,1790877474827862700
mvola,tx-005647,user1647,user0186,25701,0,1790877474835862700
orange,tx-005648,user1648,user0369,45651,0,1790877474843862700
airtel,tx-005649,user1649,user0809,35202,0,1790877474851862700
mvola,tx-005650,user1650,user1222,20448,0,1790877474859862700
orange,tx-005651,user1651,user0632,39719,0,1790877474867862700
airtel,tx-005652,user1652,user0247,25568,0,1790877474875862700
mvola,tx-005653,user1653,user0107,19015,0,1790877474883862700
orange,tx-005654,user1654,user1244,40678,0,1790877474891862700
airtel,tx-005655,user1655,user1197,12110,0,1790877474899862700
mvola,tx-005656,user1656,user1114,35027,0,1790877474907862700
orange,tx-005657,user1657,user0585,47769,0,1790877474915862700
airtel,tx-005658,user1658,user1328,32364,0,1790877474923862700
mvola,tx-005659,user1659,user1478,7338,0,1790877474931862700
orange,tx-005660,user1660,user1162,11029,0,1790877474939862700
airtel,tx-005661,user1661,user0408,20076,0,1790877474947862700
mvola,tx-005662,user1662,user0377,40896,0,1790877474955862700
orange,tx-005663,user1663,user0074,13931,0,1790877474963862700
airtel,tx-005664,user1664,user0242,33988,0,1790877474971862700
mvola,tx-005665,user1665,user0296,11493,0,1790877474979862700
orange,tx-005666,user1666,user0718,38691,0,1790877474987862700
airtel,tx-005667,user1667,user0057,36935,0,1790877474995862700
mvola,tx-005668,user1668,user0753,12348,0,1790877475003862700
orange,tx-005669,user1669,user0614,45738,0,1790877475011862700
airtel,tx-005670,user1670,user0506,3682,0,1790877475019862700
mvola,tx-005671,user1671,user0866,8609,0,1790877475027862700
orange,tx-005672,user1672,user0850,9800,0,1790877475035862700
airtel,tx-005673,user1673,user0586,1056,0,1790877475043862700
mvola,tx-005674,user1674,user1891,1323,0,1790877475051862700
orange,tx-005675,user1675,user0558,25807,0,1790877475059862700
airtel,tx-005676,user1676,user1490,15500,0,1790877475067862700
mvola,tx-005677,user1677,user1785,43828,0,1790877475075862700
orange,tx-005678,user1678,user1914,8864,0,1790877475083862700
airtel,tx-005679,user1679,user0561,19245,0,1790877475091862700
mvola,tx-005680,user1680,user0617,17931,0,1790877475099862700
orange,tx-005681,user1681,user1736,37348,0,1790877475107862700
airtel,tx-005682,user1682,user1469,45946,0,1790877475115862700
mvola,tx-005683,user1683,user0658,25331,0,1790877475123862700
orange,tx-005684,user1684,user0778,14306,0,1790877475131862700
airtel,tx-005685,user1685,user0709,14713,0,1790877475139862700
mvola,tx-005686,user1686,user0397,34799,0,1790877475147862700
orange,tx-005687,user1687,user0355,9032,0,1790877475155862700
airtel,tx-005688,user1688,user0108,9766,0,1790877475163862700
mvola,tx-005689,user1689,user1108,17742,0,1790877475171862700
orange,tx-005690,user1690,user1711,44457,0,1790877475179862700
airtel,tx-005691,user1691,user0335,29961,0,1790877475187862700
mvola,tx-005692,user1692,user0021,6398,0,1790877475195862700
orange,tx-005693,user1693,user0975,8280,0,1790877475203862700
airtel,tx-005694,user1694,user1939,36010,0,1790877475211862700
mvola,tx-005695,user1695,user1150,36893,0,1790877475219862700
orange,tx-005696,user1696,user1031,25703,0,1790877475227862700
airtel,tx-005697,user1697,user0864,5132,0,1790877475235862700
mvola,tx-005698,user1698,user0271,16702,0,1790877475243862700
orange,tx-005699,user1699,user0584,39060,0,1790877475251862700
airtel,tx-005700,user1700,user1374,45050,0,1790877475259862700
mvola,tx-005701,user1701,user0017,30220,0,1790877475267862700
orange,tx-005702,user1702,user0725,6911,0,1790877475275862700
airtel,tx-005703,user1703,user1065,12162,0,1790877475283862700
mvola,tx-005704,user1704,user0970,32432,0,1790877475291862700
orange,tx-005705,user1705,user1772,41983,0,1790877475299862700
airtel,tx-005706,user1706,user1255,29139,0,1790877475307862700
mvola,tx-005707,user1707,user1360,8950,0,1790877475315862700
orange,tx-005708,user1708,user1081,45668,0,1790877475323862700
airtel,tx-005709,user1709,user1899,4395,0,1790877475331862700
mvola,tx-005710,user1710,user0047,34419,0,1790877475339862700
orange,tx-005711,user1711,user1260,8957,0,1790877475347862700
airtel,tx-005712,user1712,user0465,44648,0,1790877475355862700
mvola,tx-005713,user1713,user0594,40280,0,1790877475363862700
orange,tx-005714,user1714,user1077,35523,0,1790877475371862700
airtel,tx-005715,user1715,user0992,34011,0,1790877475379862700
mvola,tx-005716,user1716,user0166,13494,0,1790877475387862700
orange,tx-005717,user1717,user0278,37651,0,1790877475395862700
airtel,tx-005718,user1718,user1281,669,0,1790877475403862700
mvola,tx-005719,user1719,user0231,28941,0,1790877475411862700
orange,tx-005720,user1720,user0400,46010,0,1790877475419862700
airtel,tx-005721,user1721,user1577,40868,0,1790877475427862700
mvola,tx-005722,user1722,user1037,42847,0,1790877475435862700
orange,tx-005723,user1723,user0660,10433,0,1790877475443862700
airtel,tx-005724,user1724,user0435,49681,0,1790877475451862700
mvola,tx-005725,user1725,user0865,36978,0,1790877475459862700
orange,tx-005726,user1726,user1886,40114,0,1790877475467862700
airtel,tx-005727,user1727,user0695,11593,0,1790877475475862700
mvola,tx-005728,user1728,user1148,32642,0,1790877475483862700
orange,tx-005729,user1729,user1947,22708,0,1790877475491862700
airtel,tx-005730,user1730,user1801,41402,0,1790877475499862700
mvola,tx-005731,user1731,user0504,2684,0,1790877475507862700
orange,tx-005732,user1732,user0903,48374,0,1790877475515862700
airtel,tx-005733,user1733,user0177,41700,0,1790877475523862700
mvola,tx-005734,user1734,user1059,861,0,1790877475531862700
orange,tx-005735,user1735,user1878,25519,0,1790877475539862700
airtel,tx-005736,user1736,user0641,33734,0,1790877475547862700
mvola,tx-005737,user1737,user0712,2326,0,1790877475555862700
orange,tx-005738,user1738,user1182,24659,0,1790877475563862700
airtel,tx-005739,user1739,user1573,33495,0,1790877475571862700
mvola,tx-005740,user1740,user0465,48849,0,1790877475579862700
orange,tx-005741,user1741,user0023,14476,0,1790877475587862700
airtel,tx-005742,user1742,user1094,3016,0,1790877475595862700
mvola,tx-005743,user1743,user1806,17282,0,1790877475603862700
orange,tx-005744,user1744,user0621,22821,0,1790877475611862700
airtel,tx-005745,user1745,user1860,4303,0,1790877475619862700
mvola,tx-005746,user1746,user0211,44122,0,1790877475627862700
orange,tx-005747,user1747,user0735,23044,0,1790877475635862700
airtel,tx-005748,user1748,user0334,42340,0,1790877475643862700
mvola,tx-005749,user1749,user1880,14991,0,1790877475651862700
orange,tx-005750,user1750,user0412,21825,0,1790877475659862700
airtel,tx-005751,user1751,user1334,43315,0,1790877475667862700
mvola,tx-005752,user1752,user0061,17280,0,1790877475675862700
orange,tx-005753,user1753,user0351,10286,0,1790877475683862700
airtel,tx-005754,user1754,user0497,7188,0,1790877475691862700
mvola,tx-005755,user1755,user1982,21259,0,1790877475699862700
orange,tx-005756,user1756,user1196,5680,0,1790877475707862700
airtel,tx-005757,user1757,user0645,36819,0,1790877475715862700
mvola,tx-005758,user1758,user0998,26417,0,1790877475723862700
orange,tx-005759,user1759,user1801,48226,0,1790877475731862700
airtel,tx-005760,user1760,user1687,13803,0,1790877475739862700
mvola,tx-005761,user1761,user0578,6274,0,1790877475747862700
orange,tx-005762,user1762,user1163,8351,0,1790877475755862700
airtel,tx-005763,user1763,user1094,34853,0,1790877475763862700
mvola,tx-005764,user1764,user0435,14861,0,1790877475771862700
orange,tx-005765,user1765,user0826,1393,0,1790877475779862700
airtel,tx-005766,user1766,user0963,42543,0,1790877475787862700
mvola,tx-005767,user1767,user0159,24537,0,1790877475795862700
orange,tx-005768,user1768,user0232,15434,0,1790877475803862700
airtel,tx-005769,user1769,user1012,39544,0,1790877475811862700
mvola,tx-005770,user1770,user0756,49013,0,1790877475819862700
orange,tx-005771,user1771,user0336,6558,0,1790877475827862700
airtel,tx-005772,user1772,user0420,3810,0,1790877475835862700
mvola,tx-005773,user1773,user0323,40231,0,1790877475843862700
orange,tx-005774,user1774,user0607,43670,0,1790877475851862700
airtel,tx-005775,user1775,user0812,14980,0,1790877475859862700
mvola,tx-005776,user1776,user0053,7426,0,1790877475867862700
orange,tx-005777,user1777,user1994,11620,0,1790877475875862700
airtel,tx-005778,user1778,user1249,15641,0,1790877475883862700
mvola,tx-005779,user1779,user0399,20802,0,1790877475891862700
orange,tx-005780,user1780,user0483,11247,0,1790877475899862700
airtel,tx-005781,user1781,user0829,16998,0,1790877475907862700
mvola,tx-005782,user1782,user0427,31928,0,1790877475915862700
orange,tx-005783,user1783,user1269,22190,0,1790877475923862700
airtel,tx-005784,user1784,user0236,19523,0,1790877475931862700
mvola,tx-005785,user1785,user1243,18479,0,1790877475939862700
orange,tx-005786,user1786,user0679,27422,0,1790877475947862700
airtel,tx-005787,user1787,user0887,13803,0,1790877475955862700
mvola,tx-005788,user1788,user0643,4819,0,1790877475963862700
orange,tx-005789,user1789,user1548,10726,0,1790877475971862700
airtel,tx-005790,user1790,user1832,36857,0,1790877475979862700
mvola,tx-005791,user1791,user0383,28561,0,1790877475987862700
orange,tx-005792,user1792,user1974,2745,0,1790877475995862700
airtel,tx-005793,user1793,user0107,18418,0,1790877476003862700
mvola,tx-005794,user1794,user0164,1207,0,1790877476011862700
orange,tx-005795,user1795,user0038,30147,0,1790877476019862700
airtel,tx-005796,user1796,user1037,19580,0,1790877476027862700
mvola,tx-005797,user1797,user1994,36022,0,1790877476035862700
orange,tx-005798,user1798,user0968,22284,0,1790877476043862700
airtel,tx-005799,user1799,user0029,21790,0,1790877476051862700
mvola,tx-005800,user1800,user0188,11226,0,1790877476059862700
orange,tx-005801,user1801,user1515,38684,0,1790877476067862700
airtel,tx-005802,user1802,user1415,12624,0,1790877476075862700
mvola,tx-005803,user1803,user1170,33218,0,1790877476083862700
orange,tx-005804,user1804,user1097,31293,0,1790877476091862700
airtel,tx-005805,user1805,user0251,34055,0,1790877476099862700
mvola,tx-005806,user1806,user1681,10169,0,1790877476107862700
orange,tx-005807,user1807,user1223,5513,0,1790877476115862700
airtel,tx-005808,user1808,user0995,27571,0,1790877476123862700
mvola,tx-005809,user1809,user0382,33378,0,1790877476131862700
orange,tx-005810,user1810,user0620,44542,0,1790877476139862700
airtel,tx-005811,user1811,user0593,19742,0,1790877476147862700
mvola,tx-005812,user1812,user1599,36461,0,1790877476155862700
orange,tx-005813,user1813,user0889,28242,0,1790877476163862700
airtel,tx-005814,user1814,user1844,42355,0,1790877476171862700
mvola,tx-005815,user1815,user1718,10025,0,1790877476179862700
orange,tx-005816,user1816,user0190,28919,0,1790877476187862700
airtel,tx-005817,user1817,user0543,38414,0,1790877476195862700
mvola,tx-005818,user1818,user1559,31416,0,1790877476203862700
orange,tx-005819,user1819,user1934,2356,0,1790877476211862700
airtel,tx-005820,user1820,user1044,24774,0,1790877476219862700
mvola,tx-005821,user1821,user1746,8940,0,1790877476227862700
orange,tx-005822,user1822,user1588,33180,0,1790877476235862700
airtel,tx-005823,user1823,user0668,45404,0,1790877476243862700
mvola,tx-005824,user1824,user0580,36275,0,1790877476251862700
orange,tx-005825,user1825,user1059,18757,0,1790877476259862700
airtel,tx-005826,user1826,user0654,37199,0,1790877476267862700
mvola,tx-005827,user1827,user0673,43540,0,1790877476275862700
orange,tx-005828,user1828,user0038,20171,0,1790877476283862700
airtel,tx-005829,user1829,user0268,32588,0,1790877476291862700
mvola,tx-005830,user1830,user1104,38825,0,1790877476299862700
orange,tx-005831,user1831,user1705,35695,0,1790877476307862700
airtel,tx-005832,user1832,user0515,3088,0,1790877476315862700
mvola,tx-005833,user1833,user1218,41313,0,1790877476323862700
orange,tx-005834,user1834,user1853,40340,0,1790877476331862700
airtel,tx-005835,user1835,user1445,3848,0,1790877476339862700
mvola,tx-005836,user1836,user0247,19263,0,1790877476347862700
orange,tx-005837,user1837,user1239,954,0,1790877476355862700
airtel,tx-005838,user1838,user1917,37990,0,1790877476363862700
mvola,tx-005839,user1839,user0744,27200,0,1790877476371862700
orange,tx-005840,user1840,user0102,13023,0,1790877476379862700
airtel,tx-005841,user1841,user1748,13098,0,1790877476387862700
mvola,tx-005842,user1842,user0064,5141,0,1790877476395862700
orange,tx-005843,user1843,user0906,34730,0,1790877476403862700
airtel,tx-005844,user1844,user1447,10849,0,1790877476411862700
mvola,tx-005845,user1845,user1874,19448,0,1790877476419862700
orange,tx-005846,user1846,user1132,8719,0,1790877476427862700
airtel,tx-005847,user1847,user0224,32043,0,1790877476435862700
mvola,tx-005848,user1848,user1642,3533,0,1790877476443862700
orange,tx-005849,user1849,user0724,42338,0,1790877476451862700
airtel,tx-005850,user1850,user1847,30553,0,1790877476459862700
mvola,tx-005851,user1851,user0224,36008,0,1790877476467862700
orange,tx-005852,user1852,user1473,19501,0,1790877476475862700
airtel,tx-005853,user1853,user0482,4025,0,1790877476483862700
mvola,tx-005854,user1854,user0096,26139,0,1790877476491862700
orange,tx-005855,user1855,user1690,45612,0,1790877476499862700
airtel,tx-005856,user1856,user0770,30310,0,1790877476507862700
mvola,tx-005857,user1857,user1876,37283,0,1790877476515862700
orange,tx-005858,user1858,user1327,29942,0,1790877476523862700
airtel,tx-005859,user1859,user0846,16887,0,1790877476531862700
mvola,tx-005860,user1860,user0487,3112,0,1790877476539862700
orange,tx-005861,user1861,user0978,44165,0,1790877476547862700
airtel,tx-005862,user1862,user1593,10796,0,1790877476555862700
mvola,tx-005863,user1863,user0574,41801,0,1790877476563862700
orange,tx-005864,user1864,user1911,20259,0,1790877476571862700
airtel,tx-005865,user1865,user1553,46710,0,1790877476579862700
mvola,tx-005866,user1866,user0614,21083,0,1790877476587862700
orange,tx-005867,user1867,user0993,1393,0,1790877476595862700
airtel,tx-005868,user1868,user1533,18925,0,1790877476603862700
mvola,tx-005869,user1869,user0235,8966,0,1790877476611862700
orange,tx-005870,user1870,user1203,47360,0,1790877476619862700
airtel,tx-005871,user1871,user0866,12984,0,1790877476627862700
mvola,tx-005872,user1872,user1546,33357,0,1790877476635862700
orange,tx-005873,user1873,user0991,41979,0,1790877476643862700
airtel,tx-005874,user1874,user0082,16165,0,1790877476651862700
mvola,tx-005875,user1875,user1395,38655,0,1790877476659862700
orange,tx-005876,user1876,user1090,46272,0,1790877476667862700
airtel,tx-005877,user1877,user0626,35074,0,1790877476675862700
mvola,tx-005878,user1878,user0311,11017,0,1790877476683862700
orange,tx-005879,user1879,user1889,46810,0,1790877476691862700
airtel,tx-005880,user1880,user0128,3097,0,1790877476699862700
mvola,tx-005881,user1881,user0587,36865,0,1790877476707862700
orange,tx-005882,user1882,user0417,18254,0,1790877476715862700
airtel,tx-005883,user1883,user1171,12551,0,1790877476723862700
mvola,tx-005884,user1884,user1492,35169,0,1790877476731862700
orange,tx-005885,user1885,user1010,21085,0,1790877476739862700
airtel,tx-005886,user1886,user0775,22556,0,1790877476747862700
mvola,tx-005887,user1887,user1954,47775,0,1790877476755862700
orange,tx-005888,user1888,user1324,24381,0,1790877476763862700
airtel,tx-005889,user1889,user0463,26651,0,1790877476771862700
mvola,tx-005890,user1890,user1950,39124,0,1790877476779862700
orange,tx-005891,user1891,user0869,28194,0,1790877476787862700
airtel,tx-005892,user1892,user1632,2262,0,1790877476795862700
mvola,tx-005893,user1893,user1813,9593,0,1790877476803862700
orange,tx-005894,user1894,user1819,38548,0,1790877476811862700
airtel,tx-005895,user1895,user1144,23587,0,1790877476819862700
mvola,tx-005896,user1896,user1620,39712,0,1790877476827862700
orange,tx-005897,user1897,user1634,23332,0,1790877476835862700
airtel,tx-005898,user1898,user0802,27132,0,1790877476843862700
mvola,tx-005899,user1899,user0528,48124,0,1790877476851862700
orange,tx-005900,user1900,user1365,10899,0,1790877476859862700
airtel,tx-005901,user1901,user0355,11842,0,1790877476867862700
mvola,tx-005902,user1902,user1473,44186,0,1790877476875862700
orange,tx-005903,user1903,user1926,542,0,1790877476883862700
airtel,tx-005904,user1904,user0720,20722,0,1790877476891862700
mvola,tx-005905,user1905,user1644,6342,0,1790877476899862700
orange,tx-005906,user1906,user1454,42807,0,1790877476907862700
airtel,tx-005907,user1907,user0767,6585,0,1790877476915862700
mvola,tx-005908,user1908,user1225,8183,0,1790877476923862700
orange,tx-005909,user1909,user1664,34642,0,1790877476931862700
airtel,tx-005910,user1910,user0735,1145,0,1790877476939862700
mvola,tx-005911,user1911,user0672,47687,0,1790877476947862700
orange,tx-005912,user1912,user1830,19226,0,1790877476955862700
airtel,tx-005913,user1913,user1976,34778,0,1790877476963862700
mvola,tx-005914,user1914,user0827,11470,0,1790877476971862700
orange,tx-005915,user1915,user0650,25194,0,1790877476979862700
airtel,tx-005916,user1916,user0833,2752,0,1790877476987862700
mvola,tx-005917,user1917,user1182,44687,0,1790877476995862700
orange,tx-005918,user1918,user0450,47709,0,1790877477003862700
airtel,tx-005919,user1919,user0163,4026,0,1790877477011862700
mvola,tx-005920,user1920,user1522,28294,0,1790877477019862700
orange,tx-005921,user1921,user1278,45988,0,1790877477027862700
airtel,tx-005922,user1922,user0847,12014,0,1790877477035862700
mvola,tx-005923,user1923,user1090,37673,0,1790877477043862700
orange,tx-005924,user1924,user1831,43226,0,1790877477051862700
airtel,tx-005925,user1925,user1779,48239,0,1790877477059862700
mvola,tx-005926,user1926,user1569,17343,0,1790877477067862700
orange,tx-005927,user1927,user1894,22083,0,1790877477075862700
airtel,tx-005928,user1928,user0715,17451,0,1790877477083862700
mvola,tx-005929,user1929,user0930,34954,0,1790877477091862700
orange,tx-005930,user1930,user1859,26520,0,1790877477099862700
airtel,tx-005931,user1931,user0285,2428,0,1790877477107862700
mvola,tx-005932,user1932,user1898,21592,0,1790877477115862700
orange,tx-005933,user1933,user1333,5503,0,1790877477123862700
airtel,tx-005934,user1934,user1743,33827,0,1790877477131862700
mvola,tx-005935,user1935,user1856,35258,0,1790877477139862700
orange,tx-005936,user1936,user0886,645,0,1790877477147862700
airtel,tx-005937,user1937,user0080,35235,0,1790877477155862700
mvola,tx-005938,user1938,user0194,43481,0,1790877477163862700
orange,tx-005939,user1939,user0303,10382,0,1790877477171862700
airtel,tx-005940,user1940,user1784,11238,0,1790877477179862700
mvola,tx-005941,user1941,user0712,21370,0,1790877477187862700
orange,tx-005942,user1942,user0499,36473,0,1790877477195862700
airtel,tx-005943,user1943,user0667,36773,0,1790877477203862700
mvola,tx-005944,user1944,user1987,47853,0,1790877477211862700
orange,tx-005945,user1945,user0806,16252,0,1790877477219862700
airtel,tx-005946,user1946,user1957,33409,0,1790877477227862700
mvola,tx-005947,user1947,user1531,10572,0,1790877477235862700
orange,tx-005948,user1948,user1044,13564,0,1790877477243862700
airtel,tx-005949,user1949,user1509,24352,0,1790877477251862700
mvola,tx-005950,user1950,user0056,38089,0,1790877477259862700
orange,tx-005951,user1951,user1977,2083,0,1790877477267862700
airtel,tx-005952,user1952,user1922,46887,0,1790877477275862700
mvola,tx-005953,user1953,user0515,1700,0,1790877477283862700
orange,tx-005954,user1954,user0436,7818,0,1790877477291862700
airtel,tx-005955,user1955,user0125,5544,0,1790877477299862700
mvola,tx-005956,user1956,user0990,12134,0,1790877477307862700
orange,tx-005957,user1957,user0319,17404,0,1790877477315862700
airtel,tx-005958,user1958,user0290,43790,0,1790877477323862700
mvola,tx-005959,user1959,user1831,44437,0,1790877477331862700
orange,tx-005960,user1960,user0345,39583,0,1790877477339862700
airtel,tx-005961,user1961,user0474,3065,0,1790877477347862700
mvola,tx-005962,user1962,user1938,30639,0,1790877477355862700
orange,tx-005963,user1963,user0769,44033,0,1790877477363862700
airtel,tx-005964,user1964,user1648,8035,0,1790877477371862700
mvola,tx-005965,user1965,user0337,44699,0,1790877477379862700
orange,tx-005966,user1966,user1756,16197,0,1790877477387862700
airtel,tx-005967,user1967,user0983,37279,0,1790877477395862700
mvola,tx-005968,user1968,user1182,26500,0,1790877477403862700
orange,tx-005969,user1969,user1604,41011,0,1790877477411862700
airtel,tx-005970,user1970,user1527,29137,0,1790877477419862700
mvola,tx-005971,user1971,user1649,40962,0,1790877477427862700
orange,tx-005972,user1972,user1902,498,0,1790877477435862700
airtel,tx-005973,user1973,user1137,39213,0,1790877477443862700
mvola,tx-005974,user1974,user1600,24246,0,1790877477451862700
orange,tx-005975,user1975,user0801,19136,0,1790877477459862700
airtel,tx-005976,user1976,user0032,47047,0,1790877477467862700
mvola,tx-005977,user1977,user1822,1188,0,1790877477475862700
orange,tx-005978,user1978,user0400,11340,0,1790877477483862700
airtel,tx-005979,user1979,user0031,17574,0,1790877477491862700
mvola,tx-005980,user1980,user0777,27797,0,1790877477499862700
orange,tx-005981,user1981,user0213,13633,0,1790877477507862700
airtel,tx-005982,user1982,user1816,35541,0,1790877477515862700
mvola,tx-005983,user1983,user0075,30494,0,1790877477523862700
orange,tx-005984,user1984,user0233,9942,0,1790877477531862700
airtel,tx-005985,user1985,user1437,45978,0,1790877477539862700
mvola,tx-005986,user1986,user1036,3194,0,1790877477547862700
orange,tx-005987,user1987,user1966,22906,0,1790877477555862700
airtel,tx-005988,user1988,user0314,29955,0,1790877477563862700
mvola,tx-005989,user1989,user0176,6034,0,1790877477571862700
orange,tx-005990,user1990,user0072,8132,0,1790877477579862700
airtel,tx-005991,user1991,user1430,38804,0,1790877477587862700
mvola,tx-005992,user1992,user1553,9699,0,1790877477595862700
orange,tx-005993,user1993,user1340,18978,0,1790877477603862700
airtel,tx-005994,user1994,user0256,48440,0,1790877477611862700
mvola,tx-005995,user1995,user1638,44714,0,1790877477619862700
orange,tx-005996,user1996,user1793,22919,0,1790877477627862700
airtel,tx-005997,user1997,user0075,28163,0,1790877477635862700
mvola,tx-005998,user1998,user0790,3269,0,1790877477643862700
orange,tx-005999,user1999,user0457,48895,0,1790877477651862700
mvola,tx-006000,user0000,user0144,37405,0,1790877477659862700
orange,tx-006001,user0001,user0412,9128,0,1790877477667862700
airtel,tx-006002,user0002,user1396,24876,0,1790877477675862700
mvola,tx-006003,user0003,user0643,46051,0,1790877477683862700
orange,tx-006004,user0004,user0597,10367,0,1790877477691862700
airtel,tx-006005,user0005,user1178,37603,0,1790877477699862700
mvola,tx-006006,user0006,user1775,5712,0,1790877477707862700
orange,tx-006007,user0007,user1168,34469,0,1790877477715862700
airtel,tx-006008,user0008,user0893,5889,0,1790877477723862700
mvola,tx-006009,user0009,user1418,9419,0,1790877477731862700
orange,tx-006010,user0010,user0968,27698,0,1790877477739862700
airtel,tx-006011,user0011,user0923,30695,0,1790877477747862700
mvola,tx-006012,user0012,user1219,41329,0,1790877477755862700
orange,tx-006013,user0013,user1145,15190,0,1790877477763862700
airtel,tx-006014,user0014,user1774,11373,0,1790877477771862700
mvola,tx-006015,user0015,user1859,20471,0,1790877477779862700
orange,tx-006016,user0016,user0330,30955,0,1790877477787862700
airtel,tx-006017,user0017,user0788,8875,0,1790877477795862700
mvola,tx-006018,user0018,user0266,16417,0,1790877477803862700
orange,tx-006019,user0019,user1945,26062,0,1790877477811862700
airtel,tx-006020,user0020,user0921,29389,0,1790877477819862700
mvola,tx-006021,user0021,user1354,34871,0,1790877477827862700
orange,tx-006022,user0022,user0849,7343,0,1790877477835862700
airtel,tx-006023,user0023,user0738,20806,0,1790877477843862700
mvola,tx-006024,user0024,user0602,2907,0,1790877477851862700
orange,tx-006025,user0025,user1151,18654,0,1790877477859862700
airtel,tx-006026,user0026,user1057,6001,0,1790877477867862700
mvola,tx-006027,user0027,user0527,46263,0,1790877477875862700
orange,tx-006028,user0028,user1892,24504,0,1790877477883862700
airtel,tx-006029,user0029,user1307,13298,0,1790877477891862700
mvola,tx-006030,user0030,user0294,19699,0,1790877477899862700
orange,tx-006031,user0031,user1229,30614,0,1790877477907862700
airtel,tx-006032,user0032,user1621,35092,0,1790877477915862700
mvola,tx-006033,user0033,user1686,48967,0,1790877477923862700
orange,tx-006034,user0034,user0669,7335,0,1790877477931862700
airtel,tx-006035,user0035,user1951,45407,0,1790877477939862700
mvola,tx-006036,user0036,user0499,37184,0,1790877477947862700
orange,tx-006037,user0037,user0855,37343,0,1790877477955862700
airtel,tx-006038,user0038,user1657,14767,0,1790877477963862700
mvola,tx-006039,user0039,user0176,12603,0,1790877477971862700
orange,tx-006040,user0040,user0001,35268,0,1790877477979862700
airtel,tx-006041,user0041,user1302,44232,0,1790877477987862700
mvola,tx-006042,user0042,user0154,17678,0,1790877477995862700
orange,tx-006043,user0043,user0435,14727,0,1790877478003862700
airtel,tx-006044,user0044,user1012,9485,0,1790877478011862700
mvola,tx-006045,user0045,user1111,31249,0,1790877478019862700
orange,tx-006046,user0046,user0879,10511,0,1790877478027862700
airtel,tx-006047,user0047,user0661,9142,0,1790877478035862700
mvola,tx-006048,user0048,user1182,17246,0,1790877478043862700
orange,tx-006049,user0049,user0800,49091,0,1790877478051862700
airtel,tx-006050,user0050,user1415,33440,0,1790877478059862700
mvola,tx-006051,user0051,user0986,5715,0,1790877478067862700
orange,tx-006052,user0052,user1195,38284,0,1790877478075862700
airtel,tx-006053,user0053,user0112,32113,0,1790877478083862700
mvola,tx-006054,user0054,user0124,33047,0,1790877478091862700
orange,tx-006055,user0055,user1358,29337,0,1790877478099862700
airtel,tx-006056,user0056,user0881,12725,0,1790877478107862700
mvola,tx-006057,user0057,user1729,43626,0,1790877478115862700
orange,tx-006058,user0058,user1225,6875,0,1790877478123862700
airtel,tx-006059,user0059,user0453,12730,0,1790877478131862700
mvola,tx-006060,user0060,user0045,46139,0,1790877478139862700
orange,tx-006061,user0061,user0109,2729,0,1790877478147862700
airtel,tx-006062,user0062,user1269,1877,0,1790877478155862700
mvola,tx-006063,user0063,user0786,7222,0,1790877478163862700
orange,tx-006064,user0064,user1326,48034,0,1790877478171862700
airtel,tx-006065,user0065,user1558,45294,0,1790877478179862700
mvola,tx-006066,user0066,user0473,10794,0,1790877478187862700
orange,tx-006067,user0067,user1690,35205,0,1790877478195862700
airtel,tx-006068,user0068,user1986,41920,0,1790877478203862700
mvola,tx-006069,user0069,user1098,225,0,1790877478211862700
orange,tx-006070,user0070,user1764,37649,0,1790877478219862700
airtel,tx-006071,user0071,user1644,20402,0,1790877478227862700
mvola,tx-006072,user0072,user0041,29441,0,1790877478235862700
orange,tx-006073,user0073,user0148,2399,0,1790877478243862700
airtel,tx-006074,user0074,user0639,38436,0,1790877478251862700
mvola,tx-006075,user0075,user0245,20282,0,1790877478259862700
orange,tx-006076,user0076,user0122,16023,0,1790877478267862700
airtel,tx-006077,user0077,user1041,47460,0,1790877478275862700
mvola,tx-006078,user0078,user0654,18972,0,1790877478283862700
orange,tx-006079,user0079,user1051,15163,0,1790877478291862700
airtel,tx-006080,user0080,user0926,25921,0,1790877478299862700
mvola,tx-006081,user0081,user1146,24734,0,1790877478307862700
orange,tx-006082,user0082,user0812,14408,0,1790877478315862700
airtel,tx-006083,user0083,user1471,44356,0,1790877478323862700
mvola,tx-006084,user0084,user1114,39467,0,1790877478331862700
orange,tx-006085,user0085,user1932,45626,0,1790877478339862700
airtel,tx-006086,user0086,user1179,35388,0,1790877478347862700
mvola,tx-006087,user0087,user1306,31578,0,1790877478355862700
orange,tx-006088,user0088,user0266,40766,0,1790877478363862700
airtel,tx-006089,user0089,user0874,19217,0,1790877478371862700
mvola,tx-006090,user0090,user0274,37146,0,1790877478379862700
orange,tx-006091,user0091,user1916,43776,0,1790877478387862700
airtel,tx-006092,user0092,user0860,10168,0,1790877478395862700
mvola,tx-006093,user0093,user0314,49591,0,1790877478403862700
orange,tx-006094,user0094,user1004,19304,0,1790877478411862700
airtel,tx-006095,user0095,user1383,3926,0,1790877478419862700
mvola,tx-006096,user0096,user0754,10658,0,1790877478427862700
orange,tx-006097,user0097,user0125,10552,0,1790877478435862700
airtel,tx-006098,user0098,user0087,41838,0,1790877478443862700
mvola,tx-006099,user0099,user0065,24828,0,1790877478451862700
orange,tx-006100,user0100,user1010,43606,0,1790877478459862700
airtel,tx-006101,user0101,user1035,4795,0,1790877478467862700
mvola,tx-006102,user0102,user0088,4257,0,1790877478475862700
orange,tx-006103,user0103,user1806,12186,0,1790877478483862700
airtel,tx-006104,user0104,user0684,38672,0,1790877478491862700
mvola,tx-006105,user0105,user0588,14049,0,1790877478499862700
orange,tx-006106,user0106,user0855,41420,0,1790877478507862700
airtel,tx-006107,user0107,user1556,25097,0,1790877478515862700
mvola,tx-006108,user0108,user1506,47747,0,1790877478523862700
orange,tx-006109,user0109,user0883,24554,0,1790877478531862700
airtel,tx-006110,user0110,user0011,37071,0,1790877478539862700
mvola,tx-006111,user0111,user0207,41275,0,1790877478547862700
orange,tx-006112,user0112,user1377,23449,0,1790877478555862700
airtel,tx-006113,user0113,user1430,42314,0,1790877478563862700
mvola,tx-006114,user0114,user0735,4542,0,1790877478571862700
orange,tx-006115,user0115,user0036,11793,0,1790877478579862700
airtel,tx-006116,user0116,user0339,46183,0,1790877478587862700
mvola,tx-006117,user0117,user1040,12819,0,1790877478595862700
orange,tx-006118,user0118,user1966,17557,0,1790877478603862700
airtel,tx-006119,user0119,user0014,32334,0,1790877478611862700
mvola,tx-006120,user0120,user0308,16165,0,1790877478619862700
orange,tx-006121,user0121,user1295,46929,0,1790877478627862700
airtel,tx-006122,user0122,user1051,20449,0,1790877478635862700
mvola,tx-006123,user0123,user1281,42923,0,1790877478643862700
orange,tx-006124,user0124,user0248,11863,0,1790877478651862700
airtel,tx-006125,user0125,user1315,2412,0,1790877478659862700
mvola,tx-006126,user0126,user1237,15517,0,1790877478667862700
orange,tx-006127,user0127,user0179,38293,0,1790877478675862700
airtel,tx-006128,user0128,user1809,32211,0,1790877478683862700
mvola,tx-006129,user0129,user0730,26164,0,1790877478691862700
orange,tx-006130,user0130,user0180,21847,0,1790877478699862700
airtel,tx-006131,user0131,user1986,27629,0,1790877478707862700
mvola,tx-006132,user0132,user1708,16428,0,1790877478715862700
orange,tx-006133,user0133,user1540,38813,0,1790877478723862700
airtel,tx-006134,user0134,user1365,23632,0,1790877478731862700
mvola,tx-006135,user0135,user1183,4847,0,1790877478739862700
orange,tx-006136,user0136,user0071,6624,0,1790877478747862700
airtel,tx-006137,user0137,user0220,41963,0,1790877478755862700
mvola,tx-006138,user0138,user1425,19317,0,1790877478763862700
orange,tx-006139,user0139,user1714,27341,0,1790877478771862700
airtel,tx-006140,user0140,user0974,29290,0,1790877478779862700
mvola,tx-006141,user0141,user0993,23337,0,1790877478787862700
orange,tx-006142,user0142,user0112,21948,0,1790877478795862700
airtel,tx-006143,user0143,user1945,46471,0,1790877478803862700
mvola,tx-006144,user0144,user1088,41670,0,1790877478811862700
orange,tx-006145,user0145,user0560,40093,0,1790877478819862700
airtel,tx-006146,user0146,user0729,21334,0,1790877478827862700
mvola,tx-006147,user0147,user0644,9174,0,1790877478835862700
orange,tx-006148,user0148,user1277,33023,0,1790877478843862700
airtel,tx-006149,user0149,user0061,25694,0,1790877478851862700
mvola,tx-006150,user0150,user0069,32677,0,1790877478859862700
orange,tx-006151,user0151,user1056,3799,0,1790877478867862700
airtel,tx-006152,user0152,user0346,37802,0,1790877478875862700
mvola,tx-006153,user0153,user1780,11254,0,1790877478883862700
orange,tx-006154,user0154,user0626,22236,0,1790877478891862700
airtel,tx-006155,user0155,user0115,43442,0,1790877478899862700
mvola,tx-006156,user0156,user0215,17671,0,1790877478907862700
orange,tx-006157,user0157,user1262,19055,0,1790877478915862700
airtel,tx-006158,user0158,user1655,5103,0,1790877478923862700
mvola,tx-006159,user0159,user0316,12840,0,1790877478931862700
orange,tx-006160,user0160,user0890,49861,0,1790877478939862700
airtel,tx-006161,user0161,user1448,33079,0,1790877478947862700
mvola,tx-006162,user0162,user0641,48230,0,1790877478955862700
orange,tx-006163,user0163,user1675,36756,0,1790877478963862700
airtel,tx-006164,user0164,user1670,11715,0,1790877478971862700
mvola,tx-006165,user0165,user0447,5270,0,1790877478979862700
orange,tx-006166,user0166,user1653,39852,0,1790877478987862700
airtel,tx-006167,user0167,user0626,4069,0,1790877478995862700
mvola,tx-006168,user0168,user0003,37893,0,1790877479003862700
orange,tx-006169,user0169,user1703,5875,0,1790877479011862700
airtel,tx-006170,user0170,user1128,5401,0,1790877479019862700
mvola,tx-006171,user0171,user0884,17662,0,1790877479027862700
orange,tx-006172,user0172,user1050,7336,0,1790877479035862700
airtel,tx-006173,user0173,user0855,39487,0,1790877479043862700
mvola,tx-006174,user0174,user1051,15959,0,1790877479051862700
orange,tx-006175,user0175,user1613,47976,0,1790877479059862700
airtel,tx-006176,user0176,user0847,7374,0,1790877479067862700
mvola,tx-006177,user0177,user1050,21592,0,1790877479075862700
orange,tx-006178,user0178,user0434,49136,0,1790877479083862700
airtel,tx-006179,user0179,user1651,39350,0,1790877479091862700
mvola,tx-006180,user0180,user0359,1526,0,1790877479099862700
orange,tx-006181,user0181,user0266,43590,0,1790877479107862700
airtel,tx-006182,user0182,user0822,31522,0,1790877479115862700
mvola,tx-006183,user0183,user1192,669,0,1790877479123862700
orange,tx-006184,user0184,user0611,2289,0,1790877479131862700
airtel,tx-006185,user0185,user0545,16122,0,1790877479139862700
mvola,tx-006186,user0186,user1691,9670,0,1790877479147862700
orange,tx-006187,user0187,user1084,42287,0,1790877479155862700
airtel,tx-006188,user0188,user1270,37679,0,1790877479163862700
mvola,tx-006189,user0189,user1921,40658,0,1790877479171862700
orange,tx-006190,user0190,user1922,37388,0,1790877479179862700
airtel,tx-006191,user0191,user1519,2030,0,1790877479187862700
mvola,tx-006192,user0192,user1329,36735,0,1790877479195862700
orange,tx-006193,user0193,user0051,21744,0,1790877479203862700
airtel,tx-006194,user0194,user0021,37632,0,1790877479211862700
mvola,tx-006195,user0195,user0244,23794,0,1790877479219862700
orange,tx-006196,user0196,user1984,30138,0,1790877479227862700
airtel,tx-006197,user0197,user0129,19059,0,1790877479235862700
mvola,tx-006198,user0198,user1216,19380,0,1790877479243862700
orange,tx-006199,user0199,user1035,5414,0,1790877479251862700
airtel,tx-006200,user0200,user1319,10907,0,1790877479259862700
mvola,tx-006201,user0201,user0078,15760,0,1790877479267862700
orange,tx-006202,user0202,user0571,8861,0,1790877479275862700
airtel,tx-006203,user0203,user1405,14154,0,1790877479283862700
mvola,tx-006204,user0204,user1463,25808,0,1790877479291862700
orange,tx-006205,user0205,user0463,14542,0,1790877479299862700
airtel,tx-006206,user0206,user1791,28972,0,1790877479307862700
mvola,tx-006207,user0207,user1225,20891,0,1790877479315862700
orange,tx-006208,user0208,user0284,2565,0,1790877479323862700
airtel,tx-006209,user0209,user1158,31886,0,1790877479331862700
mvola,tx-006210,user0210,user1474,31554,0,1790877479339862700
orange,tx-006211,user0211,user1018,45007,0,1790877479347862700
airtel,tx-006212,user0212,user0618,22171,0,1790877479355862700
mvola,tx-006213,user0213,user0057,39787,0,1790877479363862700
orange,tx-006214,user0214,user0011,4129,0,1790877479371862700
airtel,tx-006215,user0215,user0942,29779,0,1790877479379862700
mvola,tx-006216,user0216,user0651,7682,0,1790877479387862700
orange,tx-006217,user0217,user0805,4303,0,1790877479395862700
airtel,tx-006218,user0218,user0502,8226,0,1790877479403862700
mvola,tx-006219,user0219,user0360,362,0,1790877479411862700
orange,tx-006220,user0220,user0754,46605,0,1790877479419862700
airtel,tx-006221,user0221,user1035,34997,0,1790877479427862700
mvola,tx-006222,user0222,user0066,5383,0,1790877479435862700
orange,tx-006223,user0223,user1672,44843,0,1790877479443862700
airtel,tx-006224,user0224,user0206,45681,0,1790877479451862700
mvola,tx-006225,user0225,user0384,996,0,1790877479459862700
orange,tx-006226,user0226,user0719,26074,0,1790877479467862700
airtel,tx-006227,user0227,user1002,25316,0,1790877479475862700
mvola,tx-006228,user0228,user0259,699,0,1790877479483862700
orange,tx-006229,user0229,user0886,6640,0,1790877479491862700
airtel,tx-006230,user0230,user1287,31235,0,1790877479499862700
mvola,tx-006231,user0231,user0077,6150,0,1790877479507862700
orange,tx-006232,user0232,user1913,17851,0,1790877479515862700
airtel,tx-006233,user0233,user1725,15185,0,1790877479523862700
mvola,tx-006234,user0234,user1567,26036,0,1790877479531862700
orange,tx-006235,user0235,user0521,42372,0,1790877479539862700
airtel,tx-006236,user0236,user0461,1264,0,1790877479547862700
mvola,tx-006237,user0237,user1075,31795,0,1790877479555862700
orange,tx-006238,user0238,user1416,25678,0,1790877479563862700
airtel,tx-006239,user0239,user1483,19496,0,1790877479571862700
mvola,tx-006240,user0240,user1307,47744,0,1790877479579862700
orange,tx-006241,user0241,user1530,49664,0,1790877479587862700
airtel,tx-006242,user0242,user0455,12834,0,1790877479595862700
mvola,tx-006243,user0243,user1936,38610,0,1790877479603862700
orange,tx-006244,user0244,user1169,48993,0,1790877479611862700
airtel,tx-006245,user0245,user0079,49119,0,1790877479619862700
mvola,tx-006246,user0246,user1897,21934,0,1790877479627862700
orange,tx-006247,user0247,user1429,46531,0,1790877479635862700
airtel,tx-006248,user0248,user0454,46047,0,1790877479643862700
mvola,tx-006249,user0249,user1424,45336,0,1790877479651862700
orange,tx-006250,user0250,user0067,25788,0,1790877479659862700
airtel,tx-006251,user0251,user0258,14967,0,1790877479667862700
mvola,tx-006252,user0252,user0736,9281,0,1790877479675862700
orange,tx-006253,user0253,user1608,38901,0,1790877479683862700
airtel,tx-006254,user0254,user0792,36697,0,1790877479691862700
mvola,tx-006255,user0255,user1622,13896,0,1790877479699862700
orange,tx-006256,user0256,user1617,36188,0,1790877479707862700
airtel,tx-006257,user0257,user1247,32623,0,1790877479715862700
mvola,tx-006258,user0258,user1893,11284,0,1790877479723862700
orange,tx-006259,user0259,user1858,45928,0,1790877479731862700
airtel,tx-006260,user0260,user0867,4123,0,1790877479739862700
mvola,tx-006261,user0261,user1403,13919,0,1790877479747862700
orange,tx-006262,user0262,user1255,47058,0,1790877479755862700
airtel,tx-006263,user0263,user1228,46621,0,1790877479763862700
mvola,tx-006264,user0264,user1528,21876,0,1790877479771862700
orange,tx-006265,user0265,user1704,4983,0,1790877479779862700
airtel,tx-006266,user0266,user0833,13369,0,1790877479787862700
mvola,tx-006267,user0267,user1117,46449,0,1790877479795862700
orange,tx-006268,user0268,user0827,17786,0,1790877479803862700
airtel,tx-006269,user0269,user1411,4497,0,1790877479811862700
mvola,tx-006270,user0270,user0711,32397,0,1790877479819862700
orange,tx-006271,user0271,user1147,8548,0,1790877479827862700
airtel,tx-006272,user0272,user0136,29117,0,1790877479835862700
mvola,tx-006273,user0273,user1652,21476,0,1790877479843862700
orange,tx-006274,user0274,user0880,2248,0,1790877479851862700
airtel,tx-006275,user0275,user1392,20226,0,1790877479859862700
mvola,tx-006276,user0276,user0455,30216,0,1790877479867862700
orange,tx-006277,user0277,user1935,41164,0,1790877479875862700
airtel,tx-006278,user0278,user0584,34845,0,1790877479883862700
mvola,tx-006279,user0279,user0818,32465,0,1790877479891862700
orange,tx-006280,user0280,user1959,36877,0,1790877479899862700
airtel,tx-006281,user0281,user0634,33111,0,1790877479907862700
mvola,tx-006282,user0282,user0809,8060,0,1790877479915862700
orange,tx-006283,user0283,user0624,25313,0,1790877479923862700
airtel,tx-006284,user0284,user1956,8874,0,1790877479931862700
mvola,tx-006285,user0285,user1235,1742,0,1790877479939862700
orange,tx-006286,user0286,user0323,27177,0,1790877479947862700
airtel,tx-006287,user0287,user1193,18796,0,1790877479955862700
mvola,tx-006288,user0288,user1233,3042,0,1790877479963862700
orange,tx-006289,user0289,user1248,37083,0,1790877479971862700
airtel,tx-006290,user0290,user1494,33469,0,1790877479979862700
mvola,tx-006291,user0291,user0550,28145,0,1790877479987862700
orange,tx-006292,user0292,user0306,42330,0,1790877479995862700
airtel,tx-006293,user0293,user0988,34791,0,1790877480003862700
mvola,tx-006294,user0294,user0959,8834,0,1790877480011862700
orange,tx-006295,user0295,user0691,33738,0,1790877480019862700
airtel,tx-006296,user0296,user0091,11821,0,1790877480027862700
mvola,tx-006297,user0297,user0419,34583,0,1790877480035862700
orange,tx-006298,user0298,user1197,33905,0,1790877480043862700
airtel,tx-006299,user0299,user1475,21479,0,1790877480051862700
mvola,tx-006300,user0300,user0830,10569,0,1790877480059862700
orange,tx-006301,user0301,user0140,11598,0,1790877480067862700
airtel,tx-006302,user0302,user0699,34337,0,1790877480075862700
mvola,tx-006303,user0303,user0827,4510,0,1790877480083862700
orange,tx-006304,user0304,user0622,14422,0,1790877480091862700
airtel,tx-006305,user0305,user1703,7967,0,1790877480099862700
mvola,tx-006306,user0306,user0204,5699,0,1790877480107862700
orange,tx-006307,user0307,user0382,4972,0,1790877480115862700
airtel,tx-006308,user0308,user1739,1733,0,1790877480123862700
mvola,tx-006309,user0309,user0399,11828,0,1790877480131862700
orange,tx-006310,user0310,user0681,19730,0,1790877480139862700
airtel,tx-006311,user0311,user1418,48471,0,1790877480147862700
mvola,tx-006312,user0312,user1393,9558,0,1790877480155862700
orange,tx-006313,user0313,user1591,11118,0,1790877480163862700
airtel,tx-006314,user0314,user1883,10918,0,1790877480171862700
mvola,tx-006315,user0315,user0731,3410,0,1790877480179862700
orange,tx-006316,user0316,user0868,37071,0,1790877480187862700
airtel,tx-006317,user0317,user1016,26705,0,1790877480195862700
mvola,tx-006318,user0318,user1346,12041,0,1790877480203862700
orange,tx-006319,user0319,user1124,11533,0,1790877480211862700
airtel,tx-006320,user0320,user0216,30922,0,1790877480219862700
mvola,tx-006321,user0321,user0139,39151,0,1790877480227862700
orange,tx-006322,user0322,user1333,32264,0,1790877480235862700
airtel,tx-006323,user0323,user0629,21837,0,1790877480243862700
mvola,tx-006324,user0324,user0602,26358,0,1790877480251862700
orange,tx-006325,user0325,user1201,43677,0,1790877480259862700
airtel,tx-006326,user0326,user0246,31571,0,1790877480267862700
mvola,tx-006327,user0327,user1489,213,0,1790877480275862700
orange,tx-006328,user0328,user0289,44373,0,1790877480283862700
airtel,tx-006329,user0329,user0846,34280,0,1790877480291862700
mvola,tx-006330,user0330,user0995,32208,0,1790877480299862700
orange,tx-006331,user0331,user1751,1201,0,1790877480307862700
airtel,tx-006332,user0332,user1288,29537,0,1790877480315862700
mvola,tx-006333,user0333,user1911,18092,0,1790877480323862700
orange,tx-006334,user0334,user0794,16824,0,1790877480331862700
airtel,tx-006335,user0335,user1059,44246,0,1790877480339862700
mvola,tx-006336,user0336,user0327,22009,0,1790877480347862700
orange,tx-006337,user0337,user0396,11606,0,1790877480355862700
airtel,tx-006338,user0338,user0020,27648,0,1790877480363862700
mvola,tx-006339,user0339,user1138,43674,0,1790877480371862700
orange,tx-006340,user0340,user1303,11357,0,1790877480379862700
airtel,tx-006341,user0341,user0109,29019,0,1790877480387862700
mvola,tx-006342,user0342,user0628,2373,0,1790877480395862700
orange,tx-006343,user0343,user0611,35019,0,1790877480403862700
airtel,tx-006344,user0344,user0149,26726,0,1790877480411862700
mvola,tx-006345,user0345,user1217,29338,0,1790877480419862700
orange,tx-006346,user0346,user1334,46913,0,1790877480427862700
airtel,tx-006347,user0347,user1344,13109,0,1790877480435862700
mvola,tx-006348,user0348,user1072,39182,0,1790877480443862700
orange,tx-006349,user0349,user1250,13729,0,1790877480451862700
airtel,tx-006350,user0350,user1024,42336,0,1790877480459862700
mvola,tx-006351,user0351,user1677,12673,0,1790877480467862700
orange,tx-006352,user0352,user0926,45977,0,1790877480475862700
airtel,tx-006353,user0353,user1795,2352,0,1790877480483862700
mvola,tx-006354,user0354,user0241,20521,0,1790877480491862700
orange,tx-006355,user0355,user0799,19789,0,1790877480499862700
airtel,tx-006356,user0356,user1370,3008,0,1790877480507862700
mvola,tx-006357,user0357,user0244,13419,0,1790877480515862700
orange,tx-006358,user0358,user0520,47111,0,1790877480523862700
airtel,tx-006359,user0359,user1920,48777,0,1790877480531862700
mvola,tx-006360,user0360,user1408,11106,0,1790877480539862700
orange,tx-006361,user0361,user1672,28187,0,1790877480547862700
airtel,tx-006362,user0362,user0904,2661,0,1790877480555862700
mvola,tx-006363,user0363,user0355,30825,0,1790877480563862700
orange,tx-006364,user0364,user0928,29800,0,1790877480571862700
airtel,tx-006365,user0365,user1770,21321,0,1790877480579862700
mvola,tx-006366,user0366,user0310,8008,0,1790877480587862700
orange,tx-006367,user0367,user1185,39826,0,1790877480595862700
airtel,tx-006368,user0368,user1745,44804,0,1790877480603862700
mvola,tx-006369,user0369,user0131,14323,0,1790877480611862700
orange,tx-006370,user0370,user1994,23851,0,1790877480619862700
airtel,tx-006371,user0371,user1445,24109,0,1790877480627862700
mvola,tx-006372,user0372,user1041,31959,0,1790877480635862700
orange,tx-006373,user0373,user1345,22560,0,1790877480643862700
airtel,tx-006374,user0374,user0681,9640,0,1790877480651862700
mvola,tx-006375,user0375,user0738,2860,0,1790877480659862700
orange,tx-006376,user0376,user1295,28325,0,1790877480667862700
airtel,tx-006377,user0377,user1600,20908,0,1790877480675862700
mvola,tx-006378,user0378,user0369,20222,0,1790877480683862700
orange,tx-006379,user0379,user0234,41300,0,1790877480691862700
airtel,tx-006380,user0380,user0153,13211,0,1790877480699862700
mvola,tx-006381,user0381,user1891,9663,0,1790877480707862700
orange,tx-006382,user0382,user1750,37886,0,1790877480715862700
airtel,tx-006383,user0383,user0105,43449,0,1790877480723862700
mvola,tx-006384,user0384,user0881,11355,0,1790877480731862700
orange,tx-006385,user0385,user0945,46900,0,1790877480739862700
airtel,tx-006386,user0386,user0097,42588,0,1790877480747862700
mvola,tx-006387,user0387,user0986,12239,0,1790877480755862700
orange,tx-006388,user0388,user1659,31225,0,1790877480763862700
airtel,tx-006389,user0389,user0841,39469,0,1790877480771862700
mvola,tx-006390,user0390,user1128,23839,0,1790877480779862700
orange,tx-006391,user0391,user1214,3799,0,1790877480787862700
airtel,tx-006392,user0392,user0158,7341,0,1790877480795862700
mvola,tx-006393,user0393,user0722,35043,0,1790877480803862700
orange,tx-006394,user0394,user1760,1773,0,1790877480811862700
airtel,tx-006395,user0395,user0648,11661,0,1790877480819862700
mvola,tx-006396,user0396,user1866,27719,0,1790877480827862700
orange,tx-006397,user0397,user1423,8934,0,1790877480835862700
airtel,tx-006398,user0398,user0984,31207,0,1790877480843862700
mvola,tx-006399,user0399,user1580,19790,0,1790877480851862700
orange,tx-006400,user0400,user1681,24135,0,1790877480859862700
airtel,tx-006401,user0401,user1273,14854,0,1790877480867862700
mvola,tx-006402,user0402,user1350,30244,0,1790877480875862700
orange,tx-006403,user0403,user1108,4999,0,1790877480883862700
airtel,tx-006404,user0404,user0334,17879,0,1790877480891862700
mvola,tx-006405,user0405,user0055,40763,0,1790877480899862700
orange,tx-006406,user0406,user1435,5651,0,1790877480907862700
airtel,tx-006407,user0407,user1873,22069,0,1790877480915862700
mvola,tx-006408,user0408,user1766,46331,0,1790877480923862700
orange,tx-006409,user0409,user1048,13924,0,1790877480931862700
airtel,tx-006410,user0410,user0446,8959,0,1790877480939862700
mvola,tx-006411,user0411,user0173,32437,0,1790877480947862700
orange,tx-006412,user0412,user0122,37698,0,1790877480955862700
airtel,tx-006413,user0413,user1635,30539,0,1790877480963862700
mvola,tx-006414,user0414,user0121,15499,0,1790877480971862700
orange,tx-006415,user0415,user1415,444,0,1790877480979862700
airtel,tx-006416,user0416,user0744,49448,0,1790877480987862700
mvola,tx-006417,user0417,user1705,1242,0,1790877480995862700
orange,tx-006418,user0418,user1954,45069,0,1790877481003862700
airtel,tx-006419,user0419,user1096,5598,0,1790877481011862700
mvola,tx-006420,user0420,user1793,18415,0,1790877481019862700
orange,tx-006421,user0421,user0252,15296,0,1790877481027862700
airtel,tx-006422,user0422,user1764,19454,0,1790877481035862700
mvola,tx-006423,user0423,user1114,47990,0,1790877481043862700
orange,tx-006424,user0424,user0772,254,0,1790877481051862700
airtel,tx-006425,user0425,user1132,23929,0,1790877481059862700
mvola,tx-006426,user0426,user0493,32451,0,1790877481067862700
orange,tx-006427,user0427,user0309,18227,0,1790877481075862700
airtel,tx-006428,user0428,user1195,37698,0,1790877481083862700
mvola,tx-006429,user0429,user0508,25473,0,1790877481091862700
orange,tx-006430,user0430,user0427,43277,0,1790877481099862700
airtel,tx-006431,user0431,user1449,31639,0,1790877481107862700
mvola,tx-006432,user0432,user1538,26301,0,1790877481115862700
orange,tx-006433,user0433,user1283,522,0,1790877481123862700
airtel,tx-006434,user0434,user0986,36251,0,1790877481131862700
mvola,tx-006435,user0435,user0660,20583,0,1790877481139862700
orange,tx-006436,user0436,user1882,27836,0,1790877481147862700
airtel,tx-006437,user0437,user1630,32270,0,1790877481155862700
mvola,tx-006438,user0438,user0436,10057,0,1790877481163862700
orange,tx-006439,user0439,user1787,16235,0,1790877481171862700
airtel,tx-006440,user0440,user0485,45598,0,1790877481179862700
mvola,tx-006441,user0441,user1385,21895,0,1790877481187862700
orange,tx-006442,user0442,user1941,22028,0,1790877481195862700
airtel,tx-006443,user0443,user1014,42170,0,1790877481203862700
mvola,tx-006444,user0444,user0023,14657,0,1790877481211862700
orange,tx-006445,user0445,user1676,33185,0,1790877481219862700
airtel,tx-006446,user0446,user1502,27912,0,1790877481227862700
mvola,tx-006447,user0447,user1842,23326,0,1790877481235862700
orange,tx-006448,user0448,user1851,35406,0,1790877481243862700
airtel,tx-006449,user0449,user0453,43806,0,1790877481251862700
mvola,tx-006450,user0450,user0245,24373,0,1790877481259862700
orange,tx-006451,user0451,user0433,46780,0,1790877481267862700
airtel,tx-006452,user0452,user0317,16960,0,1790877481275862700
mvola,tx-006453,user0453,user0134,28681,0,1790877481283862700
orange,tx-006454,user0454,user0392,23785,0,1790877481291862700
airtel,tx-006455,user0455,user0536,1403,0,1790877481299862700
mvola,tx-006456,user0456,user0577,30322,0,1790877481307862700
orange,tx-006457,user0457,user0739,38649,0,1790877481315862700
airtel,tx-006458,user0458,user0359,47518,0,1790877481323862700
mvola,tx-006459,user0459,user1408,43849,0,1790877481331862700
orange,tx-006460,user0460,user0113,17744,0,1790877481339862700
airtel,tx-006461,user0461,user1133,9065,0,1790877481347862700
mvola,tx-006462,user0462,user1311,13608,0,1790877481355862700
orange,tx-006463,user0463,user0874,34715,0,1790877481363862700
airtel,tx-006464,user0464,user0952,20432,0,1790877481371862700
mvola,tx-006465,user0465,user1311,16638,0,1790877481379862700
orange,tx-006466,user0466,user1365,25939,0,1790877481387862700
airtel,tx-006467,user0467,user1917,33171,0,1790877481395862700
mvola,tx-006468,user0468,user1359,29622,0,1790877481403862700
orange,tx-006469,user0469,user0896,42836,0,1790877481411862700
airtel,tx-006470,user0470,user1646,25664,0,1790877481419862700
mvola,tx-006471,user0471,user1940,26273,0,1790877481427862700
orange,tx-006472,user0472,user0536,47714,0,1790877481435862700
airtel,tx-006473,user0473,user1659,5430,0,1790877481443862700
mvola,tx-006474,user0474,user0410,31525,0,1790877481451862700
orange,tx-006475,user0475,user0710,6856,0,1790877481459862700
airtel,tx-006476,user0476,user1344,10140,0,1790877481467862700
mvola,tx-006477,user0477,user0730,23358,0,1790877481475862700
orange,tx-006478,user0478,user1702,19612,0,1790877481483862700
airtel,tx-006479,user0479,user0394,12941,0,1790877481491862700
mvola,tx-006480,user0480,user0571,8911,0,1790877481499862700
orange,tx-006481,user0481,user0027,32599,0,1790877481507862700
airtel,tx-006482,user0482,user1215,31303,0,1790877481515862700
mvola,tx-006483,user0483,user1787,32685,0,1790877481523862700
orange,tx-006484,user0484,user0372,11703,0,1790877481531862700
airtel,tx-006485,user0485,user1503,21090,0,1790877481539862700
mvola,tx-006486,user0486,user0058,33024,0,1790877481547862700
orange,tx-006487,user0487,user1462,816,0,1790877481555862700
airtel,tx-006488,user0488,user0599,26540,0,1790877481563862700
mvola,tx-006489,user0489,user1022,49524,0,1790877481571862700
orange,tx-006490,user0490,user1160,46286,0,1790877481579862700
airtel,tx-006491,user0491,user1968,17378,0,1790877481587862700
mvola,tx-006492,user0492,user0466,10670,0,1790877481595862700
orange,tx-006493,user0493,user0459,8892,0,1790877481603862700
airtel,tx-006494,user0494,user1942,11619,0,1790877481611862700
mvola,tx-006495,user0495,user0812,1091,0,1790877481619862700
orange,tx-006496,user0496,user0250,22349,0,1790877481627862700
airtel,tx-006497,user0497,user0319,22059,0,1790877481635862700
mvola,tx-006498,user0498,user0056,18246,0,1790877481643862700
orange,tx-006499,user0499,user1963,29100,0,1790877481651862700
airtel,tx-006500,user0500,user1259,39840,0,1790877481659862700
mvola,tx-006501,user0501,user1001,20010,0,1790877481667862700
orange,tx-006502,user0502,user1275,9287,0,1790877481675862700
airtel,tx-006503,user0503,user0833,10798,0,1790877481683862700
mvola,tx-006504,user0504,user0364,1056,0,1790877481691862700
orange,tx-006505,user0505,user0184,11076,0,1790877481699862700
airtel,tx-006506,user0506,user1905,10302,0,1790877481707862700
mvola,tx-006507,user0507,user1017,20000,0,1790877481715862700
orange,tx-006508,user0508,user1201,13560,0,1790877481723862700
airtel,tx-006509,user0509,user0485,33957,0,1790877481731862700
mvola,tx-006510,user0510,user0883,7536,0,1790877481739862700
orange,tx-006511,user0511,user1426,49759,0,1790877481747862700
airtel,tx-006512,user0512,user1563,47274,0,1790877481755862700
mvola,tx-006513,user0513,user0115,20753,0,1790877481763862700
orange,tx-006514,user0514,user0281,45774,0,1790877481771862700
airtel,tx-006515,user0515,user0523,36887,0,1790877481779862700
mvola,tx-006516,user0516,user0550,30704,0,1790877481787862700
orange,tx-006517,user0517,user0692,7811,0,1790877481795862700
airtel,tx-006518,user0518,user1117,47402,0,1790877481803862700
mvola,tx-006519,user0519,user0183,46793,0,1790877481811862700
orange,tx-006520,user0520,user1611,8656,0,1790877481819862700
airtel,tx-006521,user0521,user1926,6887,0,1790877481827862700
mvola,tx-006522,user0522,user0050,49147,0,1790877481835862700
orange,tx-006523,user0523,user1844,5510,0,1790877481843862700
airtel,tx-006524,user0524,user0022,1341,0,1790877481851862700
mvola,tx-006525,user0525,user1404,10995,0,1790877481859862700
orange,tx-006526,user0526,user0482,39107,0,1790877481867862700
airtel,tx-006527,user0527,user1281,3653,0,1790877481875862700
mvola,tx-006528,user0528,user0138,16920,0,1790877481883862700
orange,tx-006529,user0529,user0918,12042,0,1790877481891862700
airtel,tx-006530,user0530,user1589,7342,0,1790877481899862700
mvola,tx-006531,user0531,user0261,41962,0,1790877481907862700
orange,tx-006532,user0532,user1711,39908,0,1790877481915862700
airtel,tx-006533,user0533,user1770,46053,0,1790877481923862700
mvola,tx-006534,user0534,user1658,37162,0,1790877481931862700
orange,tx-006535,user0535,user1441,34914,0,1790877481939862700
airtel,tx-006536,user0536,user0020,15545,0,1790877481947862700
mvola,tx-006537,user0537,user1991,44806,0,1790877481955862700
orange,tx-006538,user0538,user0869,16493,0,1790877481963862700
airtel,tx-006539,user0539,user0863,10023,0,1790877481971862700
mvola,tx-006540,user0540,user1175,14670,0,1790877481979862700
orange,tx-006541,user0541,user0641,36509,0,1790877481987862700
airtel,tx-006542,user0542,user0148,47971,0,1790877481995862700
mvola,tx-006543,user0543,user1914,45470,0,1790877482003862700
orange,tx-006544,user0544,user0947,46533,0,1790877482011862700
airtel,tx-006545,user0545,user0210,597,0,1790877482019862700
mvola,tx-006546,user0546,user0370,40103,0,1790877482027862700
orange,tx-006547,user0547,user0130,26234,0,1790877482035862700
airtel,tx-006548,user0548,user1118,12595,0,1790877482043862700
mvola,tx-006549,user0549,user1425,4054,0,1790877482051862700
orange,tx-006550,user0550,user1330,14832,0,1790877482059862700
airtel,tx-006551,user0551,user0043,28002,0,1790877482067862700
mvola,tx-006552,user0552,user1085,8269,0,1790877482075862700
orange,tx-006553,user0553,user1482,30420,0,1790877482083862700
airtel,tx-006554,user0554,user1988,28073,0,1790877482091862700
mvola,tx-006555,user0555,user0632,7764,0,1790877482099862700
orange,tx-006556,user0556,user1516,4784,0,1790877482107862700
airtel,tx-006557,user0557,user0446,35153,0,1790877482115862700
mvola,tx-006558,user0558,user0202,14245,0,1790877482123862700
orange,tx-006559,user0559,user0978,1486,0,1790877482131862700
airtel,tx-006560,user0560,user1029,28131,0,1790877482139862700
mvola,tx-006561,user0561,user0965,17371,0,1790877482147862700
orange,tx-006562,user0562,user0532,33326,0,1790877482155862700
airtel,tx-006563,user0563,user1750,44103,0,1790877482163862700
mvola,tx-006564,user0564,user0069,31829,0,1790877482171862700
orange,tx-006565,user0565,user1932,3598,0,1790877482179862700
airtel,tx-006566,user0566,user1999,22916,0,1790877482187862700
mvola,tx-006567,user0567,user0368,37656,0,1790877482195862700
orange,tx-006568,user0568,user1136,13878,0,1790877482203862700
airtel,tx-006569,user0569,user1844,7443,0,1790877482211862700
mvola,tx-006570,user0570,user0253,47716,0,1790877482219862700
orange,tx-006571,user0571,user1522,22603,0,1790877482227862700
airtel,tx-006572,user0572,user1934,11688,0,1790877482235862700
mvola,tx-006573,user0573,user0019,17046,0,1790877482243862700
orange,tx-006574,user0574,user0558,8794,0,1790877482251862700
airtel,tx-006575,user0575,user0952,33084,0,1790877482259862700
mvola,tx-006576,user0576,user0926,21323,0,1790877482267862700
orange,tx-006577,user0577,user0943,2990,0,1790877482275862700
airtel,tx-006578,user0578,user0907,37366,0,1790877482283862700
mvola,tx-006579,user0579,user1887,36186,0,1790877482291862700
orange,tx-006580,user0580,user1821,28170,0,1790877482299862700
airtel,tx-006581,user0581,user0031,10811,0,1790877482307862700
mvola,tx-006582,user0582,user1778,37413,0,1790877482315862700
orange,tx-006583,user0583,user0956,22473,0,1790877482323862700
airtel,tx-006584,user0584,user1770,45654,0,1790877482331862700
mvola,tx-006585,user0585,user1267,986,0,1790877482339862700
orange,tx-006586,user0586,user1786,21162,0,1790877482347862700
airtel,tx-006587,user0587,user1006,32369,0,1790877482355862700
mvola,tx-006588,user0588,user0203,45641,0,1790877482363862700
orange,tx-006589,user0589,user1511,49405,0,1790877482371862700
airtel,tx-006590,user0590,user1582,47958,0,1790877482379862700
mvola,tx-006591,user0591,user0045,17637,0,1790877482387862700
orange,tx-006592,user0592,user1605,45769,0,1790877482395862700
airtel,tx-006593,user0593,user1518,19177,0,1790877482403862700
mvola,tx-006594,user0594,user0064,31934,0,1790877482411862700
orange,tx-006595,user0595,user0231,24609,0,1790877482419862700
airtel,tx-006596,user0596,user1588,25766,0,1790877482427862700
mvola,tx-006597,user0597,user1199,35154,0,1790877482435862700
orange,tx-006598,user0598,user0646,18093,0,1790877482443862700
airtel,tx-006599,user0599,user1137,29503,0,1790877482451862700
mvola,tx-006600,user0600,user1668,44318,0,1790877482459862700
orange,tx-006601,user0601,user1796,21724,0,1790877482467862700
airtel,tx-006602,user0602,user0119,38209,0,1790877482475862700
mvola,tx-006603,user0603,user0492,41292,0,1790877482483862700
orange,tx-006604,user0604,user1872,28099,0,1790877482491862700
airtel,tx-006605,user0605,user1325,18652,0,1790877482499862700
mvola,tx-006606,user0606,user0027,34948,0,1790877482507862700
orange,tx-006607,user0607,user0895,37673,0,1790877482515862700
airtel,tx-006608,user0608,user0182,41815,0,1790877482523862700
mvola,tx-006609,user0609,user1482,33940,0,1790877482531862700
orange,tx-006610,user0610,user1649,6615,0,1790877482539862700
airtel,tx-006611,user0611,user1090,35893,0,1790877482547862700
mvola,tx-006612,user0612,user0769,45750,0,1790877482555862700
orange,tx-006613,user0613,user1141,45844,0,1790877482563862700
airtel,tx-006614,user0614,user0084,20811,0,1790877482571862700
mvola,tx-006615,user0615,user1099,29620,0,1790877482579862700
orange,tx-006616,user0616,user0781,21740,0,1790877482587862700
airtel,tx-006617,user0617,user1218,23014,0,1790877482595862700
mvola,tx-006618,user0618,user0065,46562,0,1790877482603862700
orange,tx-006619,user0619,user0208,42447,0,1790877482611862700
airtel,tx-006620,user0620,user1561,19408,0,1790877482619862700
mvola,tx-006621,user0621,user0084,489,0,1790877482627862700
orange,tx-006622,user0622,user1458,22650,0,1790877482635862700
airtel,tx-006623,user0623,user0091,49934,0,1790877482643862700
mvola,tx-006624,user0624,user0392,1431,0,1790877482651862700
orange,tx-006625,user0625,user0988,44439,0,1790877482659862700
airtel,tx-006626,user0626,user1124,47456,0,1790877482667862700
mvola,tx-006627,user0627,user0036,9989,0,1790877482675862700
orange,tx-006628,user0628,user1399,42671,0,1790877482683862700
airtel,tx-006629,user0629,user0063,4319,0,1790877482691862700
mvola,tx-006630,user0630,user1532,34406,0,1790877482699862700
orange,tx-006631,user0631,user0865,29383,0,1790877482707862700
airtel,tx-006632,user0632,user0082,3654,0,1790877482715862700
mvola,tx-006633,user0633,user0568,23149,0,1790877482723862700
orange,tx-006634,user0634,user0947,49615,0,1790877482731862700
airtel,tx-006635,user0635,user1637,37308,0,1790877482739862700
mvola,tx-006636,user0636,user1984,29804,0,1790877482747862700
orange,tx-006637,user0637,user0187,270,0,1790877482755862700
airtel,tx-006638,user0638,user1786,3348,0,1790877482763862700
mvola,tx-006639,user0639,user0707,29234,0,1790877482771862700
orange,tx-006640,user0640,user0214,36012,0,1790877482779862700
airtel,tx-006641,user0641,user0924,33461,0,1790877482787862700
mvola,tx-006642,user0642,user1577,40004,0,1790877482795862700
orange,tx-006643,user0643,user0009,1995,0,1790877482803862700
airtel,tx-006644,user0644,user1931,38472,0,1790877482811862700
mvola,tx-006645,user0645,user0330,38362,0,1790877482819862700
orange,tx-006646,user0646,user1808,18513,0,1790877482827862700
airtel,tx-006647,user0647,user1838,24847,0,1790877482835862700
mvola,tx-006648,user0648,user1665,27527,0,1790877482843862700
orange,tx-006649,user0649,user0119,35181,0,1790877482851862700
airtel,tx-006650,user0650,user1336,24149,0,1790877482859862700
mvola,tx-006651,user0651,user0122,45126,0,1790877482867862700
orange,tx-006652,user0652,user0933,5147,0,1790877482875862700
airtel,tx-006653,user0653,user1499,28701,0,1790877482883862700
mvola,tx-006654,user0654,user0576,39516,0,1790877482891862700
orange,tx-006655,user0655,user1170,40095,0,1790877482899862700
airtel,tx-006656,user0656,user0208,33309,0,1790877482907862700
mvola,tx-006657,user0657,user0260,28706,0,1790877482915862700
orange,tx-006658,user0658,user1288,31620,0,1790877482923862700
airtel,tx-006659,user0659,user0718,7002,0,1790877482931862700
mvola,tx-006660,user0660,user0960,314,0,1790877482939862700
orange,tx-006661,user0661,user0558,34167,0,1790877482947862700
airtel,tx-006662,user0662,user0684,42125,0,1790877482955862700
mvola,tx-006663,user0663,user0059,1755,0,1790877482963862700
orange,tx-006664,user0664,user0060,1542,0,1790877482971862700
airtel,tx-006665,user0665,user0504,28662,0,1790877482979862700
mvola,tx-006666,user0666,user0967,12574,0,1790877482987862700
orange,tx-006667,user0667,user0162,48345,0,1790877482995862700
airtel,tx-006668,user0668,user1629,28241,0,1790877483003862700
mvola,tx-006669,user0669,user1261,30934,0,1790877483011862700
orange,tx-006670,user0670,user1488,4032,0,1790877483019862700
airtel,tx-006671,user0671,user0818,4195,0,1790877483027862700
mvola,tx-006672,user0672,user1668,13439,0,1790877483035862700
orange,tx-006673,user0673,user0310,27851,0,1790877483043862700
airtel,tx-006674,user0674,user0802,14786,0,1790877483051862700
mvola,tx-006675,user0675,user1082,32414,0,1790877483059862700
orange,tx-006676,user0676,user1482,32957,0,1790877483067862700
airtel,tx-006677,user0677,user0601,19020,0,1790877483075862700
mvola,tx-006678,user0678,user0884,25175,0,1790877483083862700
orange,tx-006679,user0679,user1148,36639,0,1790877483091862700
airtel,tx-006680,user0680,user1693,32609,0,1790877483099862700
mvola,tx-006681,user0681,user0172,46848,0,1790877483107862700
orange,tx-006682,user0682,user0555,35180,0,1790877483115862700
airtel,tx-006683,user0683,user1498,14856,0,1790877483123862700
mvola,tx-006684,user0684,user0258,27884,0,1790877483131862700
orange,tx-006685,user0685,user1640,17661,0,1790877483139862700
airtel,tx-006686,user0686,user0833,14975,0,1790877483147862700
mvola,tx-006687,user0687,user0610,47136,0,1790877483155862700
orange,tx-006688,user0688,user1821,29925,0,1790877483163862700
airtel,tx-006689,user0689,user1109,4530,0,1790877483171862700
mvola,tx-006690,user0690,user1664,22580,0,1790877483179862700
orange,tx-006691,user0691,user0289,39875,0,1790877483187862700
airtel,tx-006692,user0692,user1205,45092,0,1790877483195862700
mvola,tx-006693,user0693,user0893,44258,0,1790877483203862700
orange,tx-006694,user0694,user1496,45674,0,1790877483211862700
airtel,tx-006695,user0695,user1627,26168,0,1790877483219862700
mvola,tx-006696,user0696,user1927,15089,0,1790877483227862700
orange,tx-006697,user0697,user0245,28052,0,1790877483235862700
airtel,tx-006698,user0698,user1539,2925,0,1790877483243862700
mvola,tx-006699,user0699,user1774,9980,0,1790877483251862700
orange,tx-006700,user0700,user1063,38617,0,1790877483259862700
airtel,tx-006701,user0701,user1358,47392,0,1790877483267862700
mvola,tx-006702,user0702,user1106,36169,0,1790877483275862700
orange,tx-006703,user0703,user0343,9931,0,1790877483283862700
airtel,tx-006704,user0704,user0984,11349,0,1790877483291862700
mvola,tx-006705,user0705,user1387,3510,0,1790877483299862700
orange,tx-006706,user0706,user1016,40146,0,1790877483307862700
airtel,tx-006707,user0707,user0583,48261,0,1790877483315862700
mvola,tx-006708,user0708,user1703,49008,0,1790877483323862700
orange,tx-006709,user0709,user1498,40789,0,1790877483331862700
airtel,tx-006710,user0710,user1564,47407,0,1790877483339862700
mvola,tx-006711,user0711,user1767,41131,0,1790877483347862700
orange,tx-006712,user0712,user0999,38319,0,1790877483355862700
airtel,tx-006713,user0713,user1350,5475,0,1790877483363862700
mvola,tx-006714,user0714,user1055,14042,0,1790877483371862700
orange,tx-006715,user0715,user0585,35633,0,1790877483379862700
airtel,tx-006716,user0716,user1161,2661,0,1790877483387862700
mvola,tx-006717,user0717,user0611,46708,0,1790877483395862700
orange,tx-006718,user0718,user0109,6905,0,1790877483403862700
airtel,tx-006719,user0719,user1221,28945,0,1790877483411862700
mvola,tx-006720,user0720,user1896,14900,0,1790877483419862700
orange,tx-006721,user0721,user0208,44328,0,1790877483427862700
airtel,tx-006722,user0722,user0461,34273,0,1790877483435862700
mvola,tx-006723,user0723,user0185,33834,0,1790877483443862700
orange,tx-006724,user0724,user1738,2752,0,1790877483451862700
airtel,tx-006725,user0725,user1811,13307,0,1790877483459862700
mvola,tx-006726,user0726,user1148,40775,0,1790877483467862700
orange,tx-006727,user0727,user1792,40096,0,1790877483475862700
airtel,tx-006728,user0728,user0650,16969,0,1790877483483862700
mvola,tx-006729,user0729,user1181,24838,0,1790877483491862700
orange,tx-006730,user0730,user1361,11264,0,1790877483499862700
airtel,tx-006731,user0731,user0059,28325,0,1790877483507862700
mvola,tx-006732,user0732,user0040,6427,0,1790877483515862700
orange,tx-006733,user0733,user0032,28249,0,1790877483523862700
airtel,tx-006734,user0734,user1584,27579,0,1790877483531862700
mvola,tx-006735,user0735,user0856,25947,0,1790877483539862700
orange,tx-006736,user0736,user0141,47076,0,1790877483547862700
airtel,tx-006737,user0737,user0675,36851,0,1790877483555862700
mvola,tx-006738,user0738,user0044,37482,0,1790877483563862700
orange,tx-006739,user0739,user0729,10731,0,1790877483571862700
airtel,tx-006740,user0740,user1470,18526,0,1790877483579862700
mvola,tx-006741,user0741,user1709,39003,0,1790877483587862700
orange,tx-006742,user0742,user0183,41762,0,1790877483595862700
airtel,tx-006743,user0743,user1723,16615,0,1790877483603862700
mvola,tx-006744,user0744,user0110,9733,0,1790877483611862700
orange,tx-006745,user0745,user1721,45520,0,1790877483619862700
airtel,tx-006746,user0746,user0485,6724,0,1790877483627862700
mvola,tx-006747,user0747,user0502,46064,0,1790877483635862700
orange,tx-006748,user0748,user1887,46113,0,1790877483643862700
airtel,tx-006749,user0749,user0608,18297,0,1790877483651862700
mvola,tx-006750,user0750,user0038,34695,0,1790877483659862700
orange,tx-006751,user0751,user1979,20978,0,1790877483667862700
airtel,tx-006752,user0752,user0446,21951,0,1790877483675862700
mvola,tx-006753,user0753,user1187,15034,0,1790877483683862700
orange,tx-006754,user0754,user1495,38915,0,1790877483691862700
airtel,tx-006755,user0755,user0308,33698,0,1790877483699862700
mvola,tx-006756,user0756,user0641,20778,0,1790877483707862700
orange,tx-006757,user0757,user0826,23195,0,1790877483715862700
airtel,tx-006758,user0758,user1253,37028,0,1790877483723862700
mvola,tx-006759,user0759,user1356,43694,0,1790877483731862700
orange,tx-006760,user0760,user0733,49220,0,1790877483739862700
airtel,tx-006761,user0761,user1857,2584,0,1790877483747862700
mvola,tx-006762,user0762,user0157,20247,0,1790877483755862700
orange,tx-006763,user0763,user0986,20284,0,1790877483763862700
airtel,tx-006764,user0764,user0788,1802,0,1790877483771862700
mvola,tx-006765,user0765,user1580,28532,0,1790877483779862700
orange,tx-006766,user0766,user1622,34674,0,1790877483787862700
airtel,tx-006767,user0767,user0516,24459,0,1790877483795862700
mvola,tx-006768,user0768,user1545,35570,0,1790877483803862700
orange,tx-006769,user0769,user1289,14645,0,1790877483811862700
airtel,tx-006770,user0770,user0338,35885,0,1790877483819862700
mvola,tx-006771,user0771,user1582,44816,0,1790877483827862700
orange,tx-006772,user0772,user1340,18849,0,1790877483835862700
airtel,tx-006773,user0773,user1087,4133,0,1790877483843862700
mvola,tx-006774,user0774,user1921,33033,0,1790877483851862700
orange,tx-006775,user0775,user1749,11178,0,1790877483859862700
airtel,tx-006776,user0776,user1543,23244,0,1790877483867862700
mvola,tx-006777,user0777,user0638,17725,0,1790877483875862700
orange,tx-006778,user0778,user1461,46587,0,1790877483883862700
airtel,tx-006779,user0779,user1935,4887,0,1790877483891862700
mvola,tx-006780,user0780,user0831,44754,0,1790877483899862700
orange,tx-006781,user0781,user1527,12962,0,1790877483907862700
airtel,tx-006782,user0782,user1354,12085,0,1790877483915862700
mvola,tx-006783,user0783,user1659,47502,0,1790877483923862700
orange,tx-006784,user0784,user1127,13061,0,1790877483931862700
airtel,tx-006785,user0785,user1136,30592,0,1790877483939862700
mvola,tx-006786,user0786,user0435,42187,0,1790877483947862700
orange,tx-006787,user0787,user1330,11675,0,1790877483955862700
airtel,tx-006788,user0788,user1990,21595,0,1790877483963862700
mvola,tx-006789,user0789,user0578,15089,0,1790877483971862700
orange,tx-006790,user0790,user0284,18557,0,1790877483979862700
airtel,tx-006791,user0791,user1435,37590,0,1790877483987862700
mvola,tx-006792,user0792,user0933,17621,0,1790877483995862700
orange,tx-006793,user0793,user0893,22731,0,1790877484003862700
airtel,tx-006794,user0794,user0198,28373,0,1790877484011862700
mvola,tx-006795,user0795,user1272,1909,0,1790877484019862700
orange,tx-006796,user0796,user0506,14737,0,1790877484027862700
airtel,tx-006797,user0797,user0786,28119,0,1790877484035862700
mvola,tx-006798,user0798,user0669,19900,0,1790877484043862700
orange,tx-006799,user0799,user0357,36149,0,1790877484051862700
airtel,tx-006800,user0800,user0501,47310,0,1790877484059862700
mvola,tx-006801,user0801,user0208,23580,0,1790877484067862700
orange,tx-006802,user0802,user1674,3712,0,1790877484075862700
airtel,tx-006803,user0803,user0637,11783,0,1790877484083862700
mvola,tx-006804,user0804,user0952,33273,0,1790877484091862700
orange,tx-006805,user0805,user1173,14583,0,1790877484099862700
airtel,tx-006806,user0806,user0131,30036,0,1790877484107862700
mvola,tx-006807,user0807,user0403,40373,0,1790877484115862700
orange,tx-006808,user0808,user1715,3035,0,1790877484123862700
airtel,tx-006809,user0809,user1206,2853,0,1790877484131862700
mvola,tx-006810,user0810,user1738,19315,0,1790877484139862700
orange,tx-006811,user0811,user1574,3172,0,1790877484147862700
airtel,tx-006812,user0812,user0114,1136,0,1790877484155862700
mvola,tx-006813,user0813,user0008,14167,0,1790877484163862700
orange,tx-006814,user0814,user0286,2085,0,1790877484171862700
airtel,tx-006815,user0815,user0614,18810,0,1790877484179862700
mvola,tx-006816,user0816,user0015,9512,0,1790877484187862700
orange,tx-006817,user0817,user1975,45309,0,1790877484195862700
airtel,tx-006818,user0818,user0320,11454,0,1790877484203862700
mvola,tx-006819,user0819,user0161,20379,0,1790877484211862700
orange,tx-006820,user0820,user0847,17849,0,1790877484219862700
airtel,tx-006821,user0821,user1616,48502,0,1790877484227862700
mvola,tx-006822,user0822,user0220,22258,0,1790877484235862700
orange,tx-006823,user0823,user0192,47569,0,1790877484243862700
airtel,tx-006824,user0824,user0964,30321,0,1790877484251862700
mvola,tx-006825,user0825,user1829,35700,0,1790877484259862700
orange,tx-006826,user0826,user0742,28612,0,1790877484267862700
airtel,tx-006827,user0827,user1068,24560,0,1790877484275862700
mvola,tx-006828,user0828,user0987,17864,0,1790877484283862700
orange,tx-006829,user0829,user1617,14510,0,1790877484291862700
airtel,tx-006830,user0830,user0727,40328,0,1790877484299862700
mvola,tx-006831,user0831,user1188,42830,0,1790877484307862700
orange,tx-006832,user0832,user0032,16865,0,1790877484315862700
airtel,tx-006833,user0833,user1194,49697,0,1790877484323862700
mvola,tx-006834,user0834,user1839,45934,0,1790877484331862700
orange,tx-006835,user0835,user0441,19900,0,1790877484339862700
airtel,tx-006836,user0836,user0722,44338,0,1790877484347862700
mvola,tx-006837,user0837,user0907,43485,0,1790877484355862700
orange,tx-006838,user0838,user0683,47468,0,1790877484363862700
airtel,tx-006839,user0839,user1776,42900,0,1790877484371862700
mvola,tx-006840,user0840,user1808,13763,0,1790877484379862700
orange,tx-006841,user0841,user1603,44928,0,1790877484387862700
airtel,tx-006842,user0842,user1769,35708,0,1790877484395862700
mvola,tx-006843,user0843,user1283,21531,0,1790877484403862700
orange,tx-006844,user0844,user1617,2810,0,1790877484411862700
airtel,tx-006845,user0845,user1461,44297,0,1790877484419862700
mvola,tx-006846,user0846,user1077,10399,0,1790877484427862700
orange,tx-006847,user0847,user0316,578,0,1790877484435862700
airtel,tx-006848,user0848,user0369,1015,0,1790877484443862700
mvola,tx-006849,user0849,user1478,37310,0,1790877484451862700
orange,tx-006850,user0850,user0829,22072,0,1790877484459862700
airtel,tx-006851,user0851,user1128,13985,0,1790877484467862700
mvola,tx-006852,user0852,user1268,23455,0,1790877484475862700
orange,tx-006853,user0853,user1341,36586,0,1790877484483862700
airtel,tx-006854,user0854,user0407,994,0,1790877484491862700
mvola,tx-006855,user0855,user1766,9753,0,1790877484499862700
orange,tx-006856,user0856,user0221,16706,0,1790877484507862700
airtel,tx-006857,user0857,user1953,49231,0,1790877484515862700
mvola,tx-006858,user0858,user0490,44249,0,1790877484523862700
orange,tx-006859,user0859,user1419,4193,0,1790877484531862700
airtel,tx-006860,user0860,user0906,20754,0,1790877484539862700
mvola,tx-006861,user0861,user0204,25585,0,1790877484547862700
orange,tx-006862,user0862,user1013,27613,0,1790877484555862700
airtel,tx-006863,user0863,user1780,42879,0,1790877484563862700
mvola,tx-006864,user0864,user1541,13321,0,1790877484571862700
orange,tx-006865,user0865,user0117,30316,0,1790877484579862700
airtel,tx-006866,user0866,user1419,5513,0,1790877484587862700
mvola,tx-006867,user0867,user0254,35064,0,1790877484595862700
orange,tx-006868,user0868,user0377,39328,0,1790877484603862700
airtel,tx-006869,user0869,user0917,36424,0,1790877484611862700
mvola,tx-006870,user0870,user1987,18331,0,1790877484619862700
orange,tx-006871,user0871,user1778,28652,0,1790877484627862700
airtel,tx-006872,user0872,user0271,12492,0,1790877484635862700
mvola,tx-006873,user0873,user1068,34037,0,1790877484643862700
orange,tx-006874,user0874,user0886,3428,0,1790877484651862700
airtel,tx-006875,user0875,user0620,35319,0,1790877484659862700
mvola,tx-006876,user0876,user0373,1363,0,1790877484667862700
orange,tx-006877,user0877,user0198,542,0,1790877484675862700
airtel,tx-006878,user0878,user1346,9868,0,1790877484683862700
mvola,tx-006879,user0879,user1738,46336,0,1790877484691862700
orange,tx-006880,user0880,user0223,25850,0,1790877484699862700
airtel,tx-006881,user0881,user0538,506,0,1790877484707862700
mvola,tx-006882,user0882,user1462,23628,0,1790877484715862700
orange,tx-006883,user0883,user0134,33824,0,1790877484723862700
airtel,tx-006884,user0884,user1425,19023,0,1790877484731862700
mvola,tx-006885,user0885,user1762,9719,0,1790877484739862700
orange,tx-006886,user0886,user0021,9639,0,1790877484747862700
airtel,tx-006887,user0887,user0433,16994,0,1790877484755862700
mvola,tx-006888,user0888,user1789,9049,0,1790877484763862700
orange,tx-006889,user0889,user0849,30065,0,1790877484771862700
airtel,tx-006890,user0890,user0684,46873,0,1790877484779862700
mvola,tx-006891,user0891,user1592,24502,0,1790877484787862700
orange,tx-006892,user0892,user0783,40663,0,1790877484795862700
airtel,tx-006893,user0893,user0154,42104,0,1790877484803862700
mvola,tx-006894,user0894,user0766,29409,0,1790877484811862700
orange,tx-006895,user0895,user0116,40950,0,1790877484819862700
airtel,tx-006896,user0896,user1197,47562,0,1790877484827862700
mvola,tx-006897,user0897,user0070,37604,0,1790877484835862700
orange,tx-006898,user0898,user0256,30373,0,1790877484843862700
airtel,tx-006899,user0899,user0951,15841,0,1790877484851862700
mvola,tx-006900,user0900,user1956,18426,0,1790877484859862700
orange,tx-006901,user0901,user0626,32188,0,1790877484867862700
airtel,tx-006902,user0902,user1730,40578,0,1790877484875862700
mvola,tx-006903,user0903,user0077,28311,0,1790877484883862700
orange,tx-006904,user0904,user1894,17484,0,1790877484891862700
airtel,tx-006905,user0905,user0606,46141,0,1790877484899862700
mvola,tx-006906,user0906,user1830,9160,0,1790877484907862700
orange,tx-006907,user0907,user0316,2030,0,1790877484915862700
airtel,tx-006908,user0908,user1201,33555,0,1790877484923862700
mvola,tx-006909,user0909,user1181,12566,0,1790877484931862700
orange,tx-006910,user0910,user0658,31415,0,1790877484939862700
airtel,tx-006911,user0911,user0994,20117,0,1790877484947862700
mvola,tx-006912,user0912,user1484,45283,0,1790877484955862700
orange,tx-006913,user0913,user0440,27877,0,1790877484963862700
airtel,tx-006914,user0914,user0480,26888,0,1790877484971862700
mvola,tx-006915,user0915,user1090,18003,0,1790877484979862700
orange,tx-006916,user0916,user1450,46556,0,1790877484987862700
airtel,tx-006917,user0917,user0074,30325,0,1790877484995862700
mvola,tx-006918,user0918,user1505,1563,0,1790877485003862700
orange,tx-006919,user0919,user0695,16505,0,1790877485011862700
airtel,tx-006920,user0920,user1276,16341,0,1790877485019862700
mvola,tx-006921,user0921,user0306,16298,0,1790877485027862700
orange,tx-006922,user0922,user1987,26601,0,1790877485035862700
airtel,tx-006923,user0923,user0836,2096,0,1790877485043862700
mvola,tx-006924,user0924,user0236,7891,0,1790877485051862700
orange,tx-006925,user0925,user1639,34674,0,1790877485059862700
airtel,tx-006926,user0926,user1092,18937,0,1790877485067862700
mvola,tx-006927,user0927,user0774,47375,0,1790877485075862700
orange,tx-006928,user0928,user0860,44980,0,1790877485083862700
airtel,tx-006929,user0929,user1939,27373,0,1790877485091862700
mvola,tx-006930,user0930,user1914,5869,0,1790877485099862700
orange,tx-006931,user0931,user0532,5387,0,1790877485107862700
airtel,tx-006932,user0932,user1909,47323,0,1790877485115862700
mvola,tx-006933,user0933,user0478,12222,0,1790877485123862700
orange,tx-006934,user0934,user0636,20171,0,1790877485131862700
airtel,tx-006935,user0935,user1303,14086,0,1790877485139862700
mvola,tx-006936,user0936,user1759,6139,0,1790877485147862700
orange,tx-006937,user0937,user0047,27669,0,1790877485155862700
airtel,tx-006938,user0938,user0721,28907,0,1790877485163862700
mvola,tx-006939,user0939,user1240,12964,0,1790877485171862700
orange,tx-006940,user0940,user1296,34373,0,1790877485179862700
airtel,tx-006941,user0941,user1131,47640,0,1790877485187862700
mvola,tx-006942,user0942,user1223,19159,0,1790877485195862700
orange,tx-006943,user0943,user0186,47339,0,1790877485203862700
airtel,tx-006944,user0944,user0297,43117,0,1790877485211862700
mvola,tx-006945,user0945,user0409,13039,0,1790877485219862700
orange,tx-006946,user0946,user1962,4783,0,1790877485227862700
airtel,tx-006947,user0947,user0844,41447,0,1790877485235862700
mvola,tx-006948,user0948,user0299,13958,0,1790877485243862700
orange,tx-006949,user0949,user1433,15897,0,1790877485251862700
airtel,tx-006950,user0950,user1685,7268,0,1790877485259862700
mvola,tx-006951,user0951,user0590,26925,0,1790877485267862700
orange,tx-006952,user0952,user1845,23279,0,1790877485275862700
airtel,tx-006953,user0953,user1258,46434,0,1790877485283862700
mvola,tx-006954,user0954,user0080,27011,0,1790877485291862700
orange,tx-006955,user0955,user1378,23642,0,1790877485299862700
airtel,tx-006956,user0956,user1851,2647,0,1790877485307862700
mvola,tx-006957,user0957,user1371,11247,0,1790877485315862700
orange,tx-006958,user0958,user1553,644,0,1790877485323862700
airtel,tx-006959,user0959,user0831,30042,0,1790877485331862700
mvola,tx-006960,user0960,user1980,29353,0,1790877485339862700
orange,tx-006961,user0961,user0620,39525,0,1790877485347862700
airtel,tx-006962,user0962,user0714,48018,0,1790877485355862700
mvola,tx-006963,user0963,user1075,49060,0,1790877485363862700
orange,tx-006964,user0964,user0931,31280,0,1790877485371862700
airtel,tx-006965,user0965,user0888,39598,0,1790877485379862700
mvola,tx-006966,user0966,user0483,46754,0,1790877485387862700
orange,tx-006967,user0967,user0172,13886,0,1790877485395862700
airtel,tx-006968,user0968,user0280,13601,0,1790877485403862700
mvola,tx-006969,user0969,user1372,4388,0,1790877485411862700
orange,tx-006970,user0970,user0132,36114,0,1790877485419862700
airtel,tx-006971,user0971,user1342,42054,0,1790877485427862700
mvola,tx-006972,user0972,user1672,36523,0,1790877485435862700
orange,tx-006973,user0973,user1618,1484,0,1790877485443862700
airtel,tx-006974,user0974,user0915,24295,0,1790877485451862700
mvola,tx-006975,user0975,user0439,13554,0,1790877485459862700
orange,tx-006976,user0976,user0867,5145,0,1790877485467862700
airtel,tx-006977,user0977,user1314,318,0,1790877485475862700
mvola,tx-006978,user0978,user0922,10405,0,1790877485483862700
orange,tx-006979,user0979,user0489,41952,0,1790877485491862700
airtel,tx-006980,user0980,user0983,38318,0,1790877485499862700
mvola,tx-006981,user0981,user0372,7171,0,1790877485507862700
orange,tx-006982,user0982,user1238,2345,0,1790877485515862700
airtel,tx-006983,user0983,user1039,42177,0,1790877485523862700
mvola,tx-006984,user0984,user1615,30610,0,1790877485531862700
orange,tx-006985,user0985,user0142,35041,0,1790877485539862700
airtel,tx-006986,user0986,user1381,39634,0,1790877485547862700
mvola,tx-006987,user0987,user1822,5127,0,1790877485555862700
orange,tx-006988,user0988,user1416,33038,0,1790877485563862700
airtel,tx-006989,user0989,user0114,11209,0,1790877485571862700
mvola,tx-006990,user0990,user1730,45226,0,1790877485579862700
orange,tx-006991,user0991,user1078,36818,0,1790877485587862700
airtel,tx-006992,user0992,user0688,17788,0,1790877485595862700
mvola,tx-006993,user0993,user1311,30982,0,1790877485603862700
orange,tx-006994,user0994,user1524,38117,0,1790877485611862700
airtel,tx-006995,user0995,user1737,6432,0,1790877485619862700
mvola,tx-006996,user0996,user0764,8277,0,1790877485627862700
orange,tx-006997,user0997,user0111,46700,0,1790877485635862700
airtel,tx-006998,user0998,user1782,20901,0,1790877485643862700
mvola,tx-006999,user0999,user1969,13641,0,1790877485651862700
orange,tx-007000,user1000,user0574,6908,0,1790877485659862700
airtel,tx-007001,user1001,user0341,16038,0,1790877485667862700
mvola,tx-007002,user1002,user1246,28556,0,1790877485675862700
orange,tx-007003,user1003,user1434,2694,0,1790877485683862700
airtel,tx-007004,user1004,user1973,13569,0,1790877485691862700
mvola,tx-007005,user1005,user1593,32887,0,1790877485699862700
orange,tx-007006,user1006,user1962,6524,0,1790877485707862700
airtel,tx-007007,user1007,user0354,2531,0,1790877485715862700
mvola,tx-007008,user1008,user0403,43862,0,1790877485723862700
orange,tx-007009,user1009,user1883,17611,0,1790877485731862700
airtel,tx-007010,user1010,user0642,49936,0,1790877485739862700
mvola,tx-007011,user1011,user0127,13221,0,1790877485747862700
orange,tx-007012,user1012,user0653,275,0,1790877485755862700
airtel,tx-007013,user1013,user1649,8071,0,1790877485763862700
mvola,tx-007014,user1014,user1052,41214,0,1790877485771862700
orange,tx-007015,user1015,user0207,29765,0,1790877485779862700
airtel,tx-007016,user1016,user0977,48490,0,1790877485787862700
mvola,tx-007017,user1017,user1148,37125,0,1790877485795862700
orange,tx-007018,user1018,user0061,28193,0,1790877485803862700
airtel,tx-007019,user1019,user1438,29448,0,1790877485811862700
mvola,tx-007020,user1020,user0132,8448,0,1790877485819862700
orange,tx-007021,user1021,user0776,45788,0,1790877485827862700
airtel,tx-007022,user1022,user0284,18972,0,1790877485835862700
mvola,tx-007023,user1023,user1047,41742,0,1790877485843862700
orange,tx-007024,user1024,user1929,26181,0,1790877485851862700
airtel,tx-007025,user1025,user1991,44297,0,1790877485859862700
mvola,tx-007026,user1026,user0208,38263,0,1790877485867862700
orange,tx-007027,user1027,user1654,34722,0,1790877485875862700
airtel,tx-007028,user1028,user1671,3031,0,1790877485883862700
mvola,tx-007029,user1029,user1780,1795,0,1790877485891862700
orange,tx-007030,user1030,user1457,17103,0,1790877485899862700
airtel,tx-007031,user1031,user1172,35110,0,1790877485907862700
mvola,tx-007032,user1032,user0053,34666,0,1790877485915862700
orange,tx-007033,user1033,user0968,45431,0,1790877485923862700
airtel,tx-007034,user1034,user0999,10084,0,1790877485931862700
mvola,tx-007035,user1035,user0168,32567,0,1790877485939862700
orange,tx-007036,user1036,user1375,9944,0,1790877485947862700
airtel,tx-007037,user1037,user0320,15288,0,1790877485955862700
mvola,tx-007038,user1038,user1026,9010,0,1790877485963862700
orange,tx-007039,user1039,user0140,45387,0,1790877485971862700
airtel,tx-007040,user1040,user1488,26270,0,1790877485979862700
mvola,tx-007041,user1041,user0124,27921,0,1790877485987862700
orange,tx-007042,user1042,user0892,37051,0,1790877485995862700
airtel,tx-007043,user1043,user1556,9059,0,1790877486003862700
mvola,tx-007044,user1044,user1311,45939,0,1790877486011862700
orange,tx-007045,user1045,user0780,16011,0,1790877486019862700
airtel,tx-007046,user1046,user0930,40065,0,1790877486027862700
mvola,tx-007047,user1047,user0550,42234,0,1790877486035862700
orange,tx-007048,user1048,user0203,29357,0,1790877486043862700
airtel,tx-007049,user1049,user1154,25805,0,1790877486051862700
mvola,tx-007050,user1050,user0952,22926,0,1790877486059862700
orange,tx-007051,user1051,user0369,45682,0,1790877486067862700
airtel,tx-007052,user1052,user0206,5077,0,1790877486075862700
mvola,tx-007053,user1053,user1320,2711,0,1790877486083862700
orange,tx-007054,user1054,user0242,40464,0,1790877486091862700
airtel,tx-007055,user1055,user1756,19385,0,1790877486099862700
mvola,tx-007056,user1056,user0027,10293,0,1790877486107862700
orange,tx-007057,user1057,user0513,33263,0,1790877486115862700
airtel,tx-007058,user1058,user0052,46002,0,1790877486123862700
mvola,tx-007059,user1059,user1874,19547,0,1790877486131862700
orange,tx-007060,user1060,user0939,4577,0,1790877486139862700
airtel,tx-007061,user1061,user0903,34415,0,1790877486147862700
mvola,tx-007062,user1062,user0384,24344,0,1790877486155862700
orange,tx-007063,user1063,user1396,48648,0,1790877486163862700
airtel,tx-007064,user1064,user0017,4507,0,1790877486171862700
mvola,tx-007065,user1065,user1973,16770,0,1790877486179862700
orange,tx-007066,user1066,user1606,49749,0,1790877486187862700
airtel,tx-007067,user1067,user1089,41401,0,1790877486195862700
mvola,tx-007068,user1068,user1556,21720,0,1790877486203862700
orange,tx-007069,user1069,user0297,12289,0,1790877486211862700
airtel,tx-007070,user1070,user1430,7152,0,1790877486219862700
mvola,tx-007071,user1071,user0056,11753,0,1790877486227862700
orange,tx-007072,user1072,user0185,22649,0,1790877486235862700
airtel,tx-007073,user1073,user1707,19448,0,1790877486243862700
mvola,tx-007074,user1074,user1076,31485,0,1790877486251862700
orange,tx-007075,user1075,user1013,33355,0,1790877486259862700
airtel,tx-007076,user1076,user0207,26880,0,1790877486267862700
mvola,tx-007077,user1077,user1326,34784,0,1790877486275862700
orange,tx-007078,user1078,user1390,47253,0,1790877486283862700
airtel,tx-007079,user1079,user0083,48872,0,1790877486291862700
mvola,tx-007080,user1080,user0842,30481,0,1790877486299862700
orange,tx-007081,user1081,user0327,14135,0,1790877486307862700
airtel,tx-007082,user1082,user1423,15123,0,1790877486315862700
mvola,tx-007083,user1083,user1453,45897,0,1790877486323862700
orange,tx-007084,user1084,user0520,16128,0,1790877486331862700
airtel,tx-007085,user1085,user1182,22878,0,1790877486339862700
mvola,tx-007086,user1086,user0723,39439,0,1790877486347862700
orange,tx-007087,user1087,user0886,23244,0,1790877486355862700
airtel,tx-007088,user1088,user0323,19118,0,1790877486363862700
mvola,tx-007089,user1089,user0174,36581,0,1790877486371862700
orange,tx-007090,user1090,user1139,38945,0,1790877486379862700
airtel,tx-007091,user1091,user1289,26062,0,1790877486387862700
mvola,tx-007092,user1092,user0589,27068,0,1790877486395862700
orange,tx-007093,user1093,user0257,20929,0,1790877486403862700
airtel,tx-007094,user1094,user1287,3856,0,1790877486411862700
mvola,tx-007095,user1095,user1864,41641,0,1790877486419862700
orange,tx-007096,user1096,user1985,39217,0,1790877486427862700
airtel,tx-007097,user1097,user1350,9525,0,1790877486435862700
mvola,tx-007098,user1098,user0727,28971,0,1790877486443862700
orange,tx-007099,user1099,user1350,15838,0,1790877486451862700
airtel,tx-007100,user1100,user1800,46534,0,1790877486459862700
mvola,tx-007101,user1101,user0399,10470,0,1790877486467862700
orange,tx-007102,user1102,user0503,25257,0,1790877486475862700
airtel,tx-007103,user1103,user1448,28741,0,1790877486483862700
mvola,tx-007104,user1104,user1981,17774,0,1790877486491862700
orange,tx-007105,user1105,user1801,17840,0,1790877486499862700
airtel,tx-007106,user1106,user0150,16599,0,1790877486507862700
mvola,tx-007107,user1107,user0128,20822,0,1790877486515862700
orange,tx-007108,user1108,user1407,9047,0,1790877486523862700
airtel,tx-007109,user1109,user0873,28146,0,1790877486531862700
mvola,tx-007110,user1110,user1421,24901,0,1790877486539862700
orange,tx-007111,user1111,user1390,32219,0,1790877486547862700
airtel,tx-007112,user1112,user1650,30655,0,1790877486555862700
mvola,tx-007113,user1113,user0686,17926,0,1790877486563862700
orange,tx-007114,user1114,user0929,19904,0,1790877486571862700
airtel,tx-007115,user1115,user1488,26749,0,1790877486579862700
mvola,tx-007116,user1116,user1086,21303,0,1790877486587862700
orange,tx-007117,user1117,user0056,36444,0,1790877486595862700
airtel,tx-007118,user1118,user1008,7159,0,1790877486603862700
mvola,tx-007119,user1119,user1290,43604,0,1790877486611862700
orange,tx-007120,user1120,user0171,11955,0,1790877486619862700
airtel,tx-007121,user1121,user0995,28743,0,1790877486627862700
mvola,tx-007122,user1122,user1465,20062,0,1790877486635862700
orange,tx-007123,user1123,user0376,7894,0,1790877486643862700
airtel,tx-007124,user1124,user1041,15721,0,1790877486651862700
mvola,tx-007125,user1125,user1667,31585,0,1790877486659862700
orange,tx-007126,user1126,user0247,1587,0,1790877486667862700
airtel,tx-007127,user1127,user1592,16574,0,1790877486675862700
mvola,tx-007128,user1128,user1688,1895,0,1790877486683862700
orange,tx-007129,user1129,user1547,318,0,1790877486691862700
airtel,tx-007130,user1130,user1478,25305,0,1790877486699862700
mvola,tx-007131,user1131,user1797,37992,0,1790877486707862700
orange,tx-007132,user1132,user1587,30777,0,1790877486715862700
airtel,tx-007133,user1133,user1880,23882,0,1790877486723862700
mvola,tx-007134,user1134,user0831,45991,0,1790877486731862700
orange,tx-007135,user1135,user0758,9522,0,1790877486739862700
airtel,tx-007136,user1136,user0906,34901,0,1790877486747862700
mvola,tx-007137,user1137,user1973,39320,0,1790877486755862700
orange,tx-007138,user1138,user1457,3533,0,1790877486763862700
airtel,tx-007139,user1139,user1032,3540,0,1790877486771862700
mvola,tx-007140,user1140,user0855,33857,0,1790877486779862700
orange,tx-007141,user1141,user1808,46780,0,1790877486787862700
airtel,tx-007142,user1142,user1276,6429,0,1790877486795862700
mvola,tx-007143,user1143,user1047,16290,0,1790877486803862700
orange,tx-007144,user1144,user0091,34315,0,1790877486811862700
airtel,tx-007145,user1145,user0619,48458,0,1790877486819862700
mvola,tx-007146,user1146,user0668,24252,0,1790877486827862700
orange,tx-007147,user1147,user1932,40025,0,1790877486835862700
airtel,tx-007148,user1148,user1373,32597,0,1790877486843862700
mvola,tx-007149,user1149,user0222,43566,0,1790877486851862700
orange,tx-007150,user1150,user1945,3579,0,1790877486859862700
airtel,tx-007151,user1151,user0532,14169,0,1790877486867862700
mvola,tx-007152,user1152,user0652,11829,0,1790877486875862700
orange,tx-007153,user1153,user0350,39456,0,1790877486883862700
airtel,tx-007154,user1154,user0779,17377,0,1790877486891862700
mvola,tx-007155,user1155,user0103,7390,0,1790877486899862700
orange,tx-007156,user1156,user0235,18506,0,1790877486907862700
airtel,tx-007157,user1157,user0682,39925,0,1790877486915862700
mvola,tx-007158,user1158,user0025,26836,0,1790877486923862700
orange,tx-007159,user1159,user1901,38351,0,1790877486931862700
airtel,tx-007160,user1160,user0413,2620,0,1790877486939862700
mvola,tx-007161,user1161,user0546,1283,0,1790877486947862700
orange,tx-007162,user1162,user1108,44533,0,1790877486955862700
airtel,tx-007163,user1163,user1628,31980,0,1790877486963862700
mvola,tx-007164,user1164,user1868,27713,0,1790877486971862700
orange,tx-007165,user1165,user0960,44075,0,1790877486979862700
airtel,tx-007166,user1166,user0135,37793,0,1790877486987862700
mvola,tx-007167,user1167,user0084,13238,0,1790877486995862700
orange,tx-007168,user1168,user0383,4914,0,1790877487003862700
airtel,tx-007169,user1169,user0797,6070,0,1790877487011862700
mvola,tx-007170,user1170,user1249,29639,0,1790877487019862700
orange,tx-007171,user1171,user0795,18753,0,1790877487027862700
airtel,tx-007172,user1172,user1669,7598,0,1790877487035862700
mvola,tx-007173,user1173,user0372,10492,0,1790877487043862700
orange,tx-007174,user1174,user0163,508,0,1790877487051862700
airtel,tx-007175,user1175,user0580,31756,0,1790877487059862700
mvola,tx-007176,user1176,user0907,18164,0,1790877487067862700
orange,tx-007177,user1177,user0202,14409,0,1790877487075862700
airtel,tx-007178,user1178,user0922,6462,0,1790877487083862700
mvola,tx-007179,user1179,user1575,4864,0,1790877487091862700
orange,tx-007180,user1180,user0333,5930,0,1790877487099862700
airtel,tx-007181,user1181,user1532,45761,0,1790877487107862700
mvola,tx-007182,user1182,user0854,4678,0,1790877487115862700
orange,tx-007183,user1183,user1736,48521,0,1790877487123862700
airtel,tx-007184,user1184,user0863,5126,0,1790877487131862700
mvola,tx-007185,user1185,user1834,49194,0,1790877487139862700
orange,tx-007186,user1186,user0003,2916,0,1790877487147862700
airtel,tx-007187,user1187,user1658,9939,0,1790877487155862700
mvola,tx-007188,user1188,user1249,33694,0,1790877487163862700
orange,tx-007189,user1189,user1150,45969,0,1790877487171862700
airtel,tx-007190,user1190,user1811,34842,0,1790877487179862700
mvola,tx-007191,user1191,user1586,38975,0,1790877487187862700
orange,tx-007192,user1192,user1559,36698,0,1790877487195862700
airtel,tx-007193,user1193,user1789,42877,0,1790877487203862700
mvola,tx-007194,user1194,user0656,39150,0,1790877487211862700
orange,tx-007195,user1195,user1510,15145,0,1790877487219862700
airtel,tx-007196,user1196,user1982,5710,0,1790877487227862700
mvola,tx-007197,user1197,user0176,14893,0,1790877487235862700
orange,tx-007198,user1198,user0895,39021,0,1790877487243862700
airtel,tx-007199,user1199,user1411,27600,0,1790877487251862700
mvola,tx-007200,user1200,user0111,27746,0,1790877487259862700
orange,tx-007201,user1201,user1344,7488,0,1790877487267862700
airtel,tx-007202,user1202,user1190,17881,0,1790877487275862700
mvola,tx-007203,user1203,user0179,34758,0,1790877487283862700
orange,tx-007204,user1204,user1309,43846,0,1790877487291862700
airtel,tx-007205,user1205,user0068,22382,0,1790877487299862700
mvola,tx-007206,user1206,user1564,23727,0,1790877487307862700
orange,tx-007207,user1207,user1690,13308,0,1790877487315862700
airtel,tx-007208,user1208,user0542,19602,0,1790877487323862700
mvola,tx-007209,user1209,user1161,36191,0,1790877487331862700
orange,tx-007210,user1210,user1567,16237,0,1790877487339862700
airtel,tx-007211,user1211,user0463,9393,0,1790877487347862700
mvola,tx-007212,user1212,user1598,31867,0,1790877487355862700
orange,tx-007213,user1213,user1499,40141,0,1790877487363862700
airtel,tx-007214,user1214,user0222,39636,0,1790877487371862700
mvola,tx-007215,user1215,user1608,8737,0,1790877487379862700
orange,tx-007216,user1216,user1458,40419,0,1790877487387862700
airtel,tx-007217,user1217,user1224,47735,0,1790877487395862700
mvola,tx-007218,user1218,user1126,4859,0,1790877487403862700
orange,tx-007219,user1219,user1306,35613,0,1790877487411862700
airtel,tx-007220,user1220,user0705,2403,0,1790877487419862700
mvola,tx-007221,user1221,user0142,23247,0,1790877487427862700
orange,tx-007222,user1222,user1944,19488,0,1790877487435862700
airtel,tx-007223,user1223,user0137,49418,0,1790877487443862700
mvola,tx-007224,user1224,user0768,38615,0,1790877487451862700
orange,tx-007225,user1225,user0535,6530,0,1790877487459862700
airtel,tx-007226,user1226,user1394,48761,0,1790877487467862700
mvola,tx-007227,user1227,user0654,45075,0,1790877487475862700
orange,tx-007228,user1228,user1795,5477,0,1790877487483862700
airtel,tx-007229,user1229,user0819,18028,0,1790877487491862700
mvola,tx-007230,user1230,user0384,10949,0,1790877487499862700
orange,tx-007231,user1231,user1874,2661,0,1790877487507862700
airtel,tx-007232,user1232,user0391,22377,0,1790877487515862700
mvola,tx-007233,user1233,user1947,47677,0,1790877487523862700
orange,tx-007234,user1234,user1758,31665,0,1790877487531862700
airtel,tx-007235,user1235,user1362,19911,0,1790877487539862700
mvola,tx-007236,user1236,user0856,8259,0,1790877487547862700
orange,tx-007237,user1237,user0742,47331,0,1790877487555862700
airtel,tx-007238,user1238,user1444,34188,0,1790877487563862700
mvola,tx-007239,user1239,user1280,35358,0,1790877487571862700
orange,tx-007240,user1240,user0096,44308,0,1790877487579862700
airtel,tx-007241,user1241,user0348,35780,0,1790877487587862700
mvola,tx-007242,user1242,user1415,11674,0,1790877487595862700
orange,tx-007243,user1243,user0096,14890,0,1790877487603862700
airtel,tx-007244,user1244,user0139,34276,0,1790877487611862700
mvola,tx-007245,user1245,user0157,18838,0,1790877487619862700
orange,tx-007246,user1246,user0940,16196,0,1790877487627862700
airtel,tx-007247,user1247,user0288,3807,0,1790877487635862700
mvola,tx-007248,user1248,user1147,15639,0,1790877487643862700
orange,tx-007249,user1249,user1210,38912,0,1790877487651862700
airtel,tx-007250,user1250,user1152,16248,0,1790877487659862700
mvola,tx-007251,user1251,user0708,30526,0,1790877487667862700
orange,tx-007252,user1252,user1401,45139,0,1790877487675862700
airtel,tx-007253,user1253,user1513,10571,0,1790877487683862700
mvola,tx-007254,user1254,user1137,11493,0,1790877487691862700
orange,tx-007255,user1255,user0835,42798,0,1790877487699862700
airtel,tx-007256,user1256,user1541,21787,0,1790877487707862700
mvola,tx-007257,user1257,user1606,20882,0,1790877487715862700
orange,tx-007258,user1258,user0905,15728,0,1790877487723862700
airtel,tx-007259,user1259,user1693,10944,0,1790877487731862700
mvola,tx-007260,user1260,user1368,32079,0,1790877487739862700
orange,tx-007261,user1261,user1929,32312,0,1790877487747862700
airtel,tx-007262,user1262,user0429,8473,0,1790877487755862700
mvola,tx-007263,user1263,user1028,49179,0,1790877487763862700
orange,tx-007264,user1264,user1973,14424,0,1790877487771862700
airtel,tx-007265,user1265,user1988,33461,0,1790877487779862700
mvola,tx-007266,user1266,user1866,20613,0,1790877487787862700
orange,tx-007267,user1267,user0973,206,0,1790877487795862700
airtel,tx-007268,user1268,user0975,38880,0,1790877487803862700
mvola,tx-007269,user1269,user1036,4827,0,1790877487811862700
orange,tx-007270,user1270,user0330,41764,0,1790877487819862700
airtel,tx-007271,user1271,user0924,20756,0,1790877487827862700
mvola,tx-007272,user1272,user0889,1439,0,1790877487835862700
orange,tx-007273,user1273,user0635,31530,0,1790877487843862700
airtel,tx-007274,user1274,user0887,31758,0,1790877487851862700
mvola,tx-007275,user1275,user0463,9252,0,1790877487859862700
orange,tx-007276,user1276,user0141,34957,0,1790877487867862700
airtel,tx-007277,user1277,user1628,17225,0,1790877487875862700
mvola,tx-007278,user1278,user0484,7523,0,1790877487883862700
orange,tx-007279,user1279,user1887,18416,0,1790877487891862700
airtel,tx-007280,user1280,user0986,45966,0,1790877487899862700
mvola,tx-007281,user1281,user1116,11257,0,1790877487907862700
orange,tx-007282,user1282,user0857,34094,0,1790877487915862700
airtel,tx-007283,user1283,user1043,25857,0,1790877487923862700
mvola,tx-007284,user1284,user0668,13167,0,1790877487931862700
orange,tx-007285,user1285,user1164,26698,0,1790877487939862700
airtel,tx-007286,user1286,user0009,28061,0,1790877487947862700
mvola,tx-007287,user1287,user1732,384,0,1790877487955862700
orange,tx-007288,user1288,user1822,4048,0,1790877487963862700
airtel,tx-007289,user1289,user0843,33795,0,1790877487971862700
mvola,tx-007290,user1290,user0657,21531,0,1790877487979862700
orange,tx-007291,user1291,user0929,9453,0,1790877487987862700
airtel,tx-007292,user1292,user1615,6672,0,1790877487995862700
mvola,tx-007293,user1293,user0704,22001,0,1790877488003862700
orange,tx-007294,user1294,user0906,44712,0,1790877488011862700
airtel,tx-007295,user1295,user1992,30956,0,1790877488019862700
mvola,tx-007296,user1296,user1303,17842,0,1790877488027862700
orange,tx-007297,user1297,user1501,9976,0,1790877488035862700
airtel,tx-007298,user1298,user1966,35423,0,1790877488043862700
mvola,tx-007299,user1299,user0957,17146,0,1790877488051862700
orange,tx-007300,user1300,user1065,45892,0,1790877488059862700
airtel,tx-007301,user1301,user1929,38032,0,1790877488067862700
mvola,tx-007302,user1302,user1787,8594,0,1790877488075862700
orange,tx-007303,user1303,user1298,30604,0,1790877488083862700
airtel,tx-007304,user1304,user1204,15210,0,1790877488091862700
mvola,tx-007305,user1305,user0179,10876,0,1790877488099862700
orange,tx-007306,user1306,user1934,41744,0,1790877488107862700
airtel,tx-007307,user1307,user1275,31483,0,1790877488115862700
mvola,tx-007308,user1308,user0985,21369,0,1790877488123862700
orange,tx-007309,user1309,user0668,31615,0,1790877488131862700
airtel,tx-007310,user1310,user0991,37186,0,1790877488139862700
mvola,tx-007311,user1311,user0271,3070,0,1790877488147862700
orange,tx-007312,user1312,user0775,36435,0,1790877488155862700
airtel,tx-007313,user1313,user1346,34391,0,1790877488163862700
mvola,tx-007314,user1314,user1536,8444,0,1790877488171862700
orange,tx-007315,user1315,user0540,32202,0,1790877488179862700
airtel,tx-007316,user1316,user0153,15128,0,1790877488187862700
mvola,tx-007317,user1317,user0327,19835,0,1790877488195862700
orange,tx-007318,user1318,user1944,2284,0,1790877488203862700
airtel,tx-007319,user1319,user0111,9414,0,1790877488211862700
mvola,tx-007320,user1320,user1051,24814,0,1790877488219862700
orange,tx-007321,user1321,user0687,6964,0,1790877488227862700
airtel,tx-007322,user1322,user0664,8596,0,1790877488235862700
mvola,tx-007323,user1323,user1087,18641,0,1790877488243862700
orange,tx-007324,user1324,user0534,43090,0,1790877488251862700
airtel,tx-007325,user1325,user1841,6725,0,1790877488259862700
mvola,tx-007326,user1326,user0936,13487,0,1790877488267862700
orange,tx-007327,user1327,user1357,27510,0,1790877488275862700
airtel,tx-007328,user1328,user0247,7216,0,1790877488283862700
mvola,tx-007329,user1329,user0540,30102,0,1790877488291862700
orange,tx-007330,user1330,user0773,36350,0,1790877488299862700
airtel,tx-007331,user1331,user1329,10411,0,1790877488307862700
mvola,tx-007332,user1332,user1957,26834,0,1790877488315862700
orange,tx-007333,user1333,user0749,42214,0,1790877488323862700
airtel,tx-007334,user1334,user1284,8834,0,1790877488331862700
mvola,tx-007335,user1335,user1619,48620,0,1790877488339862700
orange,tx-007336,user1336,user0029,31364,0,1790877488347862700
airtel,tx-007337,user1337,user1872,3631,0,1790877488355862700
mvola,tx-007338,user1338,user1248,18495,0,1790877488363862700
orange,tx-007339,user1339,user1902,37658,0,1790877488371862700
airtel,tx-007340,user1340,user1387,31907,0,1790877488379862700
mvola,tx-007341,user1341,user0393,39081,0,1790877488387862700
orange,tx-007342,user1342,user0966,32046,0,1790877488395862700
airtel,tx-007343,user1343,user0078,36256,0,1790877488403862700
mvola,tx-007344,user1344,user1224,21731,0,1790877488411862700
orange,tx-007345,user1345,user1795,15167,0,1790877488419862700
airtel,tx-007346,user1346,user0449,11053,0,1790877488427862700
mvola,tx-007347,user1347,user1884,16624,0,1790877488435862700
orange,tx-007348,user1348,user1830,27726,0,1790877488443862700
airtel,tx-007349,user1349,user1459,19178,0,1790877488451862700
mvola,tx-007350,user1350,user1071,26882,0,1790877488459862700
orange,tx-007351,user1351,user0194,9872,0,1790877488467862700
airtel,tx-007352,user1352,user1125,47712,0,1790877488475862700
mvola,tx-007353,user1353,user0561,5612,0,1790877488483862700
orange,tx-007354,user1354,user0494,26628,0,1790877488491862700
airtel,tx-007355,user1355,user1843,22648,0,1790877488499862700
mvola,tx-007356,user1356,user1314,32813,0,1790877488507862700
orange,tx-007357,user1357,user1764,36878,0,1790877488515862700
airtel,tx-007358,user1358,user0526,46685,0,1790877488523862700
mvola,tx-007359,user1359,user0912,7053,0,1790877488531862700
orange,tx-007360,user1360,user1331,46265,0,1790877488539862700
airtel,tx-007361,user1361,user0784,3282,0,1790877488547862700
mvola,tx-007362,user1362,user0808,48888,0,1790877488555862700
orange,tx-007363,user1363,user1453,26469,0,1790877488563862700
airtel,tx-007364,user1364,user1293,27593,0,1790877488571862700
mvola,tx-007365,user1365,user1473,46098,0,1790877488579862700
orange,tx-007366,user1366,user0150,27903,0,1790877488587862700
airtel,tx-007367,user1367,user1921,23332,0,1790877488595862700
mvola,tx-007368,user1368,user0147,9691,0,1790877488603862700
orange,tx-007369,user1369,user0726,26864,0,1790877488611862700
airtel,tx-007370,user1370,user0518,16853,0,1790877488619862700
mvola,tx-007371,user1371,user0932,4100,0,1790877488627862700
orange,tx-007372,user1372,user0749,38919,0,1790877488635862700
airtel,tx-007373,user1373,user1083,18306,0,1790877488643862700
mvola,tx-007374,user1374,user0893,25073,0,1790877488651862700
orange,tx-007375,user1375,user1359,1653,0,1790877488659862700
airtel,tx-007376,user1376,user0608,18217,0,1790877488667862700
mvola,tx-007377,user1377,user0765,47155,0,1790877488675862700
orange,tx-007378,user1378,user1530,33125,0,1790877488683862700
airtel,tx-007379,user1379,user0323,36680,0,1790877488691862700
mvola,tx-007380,user1380,user0160,6355,0,1790877488699862700
orange,tx-007381,user1381,user1944,12865,0,1790877488707862700
airtel,tx-007382,user1382,user1069,15800,0,1790877488715862700
mvola,tx-007383,user1383,user0041,5576,0,1790877488723862700
orange,tx-007384,user1384,user1327,11683,0,1790877488731862700
airtel,tx-007385,user1385,user0635,15974,0,1790877488739862700
mvola,tx-007386,user1386,user0898,44833,0,1790877488747862700
orange,tx-007387,user1387,user0506,23057,0,1790877488755862700
airtel,tx-007388,user1388,user0670,30181,0,1790877488763862700
mvola,tx-007389,user1389,user0010,27736,0,1790877488771862700
orange,tx-007390,user1390,user1438,11136,0,1790877488779862700
airtel,tx-007391,user1391,user1668,49376,0,1790877488787862700
mvola,tx-007392,user1392,user0820,46159,0,1790877488795862700
orange,tx-007393,user1393,user1828,22516,0,1790877488803862700
airtel,tx-007394,user1394,user1191,19846,0,1790877488811862700
mvola,tx-007395,user1395,user0565,1594,0,1790877488819862700
orange,tx-007396,user1396,user1361,3582,0,1790877488827862700
airtel,tx-007397,user1397,user0421,32077,0,1790877488835862700
mvola,tx-007398,user1398,user1266,45769,0,1790877488843862700
orange,tx-007399,user1399,user1548,41846,0,1790877488851862700
airtel,tx-007400,user1400,user1150,10665,0,1790877488859862700
mvola,tx-007401,user1401,user1832,34723,0,1790877488867862700
orange,tx-007402,user1402,user0952,23668,0,1790877488875862700
airtel,tx-007403,user1403,user1192,13669,0,1790877488883862700
mvola,tx-007404,user1404,user1151,41326,0,1790877488891862700
orange,tx-007405,user1405,user0385,42526,0,1790877488899862700
airtel,tx-007406,user1406,user1557,16291,0,1790877488907862700
mvola,tx-007407,user1407,user0030,46478,0,1790877488915862700
orange,tx-007408,user1408,user1879,22857,0,1790877488923862700
airtel,tx-007409,user1409,user0381,9942,0,1790877488931862700
mvola,tx-007410,user1410,user1580,35986,0,1790877488939862700
orange,tx-007411,user1411,user0151,20816,0,1790877488947862700
airtel,tx-007412,user1412,user0255,40970,0,1790877488955862700
mvola,tx-007413,user1413,user1279,29415,0,1790877488963862700
orange,tx-007414,user1414,user0395,11250,0,1790877488971862700
airtel,tx-007415,user1415,user0223,49027,0,1790877488979862700
mvola,tx-007416,user1416,user0692,4738,0,1790877488987862700
orange,tx-007417,user1417,user1162,29572,0,1790877488995862700
airtel,tx-007418,user1418,user1096,47746,0,1790877489003862700
mvola,tx-007419,user1419,user0113,21945,0,1790877489011862700
orange,tx-007420,user1420,user0611,43481,0,1790877489019862700
airtel,tx-007421,user1421,user1110,11577,0,1790877489027862700
mvola,tx-007422,user1422,user0017,5224,0,1790877489035862700
orange,tx-007423,user1423,user0391,10099,0,1790877489043862700
airtel,tx-007424,user1424,user0091,8955,0,1790877489051862700
mvola,tx-007425,user1425,user1258,18770,0,1790877489059862700
orange,tx-007426,user1426,user1626,27361,0,1790877489067862700
airtel,tx-007427,user1427,user1975,8033,0,1790877489075862700
mvola,tx-007428,user1428,user1609,21870,0,1790877489083862700
orange,tx-007429,user1429,user1388,25735,0,1790877489091862700
airtel,tx-007430,user1430,user1039,3552,0,1790877489099862700
mvola,tx-007431,user1431,user1852,6298,0,1790877489107862700
orange,tx-007432,user1432,user1460,22280,0,1790877489115862700
airtel,tx-007433,user1433,user0482,18603,0,1790877489123862700
mvola,tx-007434,user1434,user1368,14731,0,1790877489131862700
orange,tx-007435,user1435,user1923,37815,0,1790877489139862700
airtel,tx-007436,user1436,user0774,25597,0,1790877489147862700
mvola,tx-007437,user1437,user1524,36945,0,1790877489155862700
orange,tx-007438,user1438,user0769,4212,0,1790877489163862700
airtel,tx-007439,user1439,user0457,7346,0,1790877489171862700
mvola,tx-007440,user1440,user1483,39304,0,1790877489179862700
orange,tx-007441,user1441,user1610,45478,0,1790877489187862700
airtel,tx-007442,user1442,user0084,8488,0,1790877489195862700
mvola,tx-007443,user1443,user1192,41919,0,1790877489203862700
orange,tx-007444,user1444,user0001,14782,0,1790877489211862700
airtel,tx-007445,user1445,user0245,46246,0,1790877489219862700
mvola,tx-007446,user1446,user0777,4597,0,1790877489227862700
orange,tx-007447,user1447,user1386,44538,0,1790877489235862700
airtel,tx-007448,user1448,user1694,27162,0,1790877489243862700
mvola,tx-007449,user1449,user0444,1747,0,1790877489251862700
orange,tx-007450,user1450,user1121,35715,0,1790877489259862700
airtel,tx-007451,user1451,user1499,11020,0,1790877489267862700
mvola,tx-007452,user1452,user1047,12265,0,1790877489275862700
orange,tx-007453,user1453,user1766,7776,0,1790877489283862700
airtel,tx-007454,user1454,user0306,4272,0,1790877489291862700
mvola,tx-007455,user1455,user0695,27777,0,1790877489299862700
orange,tx-007456,user1456,user1522,45564,0,1790877489307862700
airtel,tx-007457,user1457,user0694,26853,0,1790877489315862700
mvola,tx-007458,user1458,user1439,32219,0,1790877489323862700
orange,tx-007459,user1459,user0148,47820,0,1790877489331862700
airtel,tx-007460,user1460,user1616,25974,0,1790877489339862700
mvola,tx-007461,user1461,user1913,38917,0,1790877489347862700
orange,tx-007462,user1462,user0190,6319,0,1790877489355862700
airtel,tx-007463,user1463,user0831,23289,0,1790877489363862700
mvola,tx-007464,user1464,user1751,40470,0,1790877489371862700
orange,tx-007465,user1465,user0736,45046,0,1790877489379862700
airtel,tx-007466,user1466,user0683,36249,0,1790877489387862700
mvola,tx-007467,user1467,user1576,42001,0,1790877489395862700
orange,tx-007468,user1468,user1761,22098,0,1790877489403862700
airtel,tx-007469,user1469,user0908,24970,0,1790877489411862700
mvola,tx-007470,user1470,user0872,17384,0,1790877489419862700
orange,tx-007471,user1471,user1135,47969,0,1790877489427862700
airtel,tx-007472,user1472,user1987,2754,0,1790877489435862700
mvola,tx-007473,user1473,user0171,49527,0,1790877489443862700
orange,tx-007474,user1474,user0301,25274,0,1790877489451862700
airtel,tx-007475,user1475,user0609,22244,0,1790877489459862700
mvola,tx-007476,user1476,user0552,40871,0,1790877489467862700
orange,tx-007477,user1477,user0289,18159,0,1790877489475862700
airtel,tx-007478,user1478,user0602,31609,0,1790877489483862700
mvola,tx-007479,user1479,user0821,2499,0,1790877489491862700
orange,tx-007480,user1480,user0440,12538,0,1790877489499862700
airtel,tx-007481,user1481,user0381,4279,0,1790877489507862700
mvola,tx-007482,user1482,user1918,21118,0,1790877489515862700
orange,tx-007483,user1483,user1406,11024,0,1790877489523862700
airtel,tx-007484,user1484,user1987,27218,0,1790877489531862700
mvola,tx-007485,user1485,user0857,49062,0,1790877489539862700
orange,tx-007486,user1486,user1803,4965,0,1790877489547862700
airtel,tx-007487,user1487,user0250,12707,0,1790877489555862700
mvola,tx-007488,user1488,user1258,30510,0,1790877489563862700
orange,tx-007489,user1489,user1229,28312,0,1790877489571862700
airtel,tx-007490,user1490,user0319,40064,0,1790877489579862700
mvola,tx-007491,user1491,user1642,40652,0,1790877489587862700
orange,tx-007492,user1492,user1482,43544,0,1790877489595862700
airtel,tx-007493,user1493,user0072,29917,0,1790877489603862700
mvola,tx-007494,user1494,user1413,9427,0,1790877489611862700
orange,tx-007495,user1495,user1951,5465,0,1790877489619862700
airtel,tx-007496,user1496,user1395,12724,0,1790877489627862700
mvola,tx-007497,user1497,user1184,40273,0,1790877489635862700
orange,tx-007498,user1498,user0234,48440,0,1790877489643862700
airtel,tx-007499,user1499,user0631,41171,0,1790877489651862700
mvola,tx-007500,user1500,user1039,8988,0,1790877489659862700
orange,tx-007501,user1501,user1072,16369,0,1790877489667862700
airtel,tx-007502,user1502,user0055,20321,0,1790877489675862700
mvola,tx-007503,user1503,user1430,18562,0,1790877489683862700
orange,tx-007504,user1504,user0331,24585,0,1790877489691862700
airtel,tx-007505,user1505,user1297,48844,0,1790877489699862700
mvola,tx-007506,user1506,user0112,25769,0,1790877489707862700
orange,tx-007507,user1507,user0246,8398,0,1790877489715862700
airtel,tx-007508,user1508,user1454,8194,0,1790877489723862700
mvola,tx-007509,user1509,user1886,35969,0,1790877489731862700
orange,tx-007510,user1510,user0033,39747,0,1790877489739862700
airtel,tx-007511,user1511,user0156,13336,0,1790877489747862700
mvola,tx-007512,user1512,user0961,2302,0,1790877489755862700
orange,tx-007513,user1513,user0045,17769,0,1790877489763862700
airtel,tx-007514,user1514,user1170,26185,0,1790877489771862700
mvola,tx-007515,user1515,user1347,37345,0,1790877489779862700
orange,tx-007516,user1516,user0396,6621,0,1790877489787862700
airtel,tx-007517,user1517,user1802,47912,0,1790877489795862700
mvola,tx-007518,user1518,user0637,8966,0,1790877489803862700
orange,tx-007519,user1519,user1295,21977,0,1790877489811862700
airtel,tx-007520,user1520,user1119,18051,0,1790877489819862700
mvola,tx-007521,user1521,user0986,33351,0,1790877489827862700
orange,tx-007522,user1522,user1499,49714,0,1790877489835862700
airtel,tx-007523,user1523,user1861,30104,0,1790877489843862700
mvola,tx-007524,user1524,user0880,18512,0,1790877489851862700
orange,tx-007525,user1525,user1977,5113,0,1790877489859862700
airtel,tx-007526,user1526,user1655,5855,0,1790877489867862700
mvola,tx-007527,user1527,user1243,49627,0,1790877489875862700
orange,tx-007528,user1528,user0141,22736,0,1790877489883862700
airtel,tx-007529,user1529,user0229,46956,0,1790877489891862700
mvola,tx-007530,user1530,user0721,13522,0,1790877489899862700
orange,tx-007531,user1531,user0424,38297,0,1790877489907862700
airtel,tx-007532,user1532,user0511,25160,0,1790877489915862700
mvola,tx-007533,user1533,user1327,18280,0,1790877489923862700
orange,tx-007534,user1534,user1982,25557,0,1790877489931862700
airtel,tx-007535,user1535,user1723,24992,0,1790877489939862700
mvola,tx-007536,user1536,user1643,17739,0,1790877489947862700
orange,tx-007537,user1537,user0940,1897,0,1790877489955862700
airtel,tx-007538,user1538,user0680,9443,0,1790877489963862700
mvola,tx-007539,user1539,user0828,12266,0,1790877489971862700
orange,tx-007540,user1540,user0109,18149,0,1790877489979862700
airtel,tx-007541,user1541,user1114,42546,0,1790877489987862700
mvola,tx-007542,user1542,user0049,31981,0,1790877489995862700
orange,tx-007543,user1543,user1339,30790,0,1790877490003862700
airtel,tx-007544,user1544,user1637,9378,0,1790877490011862700
mvola,tx-007545,user1545,user1917,28579,0,1790877490019862700
orange,tx-007546,user1546,user0528,3096,0,1790877490027862700
airtel,tx-007547,user1547,user1144,20428,0,1790877490035862700
mvola,tx-007548,user1548,user0761,391,0,1790877490043862700
orange,tx-007549,user1549,user1463,48565,0,1790877490051862700
airtel,tx-007550,user1550,user1010,27020,0,1790877490059862700
mvola,tx-007551,user1551,user0267,3336,0,1790877490067862700
orange,tx-007552,user1552,user1950,18170,0,1790877490075862700
airtel,tx-007553,user1553,user0320,36402,0,1790877490083862700
mvola,tx-007554,user1554,user0525,5166,0,1790877490091862700
orange,tx-007555,user1555,user0837,26956,0,1790877490099862700
airtel,tx-007556,user1556,user1352,46915,0,1790877490107862700
mvola,tx-007557,user1557,user1170,43124,0,1790877490115862700
orange,tx-007558,user1558,user0475,6099,0,1790877490123862700
airtel,tx-007559,user1559,user1138,14053,0,1790877490131862700
mvola,tx-007560,user1560,user0037,46033,0,1790877490139862700
orange,tx-007561,user1561,user0599,1198,0,1790877490147862700
airtel,tx-007562,user1562,user1505,10215,0,1790877490155862700
mvola,tx-007563,user1563,user1965,2519,0,1790877490163862700
orange,tx-007564,user1564,user0735,14695,0,1790877490171862700
airtel,tx-007565,user1565,user1560,45791,0,1790877490179862700
mvola,tx-007566,user1566,user0031,5018,0,1790877490187862700
orange,tx-007567,user1567,user0423,19867,0,1790877490195862700
airtel,tx-007568,user1568,user0341,49577,0,1790877490203862700
mvola,tx-007569,user1569,user1816,41801,0,1790877490211862700
orange,tx-007570,user1570,user0238,22300,0,1790877490219862700
airtel,tx-007571,user1571,user1195,18193,0,1790877490227862700
mvola,tx-007572,user1572,user1725,18199,0,1790877490235862700
orange,tx-007573,user1573,user1662,3163,0,1790877490243862700
airtel,tx-007574,user1574,user0469,19406,0,1790877490251862700
mvola,tx-007575,user1575,user1937,16545,0,1790877490259862700
orange,tx-007576,user1576,user1187,30199,0,1790877490267862700
airtel,tx-007577,user1577,user1988,42619,0,1790877490275862700
mvola,tx-007578,user1578,user1141,22550,0,1790877490283862700
orange,tx-007579,user1579,user0728,47900,0,1790877490291862700
airtel,tx-007580,user1580,user1660,13334,0,1790877490299862700
mvola,tx-007581,user1581,user1870,14729,0,1790877490307862700
orange,tx-007582,user1582,user0013,20581,0,1790877490315862700
airtel,tx-007583,user1583,user0305,37464,0,1790877490323862700
mvola,tx-007584,user1584,user0472,34572,0,1790877490331862700
orange,tx-007585,user1585,user1642,6510,0,1790877490339862700
airtel,tx-007586,user1586,user1173,353,0,1790877490347862700
mvola,tx-007587,user1587,user1088,2317,0,1790877490355862700
orange,tx-007588,user1588,user0364,17219,0,1790877490363862700
airtel,tx-007589,user1589,user0189,30011,0,1790877490371862700
mvola,tx-007590,user1590,user1609,44475,0,1790877490379862700
orange,tx-007591,user1591,user0977,49290,0,1790877490387862700
airtel,tx-007592,user1592,user1559,43417,0,1790877490395862700
mvola,tx-007593,user1593,user1484,18866,0,1790877490403862700
orange,tx-007594,user1594,user0773,22151,0,1790877490411862700
airtel,tx-007595,user1595,user0992,18968,0,1790877490419862700
mvola,tx-007596,user1596,user0376,29416,0,1790877490427862700
orange,tx-007597,user1597,user1981,30920,0,1790877490435862700
airtel,tx-007598,user1598,user0027,22620,0,1790877490443862700
mvola,tx-007599,user1599,user0132,33382,0,1790877490451862700
orange,tx-007600,user1600,user1847,26287,0,1790877490459862700
airtel,tx-007601,user1601,user1569,10453,0,1790877490467862700
mvola,tx-007602,user1602,user0847,38254,0,1790877490475862700
orange,tx-007603,user1603,user1146,33992,0,1790877490483862700
airtel,tx-007604,user1604,user1530,37941,0,1790877490491862700
mvola,tx-007605,user1605,user0365,11390,0,1790877490499862700
orange,tx-007606,user1606,user1341,44096,0,1790877490507862700
airtel,tx-007607,user1607,user0732,4771,0,1790877490515862700
mvola,tx-007608,user1608,user1783,37039,0,1790877490523862700
orange,tx-007609,user1609,user1223,47366,0,1790877490531862700
airtel,tx-007610,user1610,user0157,28158,0,1790877490539862700
mvola,tx-007611,user1611,user0813,44876,0,1790877490547862700
orange,tx-007612,user1612,user1186,48295,0,1790877490555862700
airtel,tx-007613,user1613,user0445,47473,0,1790877490563862700
mvola,tx-007614,user1614,user0131,5181,0,1790877490571862700
orange,tx-007615,user1615,user1586,2174,0,1790877490579862700
airtel,tx-007616,user1616,user0129,39997,0,1790877490587862700
mvola,tx-007617,user1617,user0623,387,0,1790877490595862700
orange,tx-007618,user1618,user0472,16618,0,1790877490603862700
airtel,tx-007619,user1619,user0605,33511,0,1790877490611862700
mvola,tx-007620,user1620,user0553,24612,0,1790877490619862700
orange,tx-007621,user1621,user0299,23215,0,1790877490627862700
airtel,tx-007622,user1622,user0079,20853,0,1790877490635862700
mvola,tx-007623,user1623,user1873,22415,0,1790877490643862700
orange,tx-007624,user1624,user1774,32554,0,1790877490651862700
airtel,tx-007625,user1625,user1209,37045,0,1790877490659862700
mvola,tx-007626,user1626,user0358,3446,0,1790877490667862700
orange,tx-007627,user1627,user0295,17507,0,1790877490675862700
airtel,tx-007628,user1628,user1822,11329,0,1790877490683862700
mvola,tx-007629,user1629,user0604,6475,0,1790877490691862700
orange,tx-007630,user1630,user1138,23808,0,1790877490699862700
airtel,tx-007631,user1631,user0333,13571,0,1790877490707862700
mvola,tx-007632,user1632,user1078,37399,0,1790877490715862700
orange,tx-007633,user1633,user1823,45787,0,1790877490723862700
airtel,tx-007634,user1634,user0103,41709,0,1790877490731862700
mvola,tx-007635,user1635,user0205,44763,0,1790877490739862700
orange,tx-007636,user1636,user1903,14989,0,1790877490747862700
airtel,tx-007637,user1637,user1103,12640,0,1790877490755862700
mvola,tx-007638,user1638,user1142,34757,0,1790877490763862700
orange,tx-007639,user1639,user1379,43175,0,1790877490771862700
airtel,tx-007640,user1640,user0169,49660,0,1790877490779862700
mvola,tx-007641,user1641,user0891,47203,0,1790877490787862700
orange,tx-007642,user1642,user1980,7845,0,1790877490795862700
airtel,tx-007643,user1643,user0605,8966,0,1790877490803862700
mvola,tx-007644,user1644,user0575,19734,0,1790877490811862700
orange,tx-007645,user1645,user0616,18099,0,1790877490819862700
airtel,tx-007646,user1646,user0704,36553,0,1790877490827862700
mvola,tx-007647,user1647,user0467,3363,0,1790877490835862700
orange,tx-007648,user1648,user0921,31332,0,1790877490843862700
airtel,tx-007649,user1649,user0175,3156,0,1790877490851862700
mvola,tx-007650,user1650,user1809,14094,0,1790877490859862700
orange,tx-007651,user1651,user0472,36006,0,1790877490867862700
airtel,tx-007652,user1652,user0652,29078,0,1790877490875862700
mvola,tx-007653,user1653,user0795,39355,0,1790877490883862700
orange,tx-007654,user1654,user1291,47025,0,1790877490891862700
airtel,tx-007655,user1655,user0842,12431,0,1790877490899862700
mvola,tx-007656,user1656,user0464,24873,0,1790877490907862700
orange,tx-007657,user1657,user1432,42733,0,1790877490915862700
airtel,tx-007658,user1658,user1962,46680,0,1790877490923862700
mvola,tx-007659,user1659,user1718,9394,0,1790877490931862700
orange,tx-007660,user1660,user1590,43028,0,1790877490939862700
airtel,tx-007661,user1661,user1551,42544,0,1790877490947862700
mvola,tx-007662,user1662,user0361,11503,0,1790877490955862700
orange,tx-007663,user1663,user0444,32920,0,1790877490963862700
airtel,tx-007664,user1664,user0071,35374,0,1790877490971862700
mvola,tx-007665,user1665,user1945,30626,0,1790877490979862700
orange,tx-007666,user1666,user0843,2338,0,1790877490987862700
airtel,tx-007667,user1667,user0143,27227,0,1790877490995862700
mvola,tx-007668,user1668,user1410,9517,0,1790877491003862700
orange,tx-007669,user1669,user1736,26537,0,1790877491011862700
airtel,tx-007670,user1670,user1289,15277,0,1790877491019862700
mvola,tx-007671,user1671,user1384,30904,0,1790877491027862700
orange,tx-007672,user1672,user0655,16023,0,1790877491035862700
airtel,tx-007673,user1673,user0651,18521,0,1790877491043862700
mvola,tx-007674,user1674,user1143,14959,0,1790877491051862700
orange,tx-007675,user1675,user1937,35013,0,1790877491059862700
airtel,tx-007676,user1676,user1907,42178,0,1790877491067862700
mvola,tx-007677,user1677,user0419,5893,0,1790877491075862700
orange,tx-007678,user1678,user0034,35308,0,1790877491083862700
airtel,tx-007679,user1679,user1007,22309,0,1790877491091862700
mvola,tx-007680,user1680,user0634,42799,0,1790877491099862700
orange,tx-007681,user1681,user0357,38555,0,1790877491107862700
airtel,tx-007682,user1682,user0577,29199,0,1790877491115862700
mvola,tx-007683,user1683,user0683,18051,0,1790877491123862700
orange,tx-007684,user1684,user0109,36805,0,1790877491131862700
airtel,tx-007685,user1685,user0666,14158,0,1790877491139862700
mvola,tx-007686,user1686,user1948,36085,0,1790877491147862700
orange,tx-007687,user1687,user0520,24651,0,1790877491155862700
airtel,tx-007688,user1688,user1196,7095,0,1790877491163862700
mvola,tx-007689,user1689,user0888,10337,0,1790877491171862700
orange,tx-007690,user1690,user1623,33371,0,1790877491179862700
airtel,tx-007691,user1691,user1738,432,0,1790877491187862700
mvola,tx-007692,user1692,user0803,10608,0,1790877491195862700
orange,tx-007693,user1693,user0361,3963,0,1790877491203862700
airtel,tx-007694,user1694,user0975,20360,0,1790877491211862700
mvola,tx-007695,user1695,user0364,35344,0,1790877491219862700
orange,tx-007696,user1696,user0002,15659,0,1790877491227862700
airtel,tx-007697,user1697,user0796,2317,0,1790877491235862700
mvola,tx-007698,user1698,user0710,38842,0,1790877491243862700
orange,tx-007699,user1699,user1602,1723,0,1790877491251862700
airtel,tx-007700,user1700,user1673,18526,0,1790877491259862700
mvola,tx-007701,user1701,user1460,15756,0,1790877491267862700
orange,tx-007702,user1702,user0817,9727,0,1790877491275862700
airtel,tx-007703,user1703,user1433,16631,0,1790877491283862700
mvola,tx-007704,user1704,user1500,7225,0,1790877491291862700
orange,tx-007705,user1705,user0870,30826,0,1790877491299862700
airtel,tx-007706,user1706,user0269,25468,0,1790877491307862700
mvola,tx-007707,user1707,user0172,24230,0,1790877491315862700
orange,tx-007708,user1708,user0626,38699,0,1790877491323862700
airtel,tx-007709,user1709,user0054,23062,0,1790877491331862700
mvola,tx-007710,user1710,user1985,24720,0,1790877491339862700
orange,tx-007711,user1711,user1655,26052,0,1790877491347862700
airtel,tx-007712,user1712,user0742,40516,0,1790877491355862700
mvola,tx-007713,user1713,user1257,44368,0,1790877491363862700
orange,tx-007714,user1714,user1866,5320,0,1790877491371862700
airtel,tx-007715,user1715,user1123,48492,0,1790877491379862700
mvola,tx-007716,user1716,user0701,15483,0,1790877491387862700
orange,tx-007717,user1717,user0680,49439,0,1790877491395862700
airtel,tx-007718,user1718,user1309,18917,0,1790877491403862700
mvola,tx-007719,user1719,user0555,47389,0,1790877491411862700
orange,tx-007720,user1720,user0397,17149,0,1790877491419862700
airtel,tx-007721,user1721,user1209,44886,0,1790877491427862700
mvola,tx-007722,user1722,user1999,9339,0,1790877491435862700
orange,tx-007723,user1723,user0998,34138,0,1790877491443862700
airtel,tx-007724,user1724,user1949,23600,0,1790877491451862700
mvola,tx-007725,user1725,user1088,35374,0,1790877491459862700
orange,tx-007726,user1726,user1074,32907,0,1790877491467862700
airtel,tx-007727,user1727,user0646,42201,0,1790877491475862700
mvola,tx-007728,user1728,user0040,39921,0,1790877491483862700
orange,tx-007729,user1729,user1379,45870,0,1790877491491862700
airtel,tx-007730,user1730,user0737,27610,0,1790877491499862700
mvola,tx-007731,user1731,user0690,16648,0,1790877491507862700
orange,tx-007732,user1732,user1751,18154,0,1790877491515862700
airtel,tx-007733,user1733,user1624,21365,0,1790877491523862700
mvola,tx-007734,user1734,user1319,20420,0,1790877491531862700
orange,tx-007735,user1735,user0215,45431,0,1790877491539862700
airtel,tx-007736,user1736,user1690,21844,0,1790877491547862700
mvola,tx-007737,user1737,user0584,48281,0,1790877491555862700
orange,tx-007738,user1738,user1169,29389,0,1790877491563862700
airtel,tx-007739,user1739,user0890,13971,0,1790877491571862700
mvola,tx-007740,user1740,user1587,33173,0,1790877491579862700
orange,tx-007741,user1741,user1155,6907,0,1790877491587862700
airtel,tx-007742,user1742,user1594,26987,0,1790877491595862700
mvola,tx-007743,user1743,user0727,38899,0,1790877491603862700
orange,tx-007744,user1744,user1870,43115,0,1790877491611862700
airtel,tx-007745,user1745,user0155,40493,0,1790877491619862700
mvola,tx-007746,user1746,user0129,12060,0,1790877491627862700
orange,tx-007747,user1747,user0058,47502,0,1790877491635862700
airtel,tx-007748,user1748,user0741,24415,0,1790877491643862700
mvola,tx-007749,user1749,user1870,23183,0,1790877491651862700
orange,tx-007750,user1750,user1672,21474,0,1790877491659862700
airtel,tx-007751,user1751,user1588,34617,0,1790877491667862700
mvola,tx-007752,user1752,user1344,36480,0,1790877491675862700
orange,tx-007753,user1753,user0154,18225,0,1790877491683862700
airtel,tx-007754,user1754,user1739,23745,0,1790877491691862700
mvola,tx-007755,user1755,user1077,43523,0,1790877491699862700
orange,tx-007756,user1756,user0640,10252,0,1790877491707862700
airtel,tx-007757,user1757,user0940,33019,0,1790877491715862700
mvola,tx-007758,user1758,user1630,43105,0,1790877491723862700
orange,tx-007759,user1759,user0679,10926,0,1790877491731862700
airtel,tx-007760,user1760,user1407,27196,0,1790877491739862700
mvola,tx-007761,user1761,user0117,24369,0,1790877491747862700
orange,tx-007762,user1762,user1367,15448,0,1790877491755862700
airtel,tx-007763,user1763,user1433,8506,0,1790877491763862700
mvola,tx-007764,user1764,user1747,42264,0,1790877491771862700
orange,tx-007765,user1765,user1894,9236,0,1790877491779862700
airtel,tx-007766,user1766,user0550,20647,0,1790877491787862700
mvola,tx-007767,user1767,user0893,29622,0,1790877491795862700
orange,tx-007768,user1768,user1345,46385,0,1790877491803862700
airtel,tx-007769,user1769,user0289,30114,0,1790877491811862700
mvola,tx-007770,user1770,user1063,7706,0,1790877491819862700
orange,tx-007771,user1771,user1113,22380,0,1790877491827862700
airtel,tx-007772,user1772,user1860,14419,0,1790877491835862700
mvola,tx-007773,user1773,user1025,43864,0,1790877491843862700
orange,tx-007774,user1774,user0078,9828,0,1790877491851862700
airtel,tx-007775,user1775,user0381,35129,0,1790877491859862700
mvola,tx-007776,user1776,user0639,25518,0,1790877491867862700
orange,tx-007777,user1777,user1678,36792,0,1790877491875862700
airtel,tx-007778,user1778,user0590,29992,0,1790877491883862700
mvola,tx-007779,user1779,user1938,34089,0,1790877491891862700
orange,tx-007780,user1780,user1745,45257,0,1790877491899862700
airtel,tx-007781,user1781,user1109,36665,0,1790877491907862700
mvola,tx-007782,user1782,user1104,44471,0,1790877491915862700
orange,tx-007783,user1783,user1801,30325,0,1790877491923862700
airtel,tx-007784,user1784,user1511,21008,0,1790877491931862700
mvola,tx-007785,user1785,user1827,14403,0,1790877491939862700
orange,tx-007786,user1786,user0519,20046,0,1790877491947862700
airtel,tx-007787,user1787,user1977,40668,0,1790877491955862700
mvola,tx-007788,user1788,user0541,1312,0,1790877491963862700
orange,tx-007789,user1789,user0520,24962,0,1790877491971862700
airtel,tx-007790,user1790,user0385,198,0,1790877491979862700
mvola,tx-007791,user1791,user0594,9141,0,1790877491987862700
orange,tx-007792,user1792,user0086,4952,0,1790877491995862700
airtel,tx-007793,user1793,user0949,44646,0,1790877492003862700
mvola,tx-007794,user1794,user1985,21952,0,1790877492011862700
orange,tx-007795,user1795,user1139,41357,0,1790877492019862700
airtel,tx-007796,user1796,user0345,4452,0,1790877492027862700
mvola,tx-007797,user1797,user0572,39762,0,1790877492035862700
orange,tx-007798,user1798,user1320,12964,0,1790877492043862700
airtel,tx-007799,user1799,user0096,19212,0,1790877492051862700
mvola,tx-007800,user1800,user0047,10639,0,1790877492059862700
orange,tx-007801,user1801,user0366,43755,0,1790877492067862700
airtel,tx-007802,user1802,user0062,22631,0,1790877492075862700
mvola,tx-007803,user1803,user0667,47475,0,1790877492083862700
orange,tx-007804,user1804,user1539,33782,0,1790877492091862700
airtel,tx-007805,user1805,user1059,31883,0,1790877492099862700
mvola,tx-007806,user1806,user1391,27091,0,1790877492107862700
orange,tx-007807,user1807,user0641,25372,0,1790877492115862700
airtel,tx-007808,user1808,user0419,14415,0,1790877492123862700
mvola,tx-007809,user1809,user0991,14752,0,1790877492131862700
orange,tx-007810,user1810,user0509,32915,0,1790877492139862700
airtel,tx-007811,user1811,user0207,11290,0,1790877492147862700
mvola,tx-007812,user1812,user0748,37892,0,1790877492155862700
orange,tx-007813,user1813,user0193,3893,0,1790877492163862700
airtel,tx-007814,user1814,user0944,31404,0,1790877492171862700
mvola,tx-007815,user1815,user1312,17442,0,1790877492179862700
orange,tx-007816,user1816,user0069,16069,0,1790877492187862700
airtel,tx-007817,user1817,user1793,32579,0,1790877492195862700
mvola,tx-007818,user1818,user0145,42379,0,1790877492203862700
orange,tx-007819,user1819,user0773,8225,0,1790877492211862700
airtel,tx-007820,user1820,user1669,23080,0,1790877492219862700
mvola,tx-007821,user1821,user1224,41064,0,1790877492227862700
orange,tx-007822,user1822,user1915,38703,0,1790877492235862700
airtel,tx-007823,user1823,user0903,3996,0,1790877492243862700
mvola,tx-007824,user1824,user0499,36991,0,1790877492251862700
orange,tx-007825,user1825,user1404,43034,0,1790877492259862700
airtel,tx-007826,user1826,user1776,49939,0,1790877492267862700
mvola,tx-007827,user1827,user0596,16237,0,1790877492275862700
orange,tx-007828,user1828,user0673,23218,0,1790877492283862700
airtel,tx-007829,user1829,user1670,47281,0,1790877492291862700
mvola,tx-007830,user1830,user1240,27468,0,1790877492299862700
orange,tx-007831,user1831,user0933,6218,0,1790877492307862700
airtel,tx-007832,user1832,user1316,1158,0,1790877492315862700
mvola,tx-007833,user1833,user1792,15332,0,1790877492323862700
orange,tx-007834,user1834,user0340,48518,0,1790877492331862700
airtel,tx-007835,user1835,user0783,31335,0,1790877492339862700
mvola,tx-007836,user1836,user1859,27414,0,1790877492347862700
orange,tx-007837,user1837,user0313,2452,0,1790877492355862700
airtel,tx-007838,user1838,user0672,2743,0,1790877492363862700
mvola,tx-007839,user1839,user1871,36493,0,1790877492371862700
orange,tx-007840,user1840,user1375,1528,0,1790877492379862700
airtel,tx-007841,user1841,user0469,13441,0,1790877492387862700
mvola,tx-007842,user1842,user1434,8950,0,1790877492395862700
orange,tx-007843,user1843,user1832,7698,0,1790877492403862700
airtel,tx-007844,user1844,user0945,23682,0,1790877492411862700
mvola,tx-007845,user1845,user0644,37340,0,1790877492419862700
orange,tx-007846,user1846,user0410,33656,0,1790877492427862700
airtel,tx-007847,user1847,user1682,32176,0,1790877492435862700
mvola,tx-007848,user1848,user0748,23445,0,1790877492443862700
orange,tx-007849,user1849,user1717,11559,0,1790877492451862700
airtel,tx-007850,user1850,user1948,4986,0,1790877492459862700
mvola,tx-007851,user1851,user1936,23863,0,1790877492467862700
orange,tx-007852,user1852,user0101,36936,0,1790877492475862700
airtel,tx-007853,user1853,user1160,26517,0,1790877492483862700
mvola,tx-007854,user1854,user0005,3590,0,1790877492491862700
orange,tx-007855,user1855,user0311,46929,0,1790877492499862700
airtel,tx-007856,user1856,user1252,11257,0,1790877492507862700
mvola,tx-007857,user1857,user0653,35370,0,1790877492515862700
orange,tx-007858,user1858,user0896,8034,0,1790877492523862700
airtel,tx-007859,user1859,user1154,14789,0,1790877492531862700
mvola,tx-007860,user1860,user0176,12503,0,1790877492539862700
orange,tx-007861,user1861,user0073,14419,0,1790877492547862700
airtel,tx-007862,user1862,user1412,8663,0,1790877492555862700
mvola,tx-007863,user1863,user0287,49013,0,1790877492563862700
orange,tx-007864,user1864,user1120,735,0,1790877492571862700
airtel,tx-007865,user1865,user1686,9340,0,1790877492579862700
mvola,tx-007866,user1866,user0782,47085,0,1790877492587862700
orange,tx-007867,user1867,user0443,45602,0,1790877492595862700
airtel,tx-007868,user1868,user0845,20426,0,1790877492603862700
mvola,tx-007869,user1869,user1936,2012,0,1790877492611862700
orange,tx-007870,user1870,user1440,12608,0,1790877492619862700
airtel,tx-007871,user1871,user0409,12194,0,1790877492627862700
mvola,tx-007872,user1872,user1746,24057,0,1790877492635862700
orange,tx-007873,user1873,user1382,33906,0,1790877492643862700
airtel,tx-007874,user1874,user1983,2675,0,1790877492651862700
mvola,tx-007875,user1875,user1670,15517,0,1790877492659862700
orange,tx-007876,user1876,user0436,2667,0,1790877492667862700
airtel,tx-007877,user1877,user1613,29101,0,1790877492675862700
mvola,tx-007878,user1878,user1885,3124,0,1790877492683862700
orange,tx-007879,user1879,user1498,35532,0,1790877492691862700
airtel,tx-007880,user1880,user0687,3167,0,1790877492699862700
mvola,tx-007881,user1881,user0243,48010,0,1790877492707862700
orange,tx-007882,user1882,user0560,36148,0,1790877492715862700
airtel,tx-007883,user1883,user1037,35209,0,1790877492723862700
mvola,tx-007884,user1884,user0796,4318,0,1790877492731862700
orange,tx-007885,user1885,user0865,11063,0,1790877492739862700
airtel,tx-007886,user1886,user0591,24884,0,1790877492747862700
mvola,tx-007887,user1887,user0242,2977,0,1790877492755862700
orange,tx-007888,user1888,user0443,43061,0,1790877492763862700
airtel,tx-007889,user1889,user0578,40139,0,1790877492771862700
mvola,tx-007890,user1890,user0262,23079,0,1790877492779862700
orange,tx-007891,user1891,user0843,14379,0,1790877492787862700
airtel,tx-007892,user1892,user0216,34541,0,1790877492795862700
mvola,tx-007893,user1893,user0094,43530,0,1790877492803862700
orange,tx-007894,user1894,user0996,7450,0,1790877492811862700
airtel,tx-007895,user1895,user1644,5860,0,1790877492819862700
mvola,tx-007896,user1896,user0115,10091,0,1790877492827862700
orange,tx-007897,user1897,user0173,7692,0,1790877492835862700
airtel,tx-007898,user1898,user1368,23590,0,1790877492843862700
mvola,tx-007899,user1899,user0622,18411,0,1790877492851862700
orange,tx-007900,user1900,user0937,4110,0,1790877492859862700
airtel,tx-007901,user1901,user0556,9380,0,1790877492867862700
mvola,tx-007902,user1902,user1330,12622,0,1790877492875862700
orange,tx-007903,user1903,user0809,883,0,1790877492883862700
airtel,tx-007904,user1904,user1690,29892,0,1790877492891862700
mvola,tx-007905,user1905,user1221,25667,0,1790877492899862700
orange,tx-007906,user1906,user0851,10936,0,1790877492907862700
airtel,tx-007907,user1907,user0321,47109,0,1790877492915862700
mvola,tx-007908,user1908,user0362,2496,0,1790877492923862700
orange,tx-007909,user1909,user0212,36077,0,1790877492931862700
airtel,tx-007910,user1910,user0851,40566,0,1790877492939862700
mvola,tx-007911,user1911,user1321,21410,0,1790877492947862700
orange,tx-007912,user1912,user1885,34864,0,1790877492955862700
airtel,tx-007913,user1913,user1151,28815,0,1790877492963862700
mvola,tx-007914,user1914,user1121,41888,0,1790877492971862700
orange,tx-007915,user1915,user0536,36255,0,1790877492979862700
airtel,tx-007916,user1916,user1083,34976,0,1790877492987862700
mvola,tx-007917,user1917,user0499,18643,0,1790877492995862700
orange,tx-007918,user1918,user0797,9792,0,1790877493003862700
airtel,tx-007919,user1919,user1475,3390,0,1790877493011862700
mvola,tx-007920,user1920,user1047,12631,0,1790877493019862700
orange,tx-007921,user1921,user1573,48035,0,1790877493027862700
airtel,tx-007922,user1922,user1258,2999,0,1790877493035862700
mvola,tx-007923,user1923,user1480,26576,0,1790877493043862700
orange,tx-007924,user1924,user1480,22930,0,1790877493051862700
airtel,tx-007925,user1925,user1367,42140,0,1790877493059862700
mvola,tx-007926,user1926,user0866,21252,0,1790877493067862700
orange,tx-007927,user1927,user1196,22659,0,1790877493075862700
airtel,tx-007928,user1928,user0398,42968,0,1790877493083862700
mvola,tx-007929,user1929,user0645,2747,0,1790877493091862700
orange,tx-007930,user1930,user1511,17008,0,1790877493099862700
airtel,tx-007931,user1931,user0838,46581,0,1790877493107862700
mvola,tx-007932,user1932,user1227,15862,0,1790877493115862700
orange,tx-007933,user1933,user1023,29002,0,1790877493123862700
airtel,tx-007934,user1934,user0087,1563,0,1790877493131862700
mvola,tx-007935,user1935,user0864,17706,0,1790877493139862700
orange,tx-007936,user1936,user0479,13874,0,1790877493147862700
airtel,tx-007937,user1937,user1565,15023,0,1790877493155862700
mvola,tx-007938,user1938,user0094,670,0,1790877493163862700
orange,tx-007939,user1939,user0065,36920,0,1790877493171862700
airtel,tx-007940,user1940,user1322,12822,0,1790877493179862700
mvola,tx-007941,user1941,user1192,26394,0,1790877493187862700
orange,tx-007942,user1942,user1818,28453,0,1790877493195862700
airtel,tx-007943,user1943,user0532,21922,0,1790877493203862700
mvola,tx-007944,user1944,user0271,9110,0,1790877493211862700
orange,tx-007945,user1945,user0850,7711,0,1790877493219862700
airtel,tx-007946,user1946,user1482,20371,0,1790877493227862700
mvola,tx-007947,user1947,user1376,26215,0,1790877493235862700
orange,tx-007948,user1948,user1592,40283,0,1790877493243862700
airtel,tx-007949,user1949,user0998,8916,0,1790877493251862700
mvola,tx-007950,user1950,user1268,47049,0,1790877493259862700
orange,tx-007951,user1951,user0275,46263,0,1790877493267862700
airtel,tx-007952,user1952,user1078,4634,0,1790877493275862700
mvola,tx-007953,user1953,user1526,14797,0,1790877493283862700
orange,tx-007954,user1954,user1286,20203,0,1790877493291862700
airtel,tx-007955,user1955,user1456,31517,0,1790877493299862700
mvola,tx-007956,user1956,user1287,25778,0,1790877493307862700
orange,tx-007957,user1957,user1489,35016,0,1790877493315862700
airtel,tx-007958,user1958,user0487,4515,0,1790877493323862700
mvola,tx-007959,user1959,user0370,16009,0,1790877493331862700
orange,tx-007960,user1960,user0024,28920,0,1790877493339862700
airtel,tx-007961,user1961,user0367,25831,0,1790877493347862700
mvola,tx-007962,user1962,user0434,7918,0,1790877493355862700
orange,tx-007963,user1963,user1717,39046,0,1790877493363862700
airtel,tx-007964,user1964,user1615,36886,0,1790877493371862700
mvola,tx-007965,user1965,user1636,5677,0,1790877493379862700
orange,tx-007966,user1966,user1640,47931,0,1790877493387862700
airtel,tx-007967,user1967,user1145,41385,0,1790877493395862700
mvola,tx-007968,user1968,user1784,9504,0,1790877493403862700
orange,tx-007969,user1969,user1623,8461,0,1790877493411862700
airtel,tx-007970,user1970,user0397,31135,0,1790877493419862700
mvola,tx-007971,user1971,user1205,5783,0,1790877493427862700
orange,tx-007972,user1972,user0804,10794,0,1790877493435862700
airtel,tx-007973,user1973,user1181,8395,0,1790877493443862700
mvola,tx-007974,user1974,user1699,2855,0,1790877493451862700
orange,tx-007975,user1975,user1116,31956,0,1790877493459862700
airtel,tx-007976,user1976,user0150,4378,0,1790877493467862700
mvola,tx-007977,user1977,user0252,40326,0,1790877493475862700
orange,tx-007978,user1978,user1163,3613,0,1790877493483862700
airtel,tx-007979,user1979,user1029,1572,0,1790877493491862700
mvola,tx-007980,user1980,user1827,4239,0,1790877493499862700
orange,tx-007981,user1981,user0101,11616,0,1790877493507862700
airtel,tx-007982,user1982,user1866,1331,0,1790877493515862700
mvola,tx-007983,user1983,user1976,17170,0,1790877493523862700
orange,tx-007984,user1984,user0752,17369,0,1790877493531862700
airtel,tx-007985,user1985,user0459,6305,0,1790877493539862700
mvola,tx-007986,user1986,user0638,49795,0,1790877493547862700
orange,tx-007987,user1987,user0668,15084,0,1790877493555862700
airtel,tx-007988,user1988,user1294,37445,0,1790877493563862700
mvola,tx-007989,user1989,user1402,41067,0,1790877493571862700
orange,tx-007990,user1990,user0741,34461,0,1790877493579862700
airtel,tx-007991,user1991,user1524,49725,0,1790877493587862700
mvola,tx-007992,user1992,user0147,25108,0,1790877493595862700
orange,tx-007993,user1993,user0641,10293,0,1790877493603862700
airtel,tx-007994,user1994,user1118,40828,0,1790877493611862700
mvola,tx-007995,user1995,user1049,6086,0,1790877493619862700
orange,tx-007996,user1996,user0418,31210,0,1790877493627862700
airtel,tx-007997,user1997,user0432,33638,0,1790877493635862700
mvola,tx-007998,user1998,user1707,9600,0,1790877493643862700
orange,tx-007999,user1999,user0172,32577,0,1790877493651862700
mvola,tx-008000,user0000,user1253,32290,0,1790877493659862700
orange,tx-008001,user0001,user0782,24716,0,1790877493667862700
airtel,tx-008002,user0002,user1660,30448,0,1790877493675862700
mvola,tx-008003,user0003,user0381,48685,0,1790877493683862700
orange,tx-008004,user0004,user0934,40669,0,1790877493691862700
airtel,tx-008005,user0005,user0491,5505,0,1790877493699862700
mvola,tx-008006,user0006,user1939,48553,0,1790877493707862700
orange,tx-008007,user0007,user0372,33373,0,1790877493715862700
airtel,tx-008008,user0008,user1084,29310,0,1790877493723862700
mvola,tx-008009,user0009,user0627,41768,0,1790877493731862700
orange,tx-008010,user0010,user0605,6452,0,1790877493739862700
airtel,tx-008011,user0011,user1416,32508,0,1790877493747862700
mvola,tx-008012,user0012,user1430,5548,0,1790877493755862700
orange,tx-008013,user0013,user0822,18342,0,1790877493763862700
airtel,tx-008014,user0014,user0828,4850,0,1790877493771862700
mvola,tx-008015,user0015,user1700,8340,0,1790877493779862700
orange,tx-008016,user0016,user0187,21893,0,1790877493787862700
airtel,tx-008017,user0017,user0482,39845,0,1790877493795862700
mvola,tx-008018,user0018,user1293,19062,0,1790877493803862700
orange,tx-008019,user0019,user0193,24335,0,1790877493811862700
airtel,tx-008020,user0020,user0658,28990,0,1790877493819862700
mvola,tx-008021,user0021,user1932,27676,0,1790877493827862700
orange,tx-008022,user0022,user0825,26027,0,1790877493835862700
airtel,tx-008023,user0023,user1327,26546,0,1790877493843862700
mvola,tx-008024,user0024,user0400,8839,0,1790877493851862700
orange,tx-008025,user0025,user0430,35404,0,1790877493859862700
airtel,tx-008026,user0026,user1318,3430,0,1790877493867862700
mvola,tx-008027,user0027,user0880,34413,0,1790877493875862700
orange,tx-008028,user0028,user1267,2192,0,1790877493883862700
airtel,tx-008029,user0029,user1389,904,0,1790877493891862700
mvola,tx-008030,user0030,user0551,44721,0,1790877493899862700
orange,tx-008031,user0031,user0382,13394,0,1790877493907862700
airtel,tx-008032,user0032,user1761,29185,0,1790877493915862700
mvola,tx-008033,user0033,user0355,17694,0,1790877493923862700
orange,tx-008034,user0034,user1990,2111,0,1790877493931862700
airtel,tx-008035,user0035,user1665,659,0,1790877493939862700
mvola,tx-008036,user0036,user1927,5726,0,1790877493947862700
orange,tx-008037,user0037,user1453,33061,0,1790877493955862700
airtel,tx-008038,user0038,user0154,23328,0,1790877493963862700
mvola,tx-008039,user0039,user0979,22346,0,1790877493971862700
orange,tx-008040,user0040,user1774,13452,0,1790877493979862700
airtel,tx-008041,user0041,user0557,44575,0,1790877493987862700
mvola,tx-008042,user0042,user0260,19942,0,1790877493995862700
orange,tx-008043,user0043,user0483,13942,0,1790877494003862700
airtel,tx-008044,user0044,user0403,47861,0,1790877494011862700
mvola,tx-008045,user0045,user0416,16717,0,1790877494019862700
orange,tx-008046,user0046,user0517,14907,0,1790877494027862700
airtel,tx-008047,user0047,user1378,46731,0,1790877494035862700
mvola,tx-008048,user0048,user1910,42943,0,1790877494043862700
orange,tx-008049,user0049,user1875,41392,0,1790877494051862700
airtel,tx-008050,user0050,user1890,10532,0,1790877494059862700
mvola,tx-008051,user0051,user0922,47179,0,1790877494067862700
orange,tx-008052,user0052,user1612,2529,0,1790877494075862700
airtel,tx-008053,user0053,user0118,7554,0,1790877494083862700
mvola,tx-008054,user0054,user1462,29723,0,1790877494091862700
orange,tx-008055,user0055,user0323,1386,0,1790877494099862700
airtel,tx-008056,user0056,user1208,37471,0,1790877494107862700
mvola,tx-008057,user0057,user0232,45554,0,1790877494115862700
orange,tx-008058,user0058,user0623,33965,0,1790877494123862700
airtel,tx-008059,user0059,user1129,49135,0,1790877494131862700
mvola,tx-008060,user0060,user1201,10321,0,1790877494139862700
orange,tx-008061,user0061,user1797,27320,0,1790877494147862700
airtel,tx-008062,user0062,user0078,19850,0,1790877494155862700
mvola,tx-008063,user0063,user0008,15998,0,1790877494163862700
orange,tx-008064,user0064,user1190,13755,0,1790877494171862700
airtel,tx-008065,user0065,user0295,23915,0,1790877494179862700
mvola,tx-008066,user0066,user0167,12012,0,1790877494187862700
orange,tx-008067,user0067,user0545,8345,0,1790877494195862700
airtel,tx-008068,user0068,user1050,15585,0,1790877494203862700
mvola,tx-008069,user0069,user0449,36174,0,1790877494211862700
orange,tx-008070,user0070,user0385,36074,0,1790877494219862700
airtel,tx-008071,user0071,user0443,18733,0,1790877494227862700
mvola,tx-008072,user0072,user1341,1810,0,1790877494235862700
orange,tx-008073,user0073,user1082,13968,0,1790877494243862700
airtel,tx-008074,user0074,user0151,44681,0,1790877494251862700
mvola,tx-008075,user0075,user0939,9760,0,1790877494259862700
orange,tx-008076,user0076,user0086,15077,0,1790877494267862700
airtel,tx-008077,user0077,user1674,39000,0,1790877494275862700
mvola,tx-008078,user0078,user1535,24870,0,1790877494283862700
orange,tx-008079,user0079,user0841,41600,0,1790877494291862700
airtel,tx-008080,user0080,user1503,49723,0,1790877494299862700
mvola,tx-008081,user0081,user0856,9601,0,1790877494307862700
orange,tx-008082,user0082,user1912,15241,0,1790877494315862700
airtel,tx-008083,user0083,user0625,4372,0,1790877494323862700
mvola,tx-008084,user0084,user0001,44222,0,1790877494331862700
orange,tx-008085,user0085,user1287,18353,0,1790877494339862700
airtel,tx-008086,user0086,user1127,4903,0,1790877494347862700
mvola,tx-008087,user0087,user0672,469,0,1790877494355862700
orange,tx-008088,user0088,user1889,46939,0,1790877494363862700
airtel,tx-008089,user0089,user1044,18805,0,1790877494371862700
mvola,tx-008090,user0090,user1523,47097,0,1790877494379862700
orange,tx-008091,user0091,user1781,4363,0,1790877494387862700
airtel,tx-008092,user0092,user1993,40849,0,1790877494395862700
mvola,tx-008093,user0093,user1767,32160,0,1790877494403862700
orange,tx-008094,user0094,user0409,10575,0,1790877494411862700
airtel,tx-008095,user0095,user1561,19481,0,1790877494419862700
mvola,tx-008096,user0096,user0119,31856,0,1790877494427862700
orange,tx-008097,user0097,user0035,38026,0,1790877494435862700
airtel,tx-008098,user0098,user0027,2652,0,1790877494443862700
mvola,tx-008099,user0099,user1398,24926,0,1790877494451862700
orange,tx-008100,user0100,user0201,44863,0,1790877494459862700
airtel,tx-008101,user0101,user1541,43140,0,1790877494467862700
mvola,tx-008102,user0102,user0696,1156,0,1790877494475862700
orange,tx-008103,user0103,user1876,31436,0,1790877494483862700
airtel,tx-008104,user0104,user0612,29892,0,1790877494491862700
mvola,tx-008105,user0105,user1792,23503,0,1790877494499862700
orange,tx-008106,user0106,user0111,36485,0,1790877494507862700
airtel,tx-008107,user0107,user0017,37364,0,1790877494515862700
mvola,tx-008108,user0108,user1029,42044,0,1790877494523862700
orange,tx-008109,user0109,user1739,13463,0,1790877494531862700
airtel,tx-008110,user0110,user1027,39625,0,1790877494539862700
mvola,tx-008111,user0111,user0123,14540,0,1790877494547862700
orange,tx-008112,user0112,user1183,42788,0,1790877494555862700
airtel,tx-008113,user0113,user1494,26893,0,1790877494563862700
mvola,tx-008114,user0114,user1355,27061,0,1790877494571862700
orange,tx-008115,user0115,user1116,49723,0,1790877494579862700
airtel,tx-008116,user0116,user1885,40677,0,1790877494587862700
mvola,tx-008117,user0117,user0521,620,0,1790877494595862700
orange,tx-008118,user0118,user1574,46697,0,1790877494603862700
airtel,tx-008119,user0119,user0091,43130,0,1790877494611862700
mvola,tx-008120,user0120,user1348,48198,0,1790877494619862700
orange,tx-008121,user0121,user0985,2246,0,1790877494627862700
airtel,tx-008122,user0122,user0573,19956,0,1790877494635862700
mvola,tx-008123,user0123,user0416,10264,0,1790877494643862700
orange,tx-008124,user0124,user0309,20890,0,1790877494651862700
airtel,tx-008125,user0125,user0071,24019,0,1790877494659862700
mvola,tx-008126,user0126,user1057,33317,0,1790877494667862700
orange,tx-008127,user0127,user0868,33496,0,1790877494675862700
airtel,tx-008128,user0128,user0395,19876,0,1790877494683862700
mvola,tx-008129,user0129,user1584,7051,0,1790877494691862700
orange,tx-008130,user0130,user0818,32117,0,1790877494699862700
airtel,tx-008131,user0131,user1957,2714,0,1790877494707862700
mvola,tx-008132,user0132,user1091,29175,0,1790877494715862700
orange,tx-008133,user0133,user1259,14341,0,1790877494723862700
airtel,tx-008134,user0134,user1971,30173,0,1790877494731862700
mvola,tx-008135,user0135,user0635,27492,0,1790877494739862700
orange,tx-008136,user0136,user0874,39940,0,1790877494747862700
airtel,tx-008137,user0137,user1786,31346,0,1790877494755862700
mvola,tx-008138,user0138,user1884,37975,0,1790877494763862700
orange,tx-008139,user0139,user0852,38244,0,1790877494771862700
airtel,tx-008140,user0140,user1821,26341,0,1790877494779862700
mvola,tx-008141,user0141,user0101,2900,0,1790877494787862700
orange,tx-008142,user0142,user1998,21764,0,1790877494795862700
airtel,tx-008143,user0143,user0302,26162,0,1790877494803862700
mvola,tx-008144,user0144,user0703,3847,0,1790877494811862700
orange,tx-008145,user0145,user0519,44953,0,1790877494819862700
airtel,tx-008146,user0146,user0751,22514,0,1790877494827862700
mvola,tx-008147,user0147,user0790,31837,0,1790877494835862700
orange,tx-008148,user0148,user0741,48114,0,1790877494843862700
airtel,tx-008149,user0149,user1299,43326,0,1790877494851862700
mvola,tx-008150,user0150,user1627,21984,0,1790877494859862700
orange,tx-008151,user0151,user1185,39911,0,1790877494867862700
airtel,tx-008152,user0152,user1604,20649,0,1790877494875862700
mvola,tx-008153,user0153,user0083,20405,0,1790877494883862700
orange,tx-008154,user0154,user1825,41631,0,1790877494891862700
airtel,tx-008155,user0155,user0272,9029,0,1790877494899862700
mvola,tx-008156,user0156,user0607,40146,0,1790877494907862700
orange,tx-008157,user0157,user1519,42871,0,1790877494915862700
airtel,tx-008158,user0158,user0808,27538,0,1790877494923862700
mvola,tx-008159,user0159,user0356,13337,0,1790877494931862700
orange,tx-008160,user0160,user0061,36231,0,1790877494939862700
airtel,tx-008161,user0161,user1738,753,0,1790877494947862700
mvola,tx-008162,user0162,user0471,11179,0,1790877494955862700
orange,tx-008163,user0163,user0669,1024,0,1790877494963862700
airtel,tx-008164,user0164,user0264,17356,0,1790877494971862700
mvola,tx-008165,user0165,user0867,36793,0,1790877494979862700
orange,tx-008166,user0166,user0086,48802,0,1790877494987862700
airtel,tx-008167,user0167,user1029,639,0,1790877494995862700
mvola,tx-008168,user0168,user0677,49454,0,1790877495003862700
orange,tx-008169,user0169,user0732,11947,0,1790877495011862700
airtel,tx-008170,user0170,user1966,40738,0,1790877495019862700
mvola,tx-008171,user0171,user1837,46886,0,1790877495027862700
orange,tx-008172,user0172,user0391,13163,0,1790877495035862700
airtel,tx-008173,user0173,user0570,27163,0,1790877495043862700
mvola,tx-008174,user0174,user0675,45394,0,1790877495051862700
orange,tx-008175,user0175,user0455,15815,0,1790877495059862700
airtel,tx-008176,user0176,user0359,11778,0,1790877495067862700
mvola,tx-008177,user0177,user1450,48656,0,1790877495075862700
orange,tx-008178,user0178,user1459,15293,0,1790877495083862700
airtel,tx-008179,user0179,user0709,19631,0,1790877495091862700
mvola,tx-008180,user0180,user1863,29271,0,1790877495099862700
orange,tx-008181,user0181,user1142,48168,0,1790877495107862700
airtel,tx-008182,user0182,user1691,32001,0,1790877495115862700
mvola,tx-008183,user0183,user0550,24068,0,1790877495123862700
orange,tx-008184,user0184,user0105,25765,0,1790877495131862700
airtel,tx-008185,user0185,user0041,13905,0,1790877495139862700
mvola,tx-008186,user0186,user0841,13487,0,1790877495147862700
orange,tx-008187,user0187,user1250,12979,0,1790877495155862700
airtel,tx-008188,user0188,user0944,25219,0,1790877495163862700
mvola,tx-008189,user0189,user1190,27330,0,1790877495171862700
orange,tx-008190,user0190,user0500,24462,0,1790877495179862700
airtel,tx-008191,user0191,user0799,39004,0,1790877495187862700
mvola,tx-008192,user0192,user0511,8266,0,1790877495195862700
orange,tx-008193,user0193,user1233,24739,0,1790877495203862700
airtel,tx-008194,user0194,user0845,23247,0,1790877495211862700
mvola,tx-008195,user0195,user0129,19919,0,1790877495219862700
orange,tx-008196,user0196,user1303,2497,0,1790877495227862700
airtel,tx-008197,user0197,user1322,8948,0,1790877495235862700
mvola,tx-008198,user0198,user0310,3245,0,1790877495243862700
orange,tx-008199,user0199,user0841,49075,0,1790877495251862700
airtel,tx-008200,user0200,user1848,21323,0,1790877495259862700
mvola,tx-008201,user0201,user1758,2115,0,1790877495267862700
orange,tx-008202,user0202,user1076,27915,0,1790877495275862700
airtel,tx-008203,user0203,user1107,25989,0,1790877495283862700
mvola,tx-008204,user0204,user1018,24782,0,1790877495291862700
orange,tx-008205,user0205,user1748,19507,0,1790877495299862700
airtel,tx-008206,user0206,user0609,3580,0,1790877495307862700
mvola,tx-008207,user0207,user0426,36895,0,1790877495315862700
orange,tx-008208,user0208,user1829,46334,0,1790877495323862700
airtel,tx-008209,user0209,user0257,37762,0,1790877495331862700
mvola,tx-008210,user0210,user1191,39734,0,1790877495339862700
orange,tx-008211,user0211,user0556,45924,0,1790877495347862700
airtel,tx-008212,user0212,user0854,39701,0,1790877495355862700
mvola,tx-008213,user0213,user1418,7398,0,1790877495363862700
orange,tx-008214,user0214,user0432,26126,0,1790877495371862700
airtel,tx-008215,user0215,user0717,11256,0,1790877495379862700
mvola,tx-008216,user0216,user1739,32978,0,1790877495387862700
orange,tx-008217,user0217,user0489,23506,0,1790877495395862700
airtel,tx-008218,user0218,user1549,37977,0,1790877495403862700
mvola,tx-008219,user0219,user1601,12349,0,1790877495411862700
orange,tx-008220,user0220,user1665,39708,0,1790877495419862700
airtel,tx-008221,user0221,user0645,7052,0,1790877495427862700
mvola,tx-008222,user0222,user0793,12685,0,1790877495435862700
orange,tx-008223,user0223,user1353,23202,0,1790877495443862700
airtel,tx-008224,user0224,user0274,14071,0,1790877495451862700
mvola,tx-008225,user0225,user1556,25363,0,1790877495459862700
orange,tx-008226,user0226,user1874,1054,0,1790877495467862700
airtel,tx-008227,user0227,user0145,38804,0,1790877495475862700
mvola,tx-008228,user0228,user1189,32661,0,1790877495483862700
orange,tx-008229,user0229,user1113,21961,0,1790877495491862700
airtel,tx-008230,user0230,user0134,33134,0,1790877495499862700
mvola,tx-008231,user0231,user1802,30657,0,1790877495507862700
orange,tx-008232,user0232,user0104,12760,0,1790877495515862700
airtel,tx-008233,user0233,user0634,47064,0,1790877495523862700
mvola,tx-008234,user0234,user0633,12646,0,1790877495531862700
orange,tx-008235,user0235,user1240,27366,0,1790877495539862700
airtel,tx-008236,user0236,user1365,16978,0,1790877495547862700
mvola,tx-008237,user0237,user0603,28476,0,1790877495555862700
orange,tx-008238,user0238,user1314,20481,0,1790877495563862700
airtel,tx-008239,user0239,user1263,49161,0,1790877495571862700
mvola,tx-008240,user0240,user1416,46608,0,1790877495579862700
orange,tx-008241,user0241,user1325,14230,0,1790877495587862700
airtel,tx-008242,user0242,user0305,11139,0,1790877495595862700
mvola,tx-008243,user0243,user1986,3828,0,1790877495603862700
orange,tx-008244,user0244,user1739,48540,0,1790877495611862700
airtel,tx-008245,user0245,user0769,34721,0,1790877495619862700
mvola,tx-008246,user0246,user0047,43909,0,1790877495627862700
orange,tx-008247,user0247,user1503,15911,0,1790877495635862700
airtel,tx-008248,user0248,user1199,46146,0,1790877495643862700
mvola,tx-008249,user0249,user0817,29786,0,1790877495651862700
orange,tx-008250,user0250,user0229,27776,0,1790877495659862700
airtel,tx-008251,user0251,user0858,21232,0,1790877495667862700
mvola,tx-008252,user0252,user1846,8109,0,1790877495675862700
orange,tx-008253,user0253,user1269,23884,0,1790877495683862700
airtel,tx-008254,user0254,user1161,40341,0,1790877495691862700
mvola,tx-008255,user0255,user0117,17349,0,1790877495699862700
orange,tx-008256,user0256,user0995,27769,0,1790877495707862700
airtel,tx-008257,user0257,user0501,22026,0,1790877495715862700
mvola,tx-008258,user0258,user1925,39723,0,1790877495723862700
orange,tx-008259,user0259,user1895,33481,0,1790877495731862700
airtel,tx-008260,user0260,user1507,26004,0,1790877495739862700
mvola,tx-008261,user0261,user1386,16599,0,1790877495747862700
orange,tx-008262,user0262,user0427,6411,0,1790877495755862700
airtel,tx-008263,user0263,user1716,17128,0,1790877495763862700
mvola,tx-008264,user0264,user0660,41945,0,1790877495771862700
orange,tx-008265,user0265,user1621,33362,0,1790877495779862700
airtel,tx-008266,user0266,user0615,32219,0,1790877495787862700
mvola,tx-008267,user0267,user1901,41735,0,1790877495795862700
orange,tx-008268,user0268,user0652,20473,0,1790877495803862700
airtel,tx-008269,user0269,user0825,49928,0,1790877495811862700
mvola,tx-008270,user0270,user1710,46899,0,1790877495819862700
orange,tx-008271,user0271,user0348,32716,0,1790877495827862700
airtel,tx-008272,user0272,user1101,28071,0,1790877495835862700
mvola,tx-008273,user0273,user0034,40597,0,1790877495843862700
orange,tx-008274,user0274,user1958,37236,0,1790877495851862700
airtel,tx-008275,user0275,user0990,28041,0,1790877495859862700
mvola,tx-008276,user0276,user0188,5556,0,1790877495867862700
orange,tx-008277,user0277,user1556,23403,0,1790877495875862700
airtel,tx-008278,user0278,user1572,17200,0,1790877495883862700
mvola,tx-008279,user0279,user1393,13066,0,1790877495891862700
orange,tx-008280,user0280,user0125,17504,0,1790877495899862700
airtel,tx-008281,user0281,user1519,46455,0,1790877495907862700
mvola,tx-008282,user0282,user0139,7334,0,1790877495915862700
orange,tx-008283,user0283,user0529,26580,0,1790877495923862700
airtel,tx-008284,user0284,user0431,48317,0,1790877495931862700
mvola,tx-008285,user0285,user1457,3794,0,1790877495939862700
orange,tx-008286,user0286,user1354,20617,0,1790877495947862700
airtel,tx-008287,user0287,user1180,24655,0,1790877495955862700
mvola,tx-008288,user0288,user1907,6438,0,1790877495963862700
orange,tx-008289,user0289,user0552,49516,0,1790877495971862700
airtel,tx-008290,user0290,user1768,43173,0,1790877495979862700
mvola,tx-008291,user0291,user1275,16245,0,1790877495987862700
orange,tx-008292,user0292,user1414,12267,0,1790877495995862700
airtel,tx-008293,user0293,user1632,30762,0,1790877496003862700
mvola,tx-008294,user0294,user0815,22060,0,1790877496011862700
orange,tx-008295,user0295,user0646,2485,0,1790877496019862700
airtel,tx-008296,user0296,user1776,34704,0,1790877496027862700
mvola,tx-008297,user0297,user0034,25603,0,1790877496035862700
orange,tx-008298,user0298,user0665,14457,0,1790877496043862700
airtel,tx-008299,user0299,user1135,18920,0,1790877496051862700
mvola,tx-008300,user0300,user1947,38688,0,1790877496059862700
orange,tx-008301,user0301,user1094,26697,0,1790877496067862700
airtel,tx-008302,user0302,user0931,16127,0,1790877496075862700
mvola,tx-008303,user0303,user1481,33911,0,1790877496083862700
orange,tx-008304,user0304,user0122,29635,0,1790877496091862700
airtel,tx-008305,user0305,user0196,12112,0,1790877496099862700
mvola,tx-008306,user0306,user1876,38993,0,1790877496107862700
orange,tx-008307,user0307,user1256,49999,0,1790877496115862700
airtel,tx-008308,user0308,user1169,45324,0,1790877496123862700
mvola,tx-008309,user0309,user0969,7535,0,1790877496131862700
orange,tx-008310,user0310,user0120,24710,0,1790877496139862700
airtel,tx-008311,user0311,user0825,30247,0,1790877496147862700
mvola,tx-008312,user0312,user0046,26691,0,1790877496155862700
orange,tx-008313,user0313,user1160,32138,0,1790877496163862700
airtel,tx-008314,user0314,user1401,36708,0,1790877496171862700
mvola,tx-008315,user0315,user0932,2328,0,1790877496179862700
orange,tx-008316,user0316,user0114,4892,0,1790877496187862700
airtel,tx-008317,user0317,user0671,43437,0,1790877496195862700
mvola,tx-008318,user0318,user1841,24323,0,1790877496203862700
orange,tx-008319,user0319,user0961,14744,0,1790877496211862700
airtel,tx-008320,user0320,user0362,22837,0,1790877496219862700
mvola,tx-008321,user0321,user1320,19788,0,1790877496227862700
orange,tx-008322,user0322,user0823,24934,0,1790877496235862700
airtel,tx-008323,user0323,user1722,9087,0,1790877496243862700
mvola,tx-008324,user0324,user1548,30661,0,1790877496251862700
orange,tx-008325,user0325,user1357,18877,0,1790877496259862700
airtel,tx-008326,user0326,user0209,30116,0,1790877496267862700
mvola,tx-008327,user0327,user0695,15379,0,1790877496275862700
orange,tx-008328,user0328,user0770,7899,0,1790877496283862700
airtel,tx-008329,user0329,user1069,39742,0,1790877496291862700
mvola,tx-008330,user0330,user0461,38503,0,1790877496299862700
orange,tx-008331,user0331,user0964,36125,0,1790877496307862700
airtel,tx-008332,user0332,user1353,41848,0,1790877496315862700
mvola,tx-008333,user0333,user1169,18545,0,1790877496323862700
orange,tx-008334,user0334,user1492,46974,0,1790877496331862700
airtel,tx-008335,user0335,user0112,21293,0,1790877496339862700
mvola,tx-008336,user0336,user1970,44603,0,1790877496347862700
orange,tx-008337,user0337,user0626,32056,0,1790877496355862700
airtel,tx-008338,user0338,user0075,13149,0,1790877496363862700
mvola,tx-008339,user0339,user1868,42294,0,1790877496371862700
orange,tx-008340,user0340,user0044,13235,0,1790877496379862700
airtel,tx-008341,user0341,user1835,30072,0,1790877496387862700
mvola,tx-008342,user0342,user1678,32254,0,1790877496395862700
orange,tx-008343,user0343,user0047,34989,0,1790877496403862700
airtel,tx-008344,user0344,user0761,39452,0,1790877496411862700
mvola,tx-008345,user0345,user1305,45087,0,1790877496419862700
orange,tx-008346,user0346,user1676,25118,0,1790877496427862700
airtel,tx-008347,user0347,user1438,34826,0,1790877496435862700
mvola,tx-008348,user0348,user0819,34111,0,1790877496443862700
orange,tx-008349,user0349,user0457,39622,0,1790877496451862700
airtel,tx-008350,user0350,user0809,34536,0,1790877496459862700
mvola,tx-008351,user0351,user0752,36211,0,1790877496467862700
orange,tx-008352,user0352,user1471,27327,0,1790877496475862700
airtel,tx-008353,user0353,user0990,19314,0,1790877496483862700
mvola,tx-008354,user0354,user1157,3632,0,1790877496491862700
orange,tx-008355,user0355,user0079,37572,0,1790877496499862700
airtel,tx-008356,user0356,user1014,22913,0,1790877496507862700
mvola,tx-008357,user0357,user1375,15636,0,1790877496515862700
orange,tx-008358,user0358,user0823,35107,0,1790877496523862700
airtel,tx-008359,user0359,user0126,10716,0,1790877496531862700
mvola,tx-008360,user0360,user1625,32014,0,1790877496539862700
orange,tx-008361,user0361,user1129,42259,0,1790877496547862700
airtel,tx-008362,user0362,user1341,43632,0,1790877496555862700
mvola,tx-008363,user0363,user1477,23155,0,1790877496563862700
orange,tx-008364,user0364,user0034,8647,0,1790877496571862700
airtel,tx-008365,user0365,user0711,43739,0,1790877496579862700
mvola,tx-008366,user0366,user0532,48144,0,1790877496587862700
orange,tx-008367,user0367,user0913,45642,0,1790877496595862700
airtel,tx-008368,user0368,user0827,5293,0,1790877496603862700
mvola,tx-008369,user0369,user1129,15351,0,1790877496611862700
orange,tx-008370,user0370,user0843,43101,0,1790877496619862700
airtel,tx-008371,user0371,user1804,831,0,1790877496627862700
mvola,tx-008372,user0372,user0452,41191,0,1790877496635862700
orange,tx-008373,user0373,user1150,23414,0,1790877496643862700
airtel,tx-008374,user0374,user1315,25689,0,1790877496651862700
mvola,tx-008375,user0375,user0123,8358,0,1790877496659862700
orange,tx-008376,user0376,user1477,14705,0,1790877496667862700
airtel,tx-008377,user0377,user1511,42950,0,1790877496675862700
mvola,tx-008378,user0378,user1799,22528,0,1790877496683862700
orange,tx-008379,user0379,user1157,24645,0,1790877496691862700
airtel,tx-008380,user0380,user0393,19525,0,1790877496699862700
mvola,tx-008381,user0381,user1844,17314,0,1790877496707862700
orange,tx-008382,user0382,user0462,30905,0,1790877496715862700
airtel,tx-008383,user0383,user1435,21640,0,1790877496723862700
mvola,tx-008384,user0384,user1048,44858,0,1790877496731862700
orange,tx-008385,user0385,user1827,13608,0,1790877496739862700
airtel,tx-008386,user0386,user1100,27130,0,1790877496747862700
mvola,tx-008387,user0387,user0206,13006,0,1790877496755862700
orange,tx-008388,user0388,user0114,42460,0,1790877496763862700
airtel,tx-008389,user0389,user0987,15633,0,1790877496771862700
mvola,tx-008390,user0390,user1563,549,0,1790877496779862700
orange,tx-008391,user0391,user1989,22985,0,1790877496787862700
airtel,tx-008392,user0392,user0427,4958,0,1790877496795862700
mvola,tx-008393,user0393,user1624,10491,0,1790877496803862700
orange,tx-008394,user0394,user0239,8725,0,1790877496811862700
airtel,tx-008395,user0395,user0730,9707,0,1790877496819862700
mvola,tx-008396,user0396,user1865,12188,0,1790877496827862700
orange,tx-008397,user0397,user0026,3775,0,1790877496835862700
airtel,tx-008398,user0398,user1992,30248,0,1790877496843862700
mvola,tx-008399,user0399,user0236,20089,0,1790877496851862700
orange,tx-008400,user0400,user0571,48635,0,1790877496859862700
airtel,tx-008401,user0401,user1115,18895,0,1790877496867862700
mvola,tx-008402,user0402,user0297,39549,0,1790877496875862700
orange,tx-008403,user0403,user0599,40066,0,1790877496883862700
airtel,tx-008404,user0404,user0113,41654,0,1790877496891862700
mvola,tx-008405,user0405,user0037,3294,0,1790877496899862700
orange,tx-008406,user0406,user0988,4922,0,1790877496907862700
airtel,tx-008407,user0407,user0309,11839,0,1790877496915862700
mvola,tx-008408,user0408,user1626,15661,0,1790877496923862700
orange,tx-008409,user0409,user0183,42046,0,1790877496931862700
airtel,tx-008410,user0410,user1600,16597,0,1790877496939862700
mvola,tx-008411,user0411,user0538,45876,0,1790877496947862700
orange,tx-008412,user0412,user1872,17120,0,1790877496955862700
airtel,tx-008413,user0413,user1928,8379,0,1790877496963862700
mvola,tx-008414,user0414,user0141,46436,0,1790877496971862700
orange,tx-008415,user0415,user1355,38248,0,1790877496979862700
airtel,tx-008416,user0416,user0650,37729,0,1790877496987862700
mvola,tx-008417,user0417,user1717,5672,0,1790877496995862700
orange,tx-008418,user0418,user0110,38774,0,1790877497003862700
airtel,tx-008419,user0419,user1909,38856,0,1790877497011862700
mvola,tx-008420,user0420,user0989,19514,0,1790877497019862700
orange,tx-008421,user0421,user0592,15404,0,1790877497027862700
airtel,tx-008422,user0422,user1048,25984,0,1790877497035862700
mvola,tx-008423,user0423,user0353,47697,0,1790877497043862700
orange,tx-008424,user0424,user0836,19881,0,1790877497051862700
airtel,tx-008425,user0425,user1372,1044,0,1790877497059862700
mvola,tx-008426,user0426,user0838,16477,0,1790877497067862700
orange,tx-008427,user0427,user1888,20284,0,1790877497075862700
airtel,tx-008428,user0428,user0438,37636,0,1790877497083862700
mvola,tx-008429,user0429,user1680,23737,0,1790877497091862700
orange,tx-008430,user0430,user0608,28442,0,1790877497099862700
airtel,tx-008431,user0431,user1062,39484,0,1790877497107862700
mvola,tx-008432,user0432,user0407,31993,0,1790877497115862700
orange,tx-008433,user0433,user1473,32161,0,1790877497123862700
airtel,tx-008434,user0434,user0571,24052,0,1790877497131862700
mvola,tx-008435,user0435,user1596,9122,0,1790877497139862700
orange,tx-008436,user0436,user1881,10626,0,1790877497147862700
airtel,tx-008437,user0437,user0723,358,0,1790877497155862700
mvola,tx-008438,user0438,user1920,24765,0,1790877497163862700
orange,tx-008439,user0439,user0451,40519,0,1790877497171862700
airtel,tx-008440,user0440,user0033,5955,0,1790877497179862700
mvola,tx-008441,user0441,user1287,22909,0,1790877497187862700
orange,tx-008442,user0442,user1189,16832,0,1790877497195862700
airtel,tx-008443,user0443,user0940,3880,0,1790877497203862700
mvola,tx-008444,user0444,user0725,43329,0,1790877497211862700
orange,tx-008445,user0445,user0399,39370,0,1790877497219862700
airtel,tx-008446,user0446,user1025,36267,0,1790877497227862700
mvola,tx-008447,user0447,user1146,39074,0,1790877497235862700
orange,tx-008448,user0448,user1797,13280,0,1790877497243862700
airtel,tx-008449,user0449,user1753,16917,0,1790877497251862700
mvola,tx-008450,user0450,user1198,44563,0,1790877497259862700
orange,tx-008451,user0451,user0295,16643,0,1790877497267862700
airtel,tx-008452,user0452,user0919,6225,0,1790877497275862700
mvola,tx-008453,user0453,user0621,12265,0,1790877497283862700
orange,tx-008454,user0454,user1187,15450,0,1790877497291862700
airtel,tx-008455,user0455,user0193,34679,0,1790877497299862700
mvola,tx-008456,user0456,user0995,4818,0,1790877497307862700
orange,tx-008457,user0457,user1372,48598,0,1790877497315862700
airtel,tx-008458,user0458,user0916,38445,0,1790877497323862700
mvola,tx-008459,user0459,user0034,48895,0,1790877497331862700
orange,tx-008460,user0460,user0433,22881,0,1790877497339862700
airtel,tx-008461,user0461,user1167,9568,0,1790877497347862700
mvola,tx-008462,user0462,user1154,1818,0,1790877497355862700
orange,tx-008463,user0463,user1463,1465,0,1790877497363862700
airtel,tx-008464,user0464,user0604,17457,0,1790877497371862700
mvola,tx-008465,user0465,user0621,49660,0,1790877497379862700
orange,tx-008466,user0466,user1728,8940,0,1790877497387862700
airtel,tx-008467,user0467,user1134,29983,0,1790877497395862700
mvola,tx-008468,user0468,user1442,14029,0,1790877497403862700
orange,tx-008469,user0469,user0199,25421,0,1790877497411862700
airtel,tx-008470,user0470,user1065,22908,0,1790877497419862700
mvola,tx-008471,user0471,user0547,6073,0,1790877497427862700
orange,tx-008472,user0472,user0402,5041,0,1790877497435862700
airtel,tx-008473,user0473,user0046,41954,0,1790877497443862700
mvola,tx-008474,user0474,user0536,27244,0,1790877497451862700
orange,tx-008475,user0475,user1958,24964,0,1790877497459862700
airtel,tx-008476,user0476,user1250,14759,0,1790877497467862700
mvola,tx-008477,user0477,user1718,16166,0,1790877497475862700
orange,tx-008478,user0478,user1169,3762,0,1790877497483862700
airtel,tx-008479,user0479,user0667,10485,0,1790877497491862700
mvola,tx-008480,user0480,user0061,10358,0,1790877497499862700
orange,tx-008481,user0481,user1632,13664,0,1790877497507862700
airtel,tx-008482,user0482,user0801,5816,0,1790877497515862700
mvola,tx-008483,user0483,user1298,32838,0,1790877497523862700
orange,tx-008484,user0484,user1680,33501,0,1790877497531862700
airtel,tx-008485,user0485,user1924,38813,0,1790877497539862700
mvola,tx-008486,user0486,user0656,10900,0,1790877497547862700
orange,tx-008487,user0487,user0228,48159,0,1790877497555862700
airtel,tx-008488,user0488,user1133,20657,0,1790877497563862700
mvola,tx-008489,user0489,user0754,14664,0,1790877497571862700
orange,tx-008490,user0490,user0363,42332,0,1790877497579862700
airtel,tx-008491,user0491,user0544,12160,0,1790877497587862700
mvola,tx-008492,user0492,user0043,40924,0,1790877497595862700
orange,tx-008493,user0493,user1198,5105,0,1790877497603862700
airtel,tx-008494,user0494,user0164,32027,0,1790877497611862700
mvola,tx-008495,user0495,user0234,46574,0,1790877497619862700
orange,tx-008496,user0496,user1053,13789,0,1790877497627862700
airtel,tx-008497,user0497,user1707,40911,0,1790877497635862700
mvola,tx-008498,user0498,user0703,7574,0,1790877497643862700
orange,tx-008499,user0499,user1053,9370,0,1790877497651862700
airtel,tx-008500,user0500,user0995,28381,0,1790877497659862700
mvola,tx-008501,user0501,user0485,20157,0,1790877497667862700
orange,tx-008502,user0502,user1971,17322,0,1790877497675862700
airtel,tx-008503,user0503,user0617,626,0,1790877497683862700
mvola,tx-008504,user0504,user0708,28414,0,1790877497691862700
orange,tx-008505,user0505,user0767,9586,0,1790877497699862700
airtel,tx-008506,user0506,user1943,14906,0,1790877497707862700
mvola,tx-008507,user0507,user1013,8751,0,1790877497715862700
orange,tx-008508,user0508,user0250,43223,0,1790877497723862700
airtel,tx-008509,user0509,user1946,27352,0,1790877497731862700
mvola,tx-008510,user0510,user0536,26912,0,1790877497739862700
orange,tx-008511,user0511,user0244,493,0,1790877497747862700
airtel,tx-008512,user0512,user1519,3853,0,1790877497755862700
mvola,tx-008513,user0513,user0784,48034,0,1790877497763862700
orange,tx-008514,user0514,user0653,13454,0,1790877497771862700
airtel,tx-008515,user0515,user0899,32855,0,1790877497779862700
mvola,tx-008516,user0516,user1075,45363,0,1790877497787862700
orange,tx-008517,user0517,user0292,42612,0,1790877497795862700
airtel,tx-008518,user0518,user1513,31277,0,1790877497803862700
mvola,tx-008519,user0519,user0671,37479,0,1790877497811862700
orange,tx-008520,user0520,user0364,6926,0,1790877497819862700
airtel,tx-008521,user0521,user0386,19889,0,1790877497827862700
mvola,tx-008522,user0522,user1179,9177,0,1790877497835862700
orange,tx-008523,user0523,user1266,46801,0,1790877497843862700
airtel,tx-008524,user0524,user0064,40972,0,1790877497851862700
mvola,tx-008525,user0525,user1570,29912,0,1790877497859862700
orange,tx-008526,user0526,user1704,49533,0,1790877497867862700
airtel,tx-008527,user0527,user0257,41968,0,1790877497875862700
mvola,tx-008528,user0528,user1822,22016,0,1790877497883862700
orange,tx-008529,user0529,user1046,6535,0,1790877497891862700
airtel,tx-008530,user0530,user1029,42698,0,1790877497899862700
mvola,tx-008531,user0531,user1321,46684,0,1790877497907862700
orange,tx-008532,user0532,user1249,20072,0,1790877497915862700
airtel,tx-008533,user0533,user1909,24230,0,1790877497923862700
mvola,tx-008534,user0534,user0105,35713,0,1790877497931862700
orange,tx-008535,user0535,user0301,995,0,1790877497939862700
airtel,tx-008536,user0536,user0952,8992,0,1790877497947862700
mvola,tx-008537,user0537,user0594,34906,0,1790877497955862700
orange,tx-008538,user0538,user0867,47800,0,1790877497963862700
airtel,tx-008539,user0539,user1344,23338,0,1790877497971862700
mvola,tx-008540,user0540,user0030,23216,0,1790877497979862700
orange,tx-008541,user0541,user0528,20969,0,1790877497987862700
airtel,tx-008542,user0542,user1083,8103,0,1790877497995862700
mvola,tx-008543,user0543,user0648,49052,0,1790877498003862700
orange,tx-008544,user0544,user1843,20177,0,1790877498011862700
airtel,tx-008545,user0545,user1837,1152,0,1790877498019862700
mvola,tx-008546,user0546,user1026,13241,0,1790877498027862700
orange,tx-008547,user0547,user1669,37439,0,1790877498035862700
airtel,tx-008548,user0548,user0593,14030,0,1790877498043862700
mvola,tx-008549,user0549,user0541,36242,0,1790877498051862700
orange,tx-008550,user0550,user0847,37228,0,1790877498059862700
airtel,tx-008551,user0551,user0795,30696,0,1790877498067862700
mvola,tx-008552,user0552,user1315,19007,0,1790877498075862700
orange,tx-008553,user0553,user0948,29819,0,1790877498083862700
airtel,tx-008554,user0554,user1959,2299,0,1790877498091862700
mvola,tx-008555,user0555,user0317,22569,0,1790877498099862700
orange,tx-008556,user0556,user1299,42255,0,1790877498107862700
airtel,tx-008557,user0557,user1445,22011,0,1790877498115862700
mvola,tx-008558,user0558,user1585,43354,0,1790877498123862700
orange,tx-008559,user0559,user0967,36917,0,1790877498131862700
airtel,tx-008560,user0560,user0460,35749,0,1790877498139862700
mvola,tx-008561,user0561,user1867,6437,0,1790877498147862700
orange,tx-008562,user0562,user1858,33597,0,1790877498155862700
airtel,tx-008563,user0563,user1889,14885,0,1790877498163862700
mvola,tx-008564,user0564,user0088,5696,0,1790877498171862700
orange,tx-008565,user0565,user0749,40125,0,1790877498179862700
airtel,tx-008566,user0566,user0470,13307,0,1790877498187862700
mvola,tx-008567,user0567,user0930,43377,0,1790877498195862700
orange,tx-008568,user0568,user0155,30622,0,1790877498203862700
airtel,tx-008569,user0569,user1732,32029,0,1790877498211862700
mvola,tx-008570,user0570,user1740,4389,0,1790877498219862700
orange,tx-008571,user0571,user0547,19325,0,1790877498227862700
airtel,tx-008572,user0572,user1306,32748,0,1790877498235862700
mvola,tx-008573,user0573,user0458,40707,0,1790877498243862700
orange,tx-008574,user0574,user0534,3933,0,1790877498251862700
airtel,tx-008575,user0575,user1042,43169,0,1790877498259862700
mvola,tx-008576,user0576,user0853,34905,0,1790877498267862700
orange,tx-008577,user0577,user0446,48867,0,1790877498275862700
airtel,tx-008578,user0578,user0226,6498,0,1790877498283862700
mvola,tx-008579,user0579,user1089,14531,0,1790877498291862700
orange,tx-008580,user0580,user0785,36481,0,1790877498299862700
airtel,tx-008581,user0581,user1071,16533,0,1790877498307862700
mvola,tx-008582,user0582,user0786,8423,0,1790877498315862700
orange,tx-008583,user0583,user1579,6818,0,1790877498323862700
airtel,tx-008584,user0584,user0836,16424,0,1790877498331862700
mvola,tx-008585,user0585,user0952,45617,0,1790877498339862700
orange,tx-008586,user0586,user0396,4144,0,1790877498347862700
airtel,tx-008587,user0587,user1512,30027,0,1790877498355862700
mvola,tx-008588,user0588,user1220,22826,0,1790877498363862700
orange,tx-008589,user0589,user1283,5529,0,1790877498371862700
airtel,tx-008590,user0590,user0605,17227,0,1790877498379862700
mvola,tx-008591,user0591,user1669,34168,0,1790877498387862700
orange,tx-008592,user0592,user1334,37652,0,1790877498395862700
airtel,tx-008593,user0593,user1872,38847,0,1790877498403862700
mvola,tx-008594,user0594,user0343,43540,0,1790877498411862700
orange,tx-008595,user0595,user0662,5843,0,1790877498419862700
airtel,tx-008596,user0596,user1044,43100,0,1790877498427862700
mvola,tx-008597,user0597,user1680,13617,0,1790877498435862700
orange,tx-008598,user0598,user1203,11935,0,1790877498443862700
airtel,tx-008599,user0599,user1421,31700,0,1790877498451862700
mvola,tx-008600,user0600,user1813,36291,0,1790877498459862700
orange,tx-008601,user0601,user0069,38290,0,1790877498467862700
airtel,tx-008602,user0602,user1413,30738,0,1790877498475862700
mvola,tx-008603,user0603,user0923,34315,0,1790877498483862700
orange,tx-008604,user0604,user0278,42633,0,1790877498491862700
airtel,tx-008605,user0605,user1501,37688,0,1790877498499862700
mvola,tx-008606,user0606,user0219,24231,0,1790877498507862700
orange,tx-008607,user0607,user1509,18699,0,1790877498515862700
airtel,tx-008608,user0608,user0954,7670,0,1790877498523862700
mvola,tx-008609,user0609,user1799,24351,0,1790877498531862700
orange,tx-008610,user0610,user1644,575,0,1790877498539862700
airtel,tx-008611,user0611,user1388,10344,0,1790877498547862700
mvola,tx-008612,user0612,user1494,36679,0,1790877498555862700
orange,tx-008613,user0613,user1828,4372,0,1790877498563862700
airtel,tx-008614,user0614,user1909,29738,0,1790877498571862700
mvola,tx-008615,user0615,user0377,5847,0,1790877498579862700
orange,tx-008616,user0616,user0449,213,0,1790877498587862700
airtel,tx-008617,user0617,user0973,18722,0,1790877498595862700
mvola,tx-008618,user0618,user0697,20833,0,1790877498603862700
orange,tx-008619,user0619,user1582,45233,0,1790877498611862700
airtel,tx-008620,user0620,user0690,24365,0,1790877498619862700
mvola,tx-008621,user0621,user0989,10803,0,1790877498627862700
orange,tx-008622,user0622,user0244,11866,0,1790877498635862700
airtel,tx-008623,user0623,user0449,29970,0,1790877498643862700
mvola,tx-008624,user0624,user1446,15843,0,1790877498651862700
orange,tx-008625,user0625,user1199,36753,0,1790877498659862700
airtel,tx-008626,user0626,user1571,33177,0,1790877498667862700
mvola,tx-008627,user0627,user1022,33886,0,1790877498675862700
orange,tx-008628,user0628,user0253,41093,0,1790877498683862700
airtel,tx-008629,user0629,user0221,16252,0,1790877498691862700
mvola,tx-008630,user0630,user0759,3759,0,1790877498699862700
orange,tx-008631,user0631,user1526,10211,0,1790877498707862700
airtel,tx-008632,user0632,user1931,37956,0,1790877498715862700
mvola,tx-008633,user0633,user0115,34723,0,1790877498723862700
orange,tx-008634,user0634,user0051,35821,0,1790877498731862700
airtel,tx-008635,user0635,user1571,11068,0,1790877498739862700
mvola,tx-008636,user0636,user1826,4359,0,1790877498747862700
orange,tx-008637,user0637,user1583,33817,0,1790877498755862700
airtel,tx-008638,user0638,user0067,26177,0,1790877498763862700
mvola,tx-008639,user0639,user0329,1084,0,1790877498771862700
orange,tx-008640,user0640,user1670,31388,0,1790877498779862700
airtel,tx-008641,user0641,user0687,24087,0,1790877498787862700
mvola,tx-008642,user0642,user1653,34394,0,1790877498795862700
orange,tx-008643,user0643,user0986,26212,0,1790877498803862700
airtel,tx-008644,user0644,user1647,46010,0,1790877498811862700
mvola,tx-008645,user0645,user0806,28937,0,1790877498819862700
orange,tx-008646,user0646,user1701,40976,0,1790877498827862700
airtel,tx-008647,user0647,user0646,38335,0,1790877498835862700
mvola,tx-008648,user0648,user0692,21106,0,1790877498843862700
orange,tx-008649,user0649,user0252,35577,0,1790877498851862700
airtel,tx-008650,user0650,user1081,49013,0,1790877498859862700
mvola,tx-008651,user0651,user1667,37743,0,1790877498867862700
orange,tx-008652,user0652,user1986,46170,0,1790877498875862700
airtel,tx-008653,user0653,user0100,24533,0,1790877498883862700
mvola,tx-008654,user0654,user0440,4553,0,1790877498891862700
orange,tx-008655,user0655,user1806,21765,0,1790877498899862700
airtel,tx-008656,user0656,user1493,41642,0,1790877498907862700
mvola,tx-008657,user0657,user0974,27806,0,1790877498915862700
orange,tx-008658,user0658,user0201,49395,0,1790877498923862700
airtel,tx-008659,user0659,user0267,16910,0,1790877498931862700
mvola,tx-008660,user0660,user0360,25381,0,1790877498939862700
orange,tx-008661,user0661,user1220,48839,0,1790877498947862700
airtel,tx-008662,user0662,user1601,30446,0,1790877498955862700
mvola,tx-008663,user0663,user0182,9830,0,1790877498963862700
orange,tx-008664,user0664,user1827,9335,0,1790877498971862700
airtel,tx-008665,user0665,user1220,2303,0,1790877498979862700
mvola,tx-008666,user0666,user1206,24287,0,1790877498987862700
orange,tx-008667,user0667,user0083,22059,0,1790877498995862700
airtel,tx-008668,user0668,user1612,27755,0,1790877499003862700
mvola,tx-008669,user0669,user1226,38513,0,1790877499011862700
orange,tx-008670,user0670,user0656,48594,0,1790877499019862700
airtel,tx-008671,user0671,user1140,17971,0,1790877499027862700
mvola,tx-008672,user0672,user1796,44829,0,1790877499035862700
orange,tx-008673,user0673,user0359,30282,0,1790877499043862700
airtel,tx-008674,user0674,user1632,27838,0,1790877499051862700
mvola,tx-008675,user0675,user0181,35271,0,1790877499059862700
orange,tx-008676,user0676,user0483,22848,0,1790877499067862700
airtel,tx-008677,user0677,user0410,34581,0,1790877499075862700
mvola,tx-008678,user0678,user1462,38295,0,1790877499083862700
orange,tx-008679,user0679,user0857,30458,0,1790877499091862700
airtel,tx-008680,user0680,user0928,18925,0,1790877499099862700
mvola,tx-008681,user0681,user0781,14206,0,1790877499107862700
orange,tx-008682,user0682,user0087,36636,0,1790877499115862700
airtel,tx-008683,user0683,user0364,14635,0,1790877499123862700
mvola,tx-008684,user0684,user0044,7562,0,1790877499131862700
orange,tx-008685,user0685,user1299,36838,0,1790877499139862700
airtel,tx-008686,user0686,user1921,13303,0,1790877499147862700
mvola,tx-008687,user0687,user1354,40635,0,1790877499155862700
orange,tx-008688,user0688,user1315,2895,0,1790877499163862700
airtel,tx-008689,user0689,user0550,12443,0,1790877499171862700
mvola,tx-008690,user0690,user1505,40901,0,1790877499179862700
orange,tx-008691,user0691,user0181,965,0,1790877499187862700
airtel,tx-008692,user0692,user1241,48731,0,1790877499195862700
mvola,tx-008693,user0693,user1361,34738,0,1790877499203862700
orange,tx-008694,user0694,user1940,21961,0,1790877499211862700
airtel,tx-008695,user0695,user1876,33026,0,1790877499219862700
mvola,tx-008696,user0696,user0093,47446,0,1790877499227862700
orange,tx-008697,user0697,user1714,23684,0,1790877499235862700
airtel,tx-008698,user0698,user1357,47407,0,1790877499243862700
mvola,tx-008699,user0699,user0973,24189,0,1790877499251862700
orange,tx-008700,user0700,user0671,17106,0,1790877499259862700
airtel,tx-008701,user0701,user0326,6815,0,1790877499267862700
mvola,tx-008702,user0702,user0449,18593,0,1790877499275862700
orange,tx-008703,user0703,user0513,19959,0,1790877499283862700
airtel,tx-008704,user0704,user0770,24153,0,1790877499291862700
mvola,tx-008705,user0705,user0030,1270,0,1790877499299862700
orange,tx-008706,user0706,user0455,9782,0,1790877499307862700
airtel,tx-008707,user0707,user1279,27891,0,1790877499315862700
mvola,tx-008708,user0708,user0795,18613,0,1790877499323862700
orange,tx-008709,user0709,user0229,49795,0,1790877499331862700
airtel,tx-008710,user0710,user0373,1098,0,1790877499339862700
mvola,tx-008711,user0711,user1582,45495,0,1790877499347862700
orange,tx-008712,user0712,user1151,45569,0,1790877499355862700
airtel,tx-008713,user0713,user0565,36288,0,1790877499363862700
mvola,tx-008714,user0714,user1575,47399,0,1790877499371862700
orange,tx-008715,user0715,user0903,40364,0,1790877499379862700
airtel,tx-008716,user0716,user0112,16514,0,1790877499387862700
mvola,tx-008717,user0717,user1569,42413,0,1790877499395862700
orange,tx-008718,user0718,user0372,964,0,1790877499403862700
airtel,tx-008719,user0719,user1347,17841,0,1790877499411862700
mvola,tx-008720,user0720,user1597,26381,0,1790877499419862700
orange,tx-008721,user0721,user0544,45906,0,1790877499427862700
airtel,tx-008722,user0722,user1852,6715,0,1790877499435862700
mvola,tx-008723,user0723,user0494,13905,0,1790877499443862700
orange,tx-008724,user0724,user0383,39302,0,1790877499451862700
airtel,tx-008725,user0725,user0113,10313,0,1790877499459862700
mvola,tx-008726,user0726,user0125,9283,0,1790877499467862700
orange,tx-008727,user0727,user1601,12859,0,1790877499475862700
airtel,tx-008728,user0728,user1697,25105,0,1790877499483862700
mvola,tx-008729,user0729,user1025,23706,0,1790877499491862700
orange,tx-008730,user0730,user1325,7962,0,1790877499499862700
airtel,tx-008731,user0731,user0480,17231,0,1790877499507862700
mvola,tx-008732,user0732,user1638,10101,0,1790877499515862700
orange,tx-008733,user0733,user1812,17624,0,1790877499523862700
airtel,tx-008734,user0734,user0372,12589,0,1790877499531862700
mvola,tx-008735,user0735,user1193,26365,0,1790877499539862700
orange,tx-008736,user0736,user1305,3329,0,1790877499547862700
airtel,tx-008737,user0737,user0195,26186,0,1790877499555862700
mvola,tx-008738,user0738,user0613,6693,0,1790877499563862700
orange,tx-008739,user0739,user1794,1361,0,1790877499571862700
airtel,tx-008740,user0740,user0991,47105,0,1790877499579862700
mvola,tx-008741,user0741,user0305,35753,0,1790877499587862700
orange,tx-008742,user0742,user1402,10574,0,1790877499595862700
airtel,tx-008743,user0743,user1255,43322,0,1790877499603862700
mvola,tx-008744,user0744,user0932,9343,0,1790877499611862700
orange,tx-008745,user0745,user1735,29793,0,1790877499619862700
airtel,tx-008746,user0746,user1707,33688,0,1790877499627862700
mvola,tx-008747,user0747,user1574,16337,0,1790877499635862700
orange,tx-008748,user0748,user1101,18413,0,1790877499643862700
airtel,tx-008749,user0749,user1891,14146,0,1790877499651862700
mvola,tx-008750,user0750,user0613,17154,0,1790877499659862700
orange,tx-008751,user0751,user0227,43408,0,1790877499667862700
airtel,tx-008752,user0752,user1631,34227,0,1790877499675862700
mvola,tx-008753,user0753,user1485,22554,0,1790877499683862700
orange,tx-008754,user0754,user1929,44323,0,1790877499691862700
airtel,tx-008755,user0755,user1759,33892,0,1790877499699862700
mvola,tx-008756,user0756,user1531,48501,0,1790877499707862700
orange,tx-008757,user0757,user1354,5112,0,1790877499715862700
airtel,tx-008758,user0758,user1497,2876,0,1790877499723862700
mvola,tx-008759,user0759,user0888,23590,0,1790877499731862700
orange,tx-008760,user0760,user1742,39644,0,1790877499739862700
airtel,tx-008761,user0761,user1950,14518,0,1790877499747862700
mvola,tx-008762,user0762,user1024,36116,0,1790877499755862700
orange,tx-008763,user0763,user0767,26057,0,1790877499763862700
airtel,tx-008764,user0764,user1161,29007,0,1790877499771862700
mvola,tx-008765,user0765,user0270,31621,0,1790877499779862700
orange,tx-008766,user0766,user0324,28475,0,1790877499787862700
airtel,tx-008767,user0767,user0321,37174,0,1790877499795862700
mvola,tx-008768,user0768,user0217,1283,0,1790877499803862700
orange,tx-008769,user0769,user0016,17104,0,1790877499811862700
airtel,tx-008770,user0770,user0005,31595,0,1790877499819862700
mvola,tx-008771,user0771,user1249,35337,0,1790877499827862700
orange,tx-008772,user0772,user0981,42513,0,1790877499835862700
airtel,tx-008773,user0773,user0125,26925,0,1790877499843862700
mvola,tx-008774,user0774,user1203,3001,0,1790877499851862700
orange,tx-008775,user0775,user1226,22015,0,1790877499859862700
airtel,tx-008776,user0776,user1994,27184,0,1790877499867862700
mvola,tx-008777,user0777,user0984,8769,0,1790877499875862700
orange,tx-008778,user0778,user1811,8175,0,1790877499883862700
airtel,tx-008779,user0779,user0423,38063,0,1790877499891862700
mvola,tx-008780,user0780,user0729,37689,0,1790877499899862700
orange,tx-008781,user0781,user1300,24266,0,1790877499907862700
airtel,tx-008782,user0782,user0814,7576,0,1790877499915862700
mvola,tx-008783,user0783,user0046,21320,0,1790877499923862700
orange,tx-008784,user0784,user1571,3559,0,1790877499931862700
airtel,tx-008785,user0785,user0294,34725,0,1790877499939862700
mvola,tx-008786,user0786,user1551,30554,0,1790877499947862700
orange,tx-008787,user0787,user0097,25032,0,1790877499955862700
airtel,tx-008788,user0788,user0384,11999,0,1790877499963862700
mvola,tx-008789,user0789,user0386,6611,0,1790877499971862700
orange,tx-008790,user0790,user1165,11257,0,1790877499979862700
airtel,tx-008791,user0791,user1123,17721,0,1790877499987862700
mvola,tx-008792,user0792,user0359,18691,0,1790877499995862700
orange,tx-008793,user0793,user1891,34347,0,1790877500003862700
airtel,tx-008794,user0794,user0656,15438,0,1790877500011862700
mvola,tx-008795,user0795,user0634,34945,0,1790877500019862700
orange,tx-008796,user0796,user0486,45362,0,1790877500027862700
airtel,tx-008797,user0797,user0019,9358,0,1790877500035862700
mvola,tx-008798,user0798,user0720,14636,0,1790877500043862700
orange,tx-008799,user0799,user0820,4636,0,1790877500051862700
airtel,tx-008800,user0800,user1798,30636,0,1790877500059862700
mvola,tx-008801,user0801,user1629,5287,0,1790877500067862700
orange,tx-008802,user0802,user0210,39124,0,1790877500075862700
airtel,tx-008803,user0803,user1640,4160,0,1790877500083862700
mvola,tx-008804,user0804,user1064,35479,0,1790877500091862700
orange,tx-008805,user0805,user1688,23449,0,1790877500099862700
airtel,tx-008806,user0806,user0872,45098,0,1790877500107862700
mvola,tx-008807,user0807,user0485,23826,0,1790877500115862700
orange,tx-008808,user0808,user0067,26149,0,1790877500123862700
airtel,tx-008809,user0809,user0640,42915,0,1790877500131862700
mvola,tx-008810,user0810,user1390,35354,0,1790877500139862700
orange,tx-008811,user0811,user1846,36798,0,1790877500147862700
airtel,tx-008812,user0812,user0701,731,0,1790877500155862700
mvola,tx-008813,user0813,user1293,11782,0,1790877500163862700
orange,tx-008814,user0814,user0288,34647,0,1790877500171862700
airtel,tx-008815,user0815,user1511,33707,0,1790877500179862700
mvola,tx-008816,user0816,user0212,41629,0,1790877500187862700
orange,tx-008817,user0817,user0761,8564,0,1790877500195862700
airtel,tx-008818,user0818,user0344,4787,0,1790877500203862700
mvola,tx-008819,user0819,user0899,27638,0,1790877500211862700
orange,tx-008820,user0820,user0227,46440,0,1790877500219862700
airtel,tx-008821,user0821,user1067,189,0,1790877500227862700
mvola,tx-008822,user0822,user0535,34713,0,1790877500235862700
orange,tx-008823,user0823,user0162,38892,0,1790877500243862700
airtel,tx-008824,user0824,user0437,6671,0,1790877500251862700
mvola,tx-008825,user0825,user0872,34002,0,1790877500259862700
orange,tx-008826,user0826,user1455,9081,0,1790877500267862700
airtel,tx-008827,user0827,user0390,30572,0,1790877500275862700
mvola,tx-008828,user0828,user1544,39945,0,1790877500283862700
orange,tx-008829,user0829,user1123,11612,0,1790877500291862700
airtel,tx-008830,user0830,user0629,8865,0,1790877500299862700
mvola,tx-008831,user0831,user0542,16049,0,1790877500307862700
orange,tx-008832,user0832,user0434,34750,0,1790877500315862700
airtel,tx-008833,user0833,user1935,20339,0,1790877500323862700
mvola,tx-008834,user0834,user0491,25244,0,1790877500331862700
orange,tx-008835,user0835,user0861,11078,0,1790877500339862700
airtel,tx-008836,user0836,user1789,23775,0,1790877500347862700
mvola,tx-008837,user0837,user0629,8933,0,1790877500355862700
orange,tx-008838,user0838,user0889,43932,0,1790877500363862700
airtel,tx-008839,user0839,user0104,41550,0,1790877500371862700
mvola,tx-008840,user0840,user1411,13317,0,1790877500379862700
orange,tx-008841,user0841,user1723,6464,0,1790877500387862700
airtel,tx-008842,user0842,user0273,13998,0,1790877500395862700
mvola,tx-008843,user0843,user1007,14151,0,1790877500403862700
orange,tx-008844,user0844,user0083,43762,0,1790877500411862700
airtel,tx-008845,user0845,user1399,35123,0,1790877500419862700
mvola,tx-008846,user0846,user0051,12364,0,1790877500427862700
orange,tx-008847,user0847,user1273,36773,0,1790877500435862700
airtel,tx-008848,user0848,user1621,14125,0,1790877500443862700
mvola,tx-008849,user0849,user0230,42789,0,1790877500451862700
orange,tx-008850,user0850,user0338,48443,0,1790877500459862700
airtel,tx-008851,user0851,user1394,22296,0,1790877500467862700
mvola,tx-008852,user0852,user0308,8897,0,1790877500475862700
orange,tx-008853,user0853,user1394,22554,0,1790877500483862700
airtel,tx-008854,user0854,user1913,37969,0,1790877500491862700
mvola,tx-008855,user0855,user1049,43719,0,1790877500499862700
orange,tx-008856,user0856,user0401,11963,0,1790877500507862700
airtel,tx-008857,user0857,user1205,18097,0,1790877500515862700
mvola,tx-008858,user0858,user0384,19903,0,1790877500523862700
orange,tx-008859,user0859,user0413,15369,0,1790877500531862700
airtel,tx-008860,user0860,user1113,18346,0,1790877500539862700
mvola,tx-008861,user0861,user1568,19381,0,1790877500547862700
orange,tx-008862,user0862,user0552,37398,0,1790877500555862700
airtel,tx-008863,user0863,user0660,3145,0,1790877500563862700
mvola,tx-008864,user0864,user0195,21361,0,1790877500571862700
orange,tx-008865,user0865,user0356,29265,0,1790877500579862700
airtel,tx-008866,user0866,user0147,5184,0,1790877500587862700
mvola,tx-008867,user0867,user1980,22766,0,1790877500595862700
orange,tx-008868,user0868,user1279,23121,0,1790877500603862700
airtel,tx-008869,user0869,user1184,9639,0,1790877500611862700
mvola,tx-008870,user0870,user0967,13034,0,1790877500619862700
orange,tx-008871,user0871,user0339,45502,0,1790877500627862700
airtel,tx-008872,user0872,user1858,41701,0,1790877500635862700
mvola,tx-008873,user0873,user1727,8338,0,1790877500643862700
orange,tx-008874,user0874,user1819,3635,0,1790877500651862700
airtel,tx-008875,user0875,user1962,44761,0,1790877500659862700
mvola,tx-008876,user0876,user1512,30900,0,1790877500667862700
orange,tx-008877,user0877,user0139,2901,0,1790877500675862700
airtel,tx-008878,user0878,user0395,45339,0,1790877500683862700
mvola,tx-008879,user0879,user0928,8845,0,1790877500691862700
orange,tx-008880,user0880,user1963,33760,0,1790877500699862700
airtel,tx-008881,user0881,user0191,16130,0,1790877500707862700
mvola,tx-008882,user0882,user1520,24214,0,1790877500715862700
orange,tx-008883,user0883,user0770,39097,0,1790877500723862700
airtel,tx-008884,user0884,user1099,45811,0,1790877500731862700
mvola,tx-008885,user0885,user0570,45273,0,1790877500739862700
orange,tx-008886,user0886,user1272,15378,0,1790877500747862700
airtel,tx-008887,user0887,user1033,38044,0,1790877500755862700
mvola,tx-008888,user0888,user0196,41416,0,1790877500763862700
orange,tx-008889,user0889,user0798,3936,0,1790877500771862700
airtel,tx-008890,user0890,user0251,9934,0,1790877500779862700
mvola,tx-008891,user0891,user1719,27842,0,1790877500787862700
orange,tx-008892,user0892,user1582,11280,0,1790877500795862700
airtel,tx-008893,user0893,user1991,32066,0,1790877500803862700
mvola,tx-008894,user0894,user0896,16159,0,1790877500811862700
orange,tx-008895,user0895,user1243,13066,0,1790877500819862700
airtel,tx-008896,user0896,user1344,38923,0,1790877500827862700
mvola,tx-008897,user0897,user1958,6214,0,1790877500835862700
orange,tx-008898,user0898,user1011,18145,0,1790877500843862700
airtel,tx-008899,user0899,user1758,5987,0,1790877500851862700
mvola,tx-008900,user0900,user0577,23064,0,1790877500859862700
orange,tx-008901,user0901,user0109,7693,0,1790877500867862700
airtel,tx-008902,user0902,user1528,34826,0,1790877500875862700
mvola,tx-008903,user0903,user0166,3946,0,1790877500883862700
orange,tx-008904,user0904,user1473,46034,0,1790877500891862700
airtel,tx-008905,user0905,user0895,14487,0,1790877500899862700
mvola,tx-008906,user0906,user1411,9681,0,1790877500907862700
orange,tx-008907,user0907,user0970,9980,0,1790877500915862700
airtel,tx-008908,user0908,user0253,3980,0,1790877500923862700
mvola,tx-008909,user0909,user1509,46635,0,1790877500931862700
orange,tx-008910,user0910,user1900,13444,0,1790877500939862700
airtel,tx-008911,user0911,user1637,30513,0,1790877500947862700
mvola,tx-008912,user0912,user0387,35732,0,1790877500955862700
orange,tx-008913,user0913,user0344,29794,0,1790877500963862700
airtel,tx-008914,user0914,user0072,4081,0,1790877500971862700
mvola,tx-008915,user0915,user1442,42299,0,1790877500979862700
orange,tx-008916,user0916,user1161,25818,0,1790877500987862700
airtel,tx-008917,user0917,user1557,28458,0,1790877500995862700
mvola,tx-008918,user0918,user0323,29261,0,1790877501003862700
orange,tx-008919,user0919,user1786,14044,0,1790877501011862700
airtel,tx-008920,user0920,user0281,16595,0,1790877501019862700
mvola,tx-008921,user0921,user1710,47696,0,1790877501027862700
orange,tx-008922,user0922,user1139,12091,0,1790877501035862700
airtel,tx-008923,user0923,user0497,44985,0,1790877501043862700
mvola,tx-008924,user0924,user0755,23687,0,1790877501051862700
orange,tx-008925,user0925,user0029,10873,0,1790877501059862700
airtel,tx-008926,user0926,user1079,23631,0,1790877501067862700
mvola,tx-008927,user0927,user1965,49114,0,1790877501075862700
orange,tx-008928,user0928,user1745,45421,0,1790877501083862700
airtel,tx-008929,user0929,user0176,8559,0,1790877501091862700
mvola,tx-008930,user0930,user1776,46962,0,1790877501099862700
orange,tx-008931,user0931,user0838,17030,0,1790877501107862700
airtel,tx-008932,user0932,user0415,30288,0,1790877501115862700
mvola,tx-008933,user0933,user1318,15508,0,1790877501123862700
orange,tx-008934,user0934,user1300,3778,0,1790877501131862700
airtel,tx-008935,user0935,user1545,44147,0,1790877501139862700
mvola,tx-008936,user0936,user1711,39704,0,1790877501147862700
orange,tx-008937,user0937,user0761,5165,0,1790877501155862700
airtel,tx-008938,user0938,user1944,41633,0,1790877501163862700
mvola,tx-008939,user0939,user1371,10281,0,1790877501171862700
orange,tx-008940,user0940,user1948,10018,0,1790877501179862700
airtel,tx-008941,user0941,user0779,40448,0,1790877501187862700
mvola,tx-008942,user0942,user1634,19855,0,1790877501195862700
orange,tx-008943,user0943,user0566,7101,0,1790877501203862700
airtel,tx-008944,user0944,user1889,19507,0,1790877501211862700
mvola,tx-008945,user0945,user0110,15307,0,1790877501219862700
orange,tx-008946,user0946,user0818,40545,0,1790877501227862700
airtel,tx-008947,user0947,user0760,21128,0,1790877501235862700
mvola,tx-008948,user0948,user0869,40046,0,1790877501243862700
orange,tx-008949,user0949,user1111,9708,0,1790877501251862700
airtel,tx-008950,user0950,user0234,36047,0,1790877501259862700
mvola,tx-008951,user0951,user1066,41286,0,1790877501267862700
orange,tx-008952,user0952,user1906,8656,0,1790877501275862700
airtel,tx-008953,user0953,user0877,15616,0,1790877501283862700
mvola,tx-008954,user0954,user0230,38494,0,1790877501291862700
orange,tx-008955,user0955,user1409,11964,0,1790877501299862700
airtel,tx-008956,user0956,user1326,44886,0,1790877501307862700
mvola,tx-008957,user0957,user0495,15579,0,1790877501315862700
orange,tx-008958,user0958,user1078,11107,0,1790877501323862700
airtel,tx-008959,user0959,user1087,40993,0,1790877501331862700
mvola,tx-008960,user0960,user1778,49107,0,1790877501339862700
orange,tx-008961,user0961,user1597,21611,0,1790877501347862700
airtel,tx-008962,user0962,user1692,43674,0,1790877501355862700
mvola,tx-008963,user0963,user1053,32922,0,1790877501363862700
orange,tx-008964,user0964,user0037,23950,0,1790877501371862700
airtel,tx-008965,user0965,user1910,6416,0,1790877501379862700
mvola,tx-008966,user0966,user0896,20025,0,1790877501387862700
orange,tx-008967,user0967,user1137,37812,0,1790877501395862700
airtel,tx-008968,user0968,user1354,44722,0,1790877501403862700
mvola,tx-008969,user0969,user1878,29555,0,1790877501411862700
orange,tx-008970,user0970,user1955,7741,0,1790877501419862700
airtel,tx-008971,user0971,user0385,24927,0,1790877501427862700
mvola,tx-008972,user0972,user0888,7973,0,1790877501435862700
orange,tx-008973,user0973,user0080,39116,0,1790877501443862700
airtel,tx-008974,user0974,user0155,36537,0,1790877501451862700
mvola,tx-008975,user0975,user0232,38330,0,1790877501459862700
orange,tx-008976,user0976,user1899,28600,0,1790877501467862700
airtel,tx-008977,user0977,user1155,12571,0,1790877501475862700
mvola,tx-008978,user0978,user1922,10356,0,1790877501483862700
orange,tx-008979,user0979,user0300,23054,0,1790877501491862700
airtel,tx-008980,user0980,user1195,23143,0,1790877501499862700
mvola,tx-008981,user0981,user1870,48793,0,1790877501507862700
orange,tx-008982,user0982,user1223,24162,0,1790877501515862700
airtel,tx-008983,user0983,user1498,26560,0,1790877501523862700
mvola,tx-008984,user0984,user1132,41453,0,1790877501531862700
orange,tx-008985,user0985,user0978,32954,0,1790877501539862700
airtel,tx-008986,user0986,user0478,49969,0,1790877501547862700
mvola,tx-008987,user0987,user0011,4555,0,1790877501555862700
orange,tx-008988,user0988,user0287,48291,0,1790877501563862700
airtel,tx-008989,user0989,user0009,45307,0,1790877501571862700
mvola,tx-008990,user0990,user1405,14015,0,1790877501579862700
orange,tx-008991,user0991,user0067,19868,0,1790877501587862700
airtel,tx-008992,user0992,user0159,32016,0,1790877501595862700
mvola,tx-008993,user0993,user1299,25803,0,1790877501603862700
orange,tx-008994,user0994,user1020,13311,0,1790877501611862700
airtel,tx-008995,user0995,user0953,19717,0,1790877501619862700
mvola,tx-008996,user0996,user0785,39455,0,1790877501627862700
orange,tx-008997,user0997,user1542,46427,0,1790877501635862700
airtel,tx-008998,user0998,user1625,32660,0,1790877501643862700
mvola,tx-008999,user0999,user1544,728,0,1790877501651862700
orange,tx-009000,user1000,user0498,20253,0,1790877501659862700
airtel,tx-009001,user1001,user0024,22009,0,1790877501667862700
mvola,tx-009002,user1002,user1825,38765,0,1790877501675862700
orange,tx-009003,user1003,user1673,49621,0,1790877501683862700
airtel,tx-009004,user1004,user1388,7703,0,1790877501691862700
mvola,tx-009005,user1005,user1833,8857,0,1790877501699862700
orange,tx-009006,user1006,user1694,39633,0,1790877501707862700
airtel,tx-009007,user1007,user1508,10732,0,1790877501715862700
mvola,tx-009008,user1008,user0972,44661,0,1790877501723862700
orange,tx-009009,user1009,user1773,32341,0,1790877501731862700
airtel,tx-009010,user1010,user0979,434,0,1790877501739862700
mvola,tx-009011,user1011,user0174,49550,0,1790877501747862700
orange,tx-009012,user1012,user1148,45457,0,1790877501755862700
airtel,tx-009013,user1013,user1600,46094,0,1790877501763862700
mvola,tx-009014,user1014,user0035,30764,0,1790877501771862700
orange,tx-009015,user1015,user1466,37978,0,1790877501779862700
airtel,tx-009016,user1016,user1849,17932,0,1790877501787862700
mvola,tx-009017,user1017,user0481,36328,0,1790877501795862700
orange,tx-009018,user1018,user1078,1319,0,1790877501803862700
airtel,tx-009019,user1019,user0463,5275,0,1790877501811862700
mvola,tx-009020,user1020,user1425,23083,0,1790877501819862700
orange,tx-009021,user1021,user0090,10569,0,1790877501827862700
airtel,tx-009022,user1022,user0820,31794,0,1790877501835862700
mvola,tx-009023,user1023,user1126,18320,0,1790877501843862700
orange,tx-009024,user1024,user0323,31730,0,1790877501851862700
airtel,tx-009025,user1025,user0703,39740,0,1790877501859862700
mvola,tx-009026,user1026,user0539,32250,0,1790877501867862700
orange,tx-009027,user1027,user0296,36546,0,1790877501875862700
airtel,tx-009028,user1028,user1145,20355,0,1790877501883862700
mvola,tx-009029,user1029,user1850,10947,0,1790877501891862700
orange,tx-009030,user1030,user0919,49817,0,1790877501899862700
airtel,tx-009031,user1031,user0024,16498,0,1790877501907862700
mvola,tx-009032,user1032,user1281,12592,0,1790877501915862700
orange,tx-009033,user1033,user0676,46469,0,1790877501923862700
airtel,tx-009034,user1034,user1229,34535,0,1790877501931862700
mvola,tx-009035,user1035,user1141,47992,0,1790877501939862700
orange,tx-009036,user1036,user0888,48648,0,1790877501947862700
airtel,tx-009037,user1037,user1483,10089,0,1790877501955862700
mvola,tx-009038,user1038,user0092,20382,0,1790877501963862700
orange,tx-009039,user1039,user1927,49273,0,1790877501971862700
airtel,tx-009040,user1040,user1772,4671,0,1790877501979862700
mvola,tx-009041,user1041,user1281,27320,0,1790877501987862700
orange,tx-009042,user1042,user1143,13108,0,1790877501995862700
airtel,tx-009043,user1043,user0086,23505,0,1790877502003862700
mvola,tx-009044,user1044,user1233,33614,0,1790877502011862700
orange,tx-009045,user1045,user0609,18159,0,1790877502019862700
airtel,tx-009046,user1046,user1719,41311,0,1790877502027862700
mvola,tx-009047,user1047,user0608,8907,0,1790877502035862700
orange,tx-009048,user1048,user1125,48321,0,1790877502043862700
airtel,tx-009049,user1049,user0783,30875,0,1790877502051862700
mvola,tx-009050,user1050,user1918,26251,0,1790877502059862700
orange,tx-009051,user1051,user1665,47498,0,1790877502067862700
airtel,tx-009052,user1052,user0516,13544,0,1790877502075862700
mvola,tx-009053,user1053,user1412,8105,0,1790877502083862700
orange,tx-009054,user1054,user0970,35470,0,1790877502091862700
airtel,tx-009055,user1055,user0072,45003,0,1790877502099862700
mvola,tx-009056,user1056,user1049,13970,0,1790877502107862700
orange,tx-009057,user1057,user1420,48119,0,1790877502115862700
airtel,tx-009058,user1058,user0336,31192,0,1790877502123862700
mvola,tx-009059,user1059,user1987,2751,0,1790877502131862700
orange,tx-009060,user1060,user0451,48580,0,1790877502139862700
airtel,tx-009061,user1061,user1902,11609,0,1790877502147862700
mvola,tx-009062,user1062,user1773,40326,0,1790877502155862700
orange,tx-009063,user1063,user1410,38568,0,1790877502163862700
airtel,tx-009064,user1064,user1740,47807,0,1790877502171862700
mvola,tx-009065,user1065,user0027,43295,0,1790877502179862700
orange,tx-009066,user1066,user1420,25101,0,1790877502187862700
airtel,tx-009067,user1067,user1837,31496,0,1790877502195862700
mvola,tx-009068,user1068,user0662,39351,0,1790877502203862700
orange,tx-009069,user1069,user0083,42238,0,1790877502211862700
airtel,tx-009070,user1070,user1704,30795,0,1790877502219862700
mvola,tx-009071,user1071,user1082,27821,0,1790877502227862700
orange,tx-009072,user1072,user0361,42863,0,1790877502235862700
airtel,tx-009073,user1073,user0461,47179,0,1790877502243862700
mvola,tx-009074,user1074,user1570,32318,0,1790877502251862700
orange,tx-009075,user1075,user1147,693,0,1790877502259862700
airtel,tx-009076,user1076,user1844,853,0,1790877502267862700
mvola,tx-009077,user1077,user1649,38673,0,1790877502275862700
orange,tx-009078,user1078,user0723,7283,0,1790877502283862700
airtel,tx-009079,user1079,user0638,14860,0,1790877502291862700
mvola,tx-009080,user1080,user0928,4060,0,1790877502299862700
orange,tx-009081,user1081,user0683,26974,0,1790877502307862700
airtel,tx-009082,user1082,user0609,49321,0,1790877502315862700
mvola,tx-009083,user1083,user1670,27942,0,1790877502323862700
orange,tx-009084,user1084,user1564,20489,0,1790877502331862700
airtel,tx-009085,user1085,user1836,24921,0,1790877502339862700
mvola,tx-009086,user1086,user0068,29626,0,1790877502347862700
orange,tx-009087,user1087,user0698,9932,0,1790877502355862700
airtel,tx-009088,user1088,user1233,2238,0,1790877502363862700
mvola,tx-009089,user1089,user1871,31252,0,1790877502371862700
orange,tx-009090,user1090,user0926,2181,0,1790877502379862700
airtel,tx-009091,user1091,user0415,26428,0,1790877502387862700
mvola,tx-009092,user1092,user1149,8793,0,1790877502395862700
orange,tx-009093,user1093,user1789,31812,0,1790877502403862700
airtel,tx-009094,user1094,user0529,32760,0,1790877502411862700
mvola,tx-009095,user1095,user1985,11554,0,1790877502419862700
orange,tx-009096,user1096,user0255,12346,0,1790877502427862700
airtel,tx-009097,user1097,user1101,17269,0,1790877502435862700
mvola,tx-009098,user1098,user0171,7705,0,1790877502443862700
orange,tx-009099,user1099,user0385,33627,0,1790877502451862700
airtel,tx-009100,user1100,user0309,36239,0,1790877502459862700
mvola,tx-009101,user1101,user1204,8009,0,1790877502467862700
orange,tx-009102,user1102,user0914,31731,0,1790877502475862700
airtel,tx-009103,user1103,user0400,4869,0,1790877502483862700
mvola,tx-009104,user1104,user0610,1036,0,1790877502491862700
orange,tx-009105,user1105,user1579,9484,0,1790877502499862700
airtel,tx-009106,user1106,user1754,3689,0,1790877502507862700
mvola,tx-009107,user1107,user0006,10395,0,1790877502515862700
orange,tx-009108,user1108,user0923,12150,0,1790877502523862700
airtel,tx-009109,user1109,user0566,30777,0,1790877502531862700
mvola,tx-009110,user1110,user1615,32152,0,1790877502539862700
orange,tx-009111,user1111,user0232,33692,0,1790877502547862700
airtel,tx-009112,user1112,user0816,16300,0,1790877502555862700
mvola,tx-009113,user1113,user0778,14192,0,1790877502563862700
orange,tx-009114,user1114,user0706,33445,0,1790877502571862700
airtel,tx-009115,user1115,user1238,16021,0,1790877502579862700
mvola,tx-009116,user1116,user0977,37001,0,1790877502587862700
orange,tx-009117,user1117,user1793,15341,0,1790877502595862700
airtel,tx-009118,user1118,user0922,24859,0,1790877502603862700
mvola,tx-009119,user1119,user1989,39687,0,1790877502611862700
orange,tx-009120,user1120,user0617,48062,0,1790877502619862700
airtel,tx-009121,user1121,user0542,18545,0,1790877502627862700
mvola,tx-009122,user1122,user0007,24422,0,1790877502635862700
orange,tx-009123,user1123,user0848,35730,0,1790877502643862700
airtel,tx-009124,user1124,user0832,5438,0,1790877502651862700
mvola,tx-009125,user1125,user0772,39254,0,1790877502659862700
orange,tx-009126,user1126,user1908,24796,0,1790877502667862700
airtel,tx-009127,user1127,user1339,38819,0,1790877502675862700
mvola,tx-009128,user1128,user0418,44704,0,1790877502683862700
orange,tx-009129,user1129,user1385,21331,0,1790877502691862700
airtel,tx-009130,user1130,user1483,9454,0,1790877502699862700
mvola,tx-009131,user1131,user1515,38111,0,1790877502707862700
orange,tx-009132,user1132,user0820,18249,0,1790877502715862700
airtel,tx-009133,user1133,user1892,12860,0,1790877502723862700
mvola,tx-009134,user1134,user0762,17924,0,1790877502731862700
orange,tx-009135,user1135,user0479,38120,0,1790877502739862700
airtel,tx-009136,user1136,user1892,29978,0,1790877502747862700
mvola,tx-009137,user1137,user1005,36833,0,1790877502755862700
orange,tx-009138,user1138,user1095,46267,0,1790877502763862700
airtel,tx-009139,user1139,user0048,36187,0,1790877502771862700
mvola,tx-009140,user1140,user0289,6615,0,1790877502779862700
orange,tx-009141,user1141,user0389,47769,0,1790877502787862700
airtel,tx-009142,user1142,user0736,10375,0,1790877502795862700
mvola,tx-009143,user1143,user1649,24498,0,1790877502803862700
orange,tx-009144,user1144,user1178,4220,0,1790877502811862700
airtel,tx-009145,user1145,user1492,4695,0,1790877502819862700
mvola,tx-009146,user1146,user0686,26546,0,1790877502827862700
orange,tx-009147,user1147,user1112,45187,0,1790877502835862700
airtel,tx-009148,user1148,user0433,15610,0,1790877502843862700
mvola,tx-009149,user1149,user1759,1348,0,1790877502851862700
orange,tx-009150,user1150,user0237,3951,0,1790877502859862700
airtel,tx-009151,user1151,user1755,19260,0,1790877502867862700
mvola,tx-009152,user1152,user1773,26539,0,1790877502875862700
orange,tx-009153,user1153,user0823,32231,0,1790877502883862700
airtel,tx-009154,user1154,user1715,23872,0,1790877502891862700
mvola,tx-009155,user1155,user0273,31625,0,1790877502899862700
orange,tx-009156,user1156,user1889,33771,0,1790877502907862700
airtel,tx-009157,user1157,user1790,43371,0,1790877502915862700
mvola,tx-009158,user1158,user1165,3303,0,1790877502923862700
orange,tx-009159,user1159,user1636,32621,0,1790877502931862700
airtel,tx-009160,user1160,user1528,33280,0,1790877502939862700
mvola,tx-009161,user1161,user1596,48181,0,1790877502947862700
orange,tx-009162,user1162,user1172,2487,0,1790877502955862700
airtel,tx-009163,user1163,user1244,5405,0,1790877502963862700
mvola,tx-009164,user1164,user0988,41110,0,1790877502971862700
orange,tx-009165,user1165,user1746,37814,0,1790877502979862700
airtel,tx-009166,user1166,user1915,202,0,1790877502987862700
mvola,tx-009167,user1167,user0912,3031,0,1790877502995862700
orange,tx-009168,user1168,user0857,45019,0,1790877503003862700
airtel,tx-009169,user1169,user1605,8190,0,1790877503011862700
mvola,tx-009170,user1170,user1202,49475,0,1790877503019862700
orange,tx-009171,user1171,user0765,33609,0,1790877503027862700
airtel,tx-009172,user1172,user0840,4472,0,1790877503035862700
mvola,tx-009173,user1173,user1024,46925,0,1790877503043862700
orange,tx-009174,user1174,user0137,38802,0,1790877503051862700
airtel,tx-009175,user1175,user0775,43584,0,1790877503059862700
mvola,tx-009176,user1176,user0862,5186,0,1790877503067862700
orange,tx-009177,user1177,user0308,28200,0,1790877503075862700
airtel,tx-009178,user1178,user0669,9752,0,1790877503083862700
mvola,tx-009179,user1179,user0658,7706,0,1790877503091862700
orange,tx-009180,user1180,user0116,44798,0,1790877503099862700
airtel,tx-009181,user1181,user1399,41973,0,1790877503107862700
mvola,tx-009182,user1182,user1708,36356,0,1790877503115862700
orange,tx-009183,user1183,user1968,47648,0,1790877503123862700
airtel,tx-009184,user1184,user0652,23471,0,1790877503131862700
mvola,tx-009185,user1185,user0789,1717,0,1790877503139862700
orange,tx-009186,user1186,user1201,24355,0,1790877503147862700
airtel,tx-009187,user1187,user0709,48541,0,1790877503155862700
mvola,tx-009188,user1188,user1069,21065,0,1790877503163862700
orange,tx-009189,user1189,user0084,25086,0,1790877503171862700
airtel,tx-009190,user1190,user0714,19385,0,1790877503179862700
mvola,tx-009191,user1191,user0320,45156,0,1790877503187862700
orange,tx-009192,user1192,user0706,40769,0,1790877503195862700
airtel,tx-009193,user1193,user0353,28400,0,1790877503203862700
mvola,tx-009194,user1194,user1434,29123,0,1790877503211862700
orange,tx-009195,user1195,user0231,28108,0,1790877503219862700
airtel,tx-009196,user1196,user1547,23022,0,1790877503227862700
mvola,tx-009197,user1197,user0421,26443,0,1790877503235862700
orange,tx-009198,user1198,user1045,26099,0,1790877503243862700
airtel,tx-009199,user1199,user0191,33869,0,1790877503251862700
mvola,tx-009200,user1200,user1673,42755,0,1790877503259862700
orange,tx-009201,user1201,user0341,30650,0,1790877503267862700
airtel,tx-009202,user1202,user1241,24791,0,1790877503275862700
mvola,tx-009203,user1203,user1060,4930,0,1790877503283862700
orange,tx-009204,user1204,user1545,14066,0,1790877503291862700
airtel,tx-009205,user1205,user0865,30871,0,1790877503299862700
mvola,tx-009206,user1206,user0093,16812,0,1790877503307862700
orange,tx-009207,user1207,user1756,27071,0,1790877503315862700
airtel,tx-009208,user1208,user0402,10408,0,1790877503323862700
mvola,tx-009209,user1209,user1861,30057,0,1790877503331862700
orange,tx-009210,user1210,user0399,15325,0,1790877503339862700
airtel,tx-009211,user1211,user1425,17693,0,1790877503347862700
mvola,tx-009212,user1212,user1540,8501,0,1790877503355862700
orange,tx-009213,user1213,user0770,13505,0,1790877503363862700
airtel,tx-009214,user1214,user0696,27702,0,1790877503371862700
mvola,tx-009215,user1215,user1392,46860,0,1790877503379862700
orange,tx-009216,user1216,user0355,23977,0,1790877503387862700
airtel,tx-009217,user1217,user1855,173,0,1790877503395862700
mvola,tx-009218,user1218,user1473,4555,0,1790877503403862700
orange,tx-009219,user1219,user1513,3352,0,1790877503411862700
airtel,tx-009220,user1220,user0047,13531,0,1790877503419862700
mvola,tx-009221,user1221,user0083,43721,0,1790877503427862700
orange,tx-009222,user1222,user1470,6012,0,1790877503435862700
airtel,tx-009223,user1223,user1128,41454,0,1790877503443862700
mvola,tx-009224,user1224,user1535,29679,0,1790877503451862700
orange,tx-009225,user1225,user1896,24344,0,1790877503459862700
airtel,tx-009226,user1226,user0267,47363,0,1790877503467862700
mvola,tx-009227,user1227,user1115,25576,0,1790877503475862700
orange,tx-009228,user1228,user1519,22071,0,1790877503483862700
airtel,tx-009229,user1229,user0696,8131,0,1790877503491862700
mvola,tx-009230,user1230,user1627,43368,0,1790877503499862700
orange,tx-009231,user1231,user1476,24946,0,1790877503507862700
airtel,tx-009232,user1232,user1357,15030,0,1790877503515862700
mvola,tx-009233,user1233,user1483,26484,0,1790877503523862700
orange,tx-009234,user1234,user0636,11778,0,1790877503531862700
airtel,tx-009235,user1235,user1567,30162,0,1790877503539862700
mvola,tx-009236,user1236,user0247,2653,0,1790877503547862700
orange,tx-009237,user1237,user1539,46127,0,1790877503555862700
airtel,tx-009238,user1238,user1231,21205,0,1790877503563862700
mvola,tx-009239,user1239,user1174,5411,0,1790877503571862700
orange,tx-009240,user1240,user1201,9311,0,1790877503579862700
airtel,tx-009241,user1241,user1017,3771,0,1790877503587862700
mvola,tx-009242,user1242,user0223,44275,0,1790877503595862700
orange,tx-009243,user1243,user1414,45625,0,1790877503603862700
airtel,tx-009244,user1244,user0450,5206,0,1790877503611862700
mvola,tx-009245,user1245,user0685,6455,0,1790877503619862700
orange,tx-009246,user1246,user0506,5900,0,1790877503627862700
airtel,tx-009247,user1247,user1852,40981,0,1790877503635862700
mvola,tx-009248,user1248,user1759,40121,0,1790877503643862700
orange,tx-009249,user1249,user1538,11579,0,1790877503651862700
airtel,tx-009250,user1250,user1626,34897,0,1790877503659862700
mvola,tx-009251,user1251,user1967,5467,0,1790877503667862700
orange,tx-009252,user1252,user0861,28760,0,1790877503675862700
airtel,tx-009253,user1253,user0188,13088,0,1790877503683862700
mvola,tx-009254,user1254,user1798,44679,0,1790877503691862700
orange,tx-009255,user1255,user1995,38088,0,1790877503699862700
airtel,tx-009256,user1256,user0879,45296,0,1790877503707862700
mvola,tx-009257,user1257,user0440,20247,0,1790877503715862700
orange,tx-009258,user1258,user0038,42825,0,1790877503723862700
airtel,tx-009259,user1259,user0616,1416,0,1790877503731862700
mvola,tx-009260,user1260,user0918,47374,0,1790877503739862700
orange,tx-009261,user1261,user0862,28528,0,1790877503747862700
airtel,tx-009262,user1262,user1590,49151,0,1790877503755862700
mvola,tx-009263,user1263,user0279,46095,0,1790877503763862700
orange,tx-009264,user1264,user1916,23569,0,1790877503771862700
airtel,tx-009265,user1265,user0457,12168,0,1790877503779862700
mvola,tx-009266,user1266,user0477,10677,0,1790877503787862700
orange,tx-009267,user1267,user0514,12489,0,1790877503795862700
airtel,tx-009268,user1268,user0317,36705,0,1790877503803862700
mvola,tx-009269,user1269,user1338,18530,0,1790877503811862700
orange,tx-009270,user1270,user1336,36541,0,1790877503819862700
airtel,tx-009271,user1271,user1595,49399,0,1790877503827862700
mvola,tx-009272,user1272,user1985,22333,0,1790877503835862700
orange,tx-009273,user1273,user1575,10623,0,1790877503843862700
airtel,tx-009274,user1274,user1795,19961,0,1790877503851862700
mvola,tx-009275,user1275,user1513,14081,0,1790877503859862700
orange,tx-009276,user1276,user1183,11189,0,1790877503867862700
airtel,tx-009277,user1277,user0007,12321,0,1790877503875862700
mvola,tx-009278,user1278,user1457,40097,0,1790877503883862700
orange,tx-009279,user1279,user0050,43068,0,1790877503891862700
airtel,tx-009280,user1280,user0691,30201,0,1790877503899862700
mvola,tx-009281,user1281,user0404,10834,0,1790877503907862700
orange,tx-009282,user1282,user0501,21014,0,1790877503915862700
airtel,tx-009283,user1283,user0182,14139,0,1790877503923862700
mvola,tx-009284,user1284,user1103,47160,0,1790877503931862700
orange,tx-009285,user1285,user1762,29503,0,1790877503939862700
airtel,tx-009286,user1286,user0912,13934,0,1790877503947862700
mvola,tx-009287,user1287,user0565,23136,0,1790877503955862700
orange,tx-009288,user1288,user0194,5839,0,1790877503963862700
airtel,tx-009289,user1289,user1100,15652,0,1790877503971862700
mvola,tx-009290,user1290,user0227,10602,0,1790877503979862700
orange,tx-009291,user1291,user0616,16027,0,1790877503987862700
airtel,tx-009292,user1292,user0731,22460,0,1790877503995862700
mvola,tx-009293,user1293,user0487,19650,0,1790877504003862700
orange,tx-009294,user1294,user1623,39795,0,1790877504011862700
airtel,tx-009295,user1295,user0938,47533,0,1790877504019862700
mvola,tx-009296,user1296,user1184,29995,0,1790877504027862700
orange,tx-009297,user1297,user0944,8727,0,1790877504035862700
airtel,tx-009298,user1298,user0357,5917,0,1790877504043862700
mvola,tx-009299,user1299,user1313,37125,0,1790877504051862700
orange,tx-009300,user1300,user0237,33381,0,1790877504059862700
airtel,tx-009301,user1301,user0926,43630,0,1790877504067862700
mvola,tx-009302,user1302,user1183,31424,0,1790877504075862700
orange,tx-009303,user1303,user0684,28959,0,1790877504083862700
airtel,tx-009304,user1304,user0129,21062,0,1790877504091862700
mvola,tx-009305,user1305,user0055,43933,0,1790877504099862700
orange,tx-009306,user1306,user0648,19183,0,1790877504107862700
airtel,tx-009307,user1307,user0213,46976,0,1790877504115862700
mvola,tx-009308,user1308,user0730,26454,0,1790877504123862700
orange,tx-009309,user1309,user0058,49073,0,1790877504131862700
airtel,tx-009310,user1310,user0634,18670,0,1790877504139862700
mvola,tx-009311,user1311,user0246,11045,0,1790877504147862700
orange,tx-009312,user1312,user0380,46599,0,1790877504155862700
airtel,tx-009313,user1313,user0035,6435,0,1790877504163862700
mvola,tx-009314,user1314,user1254,37787,0,1790877504171862700
orange,tx-009315,user1315,user0216,33896,0,1790877504179862700
airtel,tx-009316,user1316,user0045,10607,0,1790877504187862700
mvola,tx-009317,user1317,user0590,3068,0,1790877504195862700
orange,tx-009318,user1318,user1335,4334,0,1790877504203862700
airtel,tx-009319,user1319,user1080,42726,0,1790877504211862700
mvola,tx-009320,user1320,user1452,25369,0,1790877504219862700
orange,tx-009321,user1321,user1436,40633,0,1790877504227862700
airtel,tx-009322,user1322,user1783,19568,0,1790877504235862700
mvola,tx-009323,user1323,user1924,46364,0,1790877504243862700
orange,tx-009324,user1324,user1786,44286,0,1790877504251862700
airtel,tx-009325,user1325,user0733,43211,0,1790877504259862700
mvola,tx-009326,user1326,user1658,19256,0,1790877504267862700
orange,tx-009327,user1327,user0986,693,0,1790877504275862700
airtel,tx-009328,user1328,user1362,36495,0,1790877504283862700
mvola,tx-009329,user1329,user0850,41010,0,1790877504291862700
orange,tx-009330,user1330,user1122,44445,0,1790877504299862700
airtel,tx-009331,user1331,user0863,38831,0,1790877504307862700
mvola,tx-009332,user1332,user1969,48077,0,1790877504315862700
orange,tx-009333,user1333,user0913,34649,0,1790877504323862700
airtel,tx-009334,user1334,user1650,19340,0,1790877504331862700
mvola,tx-009335,user1335,user0661,16969,0,1790877504339862700
orange,tx-009336,user1336,user1476,2873,0,1790877504347862700
airtel,tx-009337,user1337,user1686,43501,0,1790877504355862700
mvola,tx-009338,user1338,user0884,22223,0,1790877504363862700
orange,tx-009339,user1339,user1278,35234,0,1790877504371862700
airtel,tx-009340,user1340,user1156,45049,0,1790877504379862700
mvola,tx-009341,user1341,user1253,29880,0,1790877504387862700
orange,tx-009342,user1342,user0686,1009,0,1790877504395862700
airtel,tx-009343,user1343,user1694,17321,0,1790877504403862700
mvola,tx-009344,user1344,user0929,8829,0,1790877504411862700
orange,tx-009345,user1345,user0766,3936,0,1790877504419862700
airtel,tx-009346,user1346,user1782,17705,0,1790877504427862700
mvola,tx-009347,user1347,user1559,49185,0,1790877504435862700
orange,tx-009348,user1348,user0312,6959,0,1790877504443862700
airtel,tx-009349,user1349,user0969,30101,0,1790877504451862700
mvola,tx-009350,user1350,user1409,34290,0,1790877504459862700
orange,tx-009351,user1351,user1282,3057,0,1790877504467862700
airtel,tx-009352,user1352,user1853,28770,0,1790877504475862700
mvola,tx-009353,user1353,user1677,9990,0,1790877504483862700
orange,tx-009354,user1354,user1105,14026,0,1790877504491862700
airtel,tx-009355,user1355,user0948,27839,0,1790877504499862700
mvola,tx-009356,user1356,user0589,19130,0,1790877504507862700
orange,tx-009357,user1357,user1643,7212,0,1790877504515862700
airtel,tx-009358,user1358,user1415,39506,0,1790877504523862700
mvola,tx-009359,user1359,user1625,4595,0,1790877504531862700
orange,tx-009360,user1360,user1450,28229,0,1790877504539862700
airtel,tx-009361,user1361,user1288,4707,0,1790877504547862700
mvola,tx-009362,user1362,user0614,14733,0,1790877504555862700
orange,tx-009363,user1363,user0157,3406,0,1790877504563862700
airtel,tx-009364,user1364,user1633,4319,0,1790877504571862700
mvola,tx-009365,user1365,user1057,8722,0,1790877504579862700
orange,tx-009366,user1366,user0836,40822,0,1790877504587862700
airtel,tx-009367,user1367,user0905,46138,0,1790877504595862700
mvola,tx-009368,user1368,user1778,29568,0,1790877504603862700
orange,tx-009369,user1369,user1986,3737,0,1790877504611862700
airtel,tx-009370,user1370,user1774,49903,0,1790877504619862700
mvola,tx-009371,user1371,user1714,33325,0,1790877504627862700
orange,tx-009372,user1372,user0192,14082,0,1790877504635862700
airtel,tx-009373,user1373,user1974,8383,0,1790877504643862700
mvola,tx-009374,user1374,user0478,28044,0,1790877504651862700
orange,tx-009375,user1375,user0574,46713,0,1790877504659862700
airtel,tx-009376,user1376,user0191,14035,0,1790877504667862700
mvola,tx-009377,user1377,user0490,5515,0,1790877504675862700
orange,tx-009378,user1378,user1421,40739,0,1790877504683862700
airtel,tx-009379,user1379,user1831,42070,0,1790877504691862700
mvola,tx-009380,user1380,user0732,19911,0,1790877504699862700
orange,tx-009381,user1381,user0038,21452,0,1790877504707862700
airtel,tx-009382,user1382,user1412,17908,0,1790877504715862700
mvola,tx-009383,user1383,user0742,11696,0,1790877504723862700
orange,tx-009384,user1384,user1347,6881,0,1790877504731862700
airtel,tx-009385,user1385,user1552,17643,0,1790877504739862700
mvola,tx-009386,user1386,user1191,33247,0,1790877504747862700
orange,tx-009387,user1387,user1308,38796,0,1790877504755862700
airtel,tx-009388,user1388,user0982,45784,0,1790877504763862700
mvola,tx-009389,user1389,user0014,39298,0,1790877504771862700
orange,tx-009390,user1390,user1012,21409,0,1790877504779862700
airtel,tx-009391,user1391,user0978,36396,0,1790877504787862700
mvola,tx-009392,user1392,user0448,17128,0,1790877504795862700
orange,tx-009393,user1393,user0628,22502,0,1790877504803862700
airtel,tx-009394,user1394,user1453,33219,0,1790877504811862700
mvola,tx-009395,user1395,user1562,35654,0,1790877504819862700
orange,tx-009396,user1396,user0239,7618,0,1790877504827862700
airtel,tx-009397,user1397,user0988,23159,0,1790877504835862700
mvola,tx-009398,user1398,user0758,41743,0,1790877504843862700
orange,tx-009399,user1399,user0441,25375,0,1790877504851862700
airtel,tx-009400,user1400,user1138,46887,0,1790877504859862700
mvola,tx-009401,user1401,user1326,28770,0,1790877504867862700
orange,tx-009402,user1402,user1757,19129,0,1790877504875862700
airtel,tx-009403,user1403,user0428,33314,0,1790877504883862700
mvola,tx-009404,user1404,user0314,8023,0,1790877504891862700
orange,tx-009405,user1405,user1714,21022,0,1790877504899862700
airtel,tx-009406,user1406,user1210,45604,0,1790877504907862700
mvola,tx-009407,user1407,user1187,49588,0,1790877504915862700
orange,tx-009408,user1408,user1169,45505,0,1790877504923862700
airtel,tx-009409,user1409,user0212,40865,0,1790877504931862700
mvola,tx-009410,user1410,user0556,31781,0,1790877504939862700
orange,tx-009411,user1411,user1283,44253,0,1790877504947862700
airtel,tx-009412,user1412,user0218,988,0,1790877504955862700
mvola,tx-009413,user1413,user1674,5449,0,1790877504963862700
orange,tx-009414,user1414,user1889,20174,0,1790877504971862700
airtel,tx-009415,user1415,user1620,1441,0,1790877504979862700
mvola,tx-009416,user1416,user0793,119,0,1790877504987862700
orange,tx-009417,user1417,user1232,40022,0,1790877504995862700
airtel,tx-009418,user1418,user1888,362,0,1790877505003862700
mvola,tx-009419,user1419,user0692,35939,0,1790877505011862700
orange,tx-009420,user1420,user1502,28659,0,1790877505019862700
airtel,tx-009421,user1421,user0815,23349,0,1790877505027862700
mvola,tx-009422,user1422,user0773,8784,0,1790877505035862700
orange,tx-009423,user1423,user1798,48502,0,1790877505043862700
airtel,tx-009424,user1424,user1484,23383,0,1790877505051862700
mvola,tx-009425,user1425,user0426,9888,0,1790877505059862700
orange,tx-009426,user1426,user1033,9808,0,1790877505067862700
airtel,tx-009427,user1427,user0318,41975,0,1790877505075862700
mvola,tx-009428,user1428,user1915,3901,0,1790877505083862700
orange,tx-009429,user1429,user1147,34604,0,1790877505091862700
airtel,tx-009430,user1430,user1467,22948,0,1790877505099862700
mvola,tx-009431,user1431,user0090,12262,0,1790877505107862700
orange,tx-009432,user1432,user0827,43309,0,1790877505115862700
airtel,tx-009433,user1433,user1933,43769,0,1790877505123862700
mvola,tx-009434,user1434,user0380,30779,0,1790877505131862700
orange,tx-009435,user1435,user1327,7272,0,1790877505139862700
airtel,tx-009436,user1436,user0642,21333,0,1790877505147862700
mvola,tx-009437,user1437,user1406,5582,0,1790877505155862700
orange,tx-009438,user1438,user0596,44588,0,1790877505163862700
airtel,tx-009439,user1439,user1789,48862,0,1790877505171862700
mvola,tx-009440,user1440,user0196,26429,0,1790877505179862700
orange,tx-009441,user1441,user0101,39687,0,1790877505187862700
airtel,tx-009442,user1442,user0470,9451,0,1790877505195862700
mvola,tx-009443,user1443,user1043,47997,0,1790877505203862700
orange,tx-009444,user1444,user0524,33255,0,1790877505211862700
airtel,tx-009445,user1445,user0100,28671,0,1790877505219862700
mvola,tx-009446,user1446,user1221,30494,0,1790877505227862700
orange,tx-009447,user1447,user0566,36135,0,1790877505235862700
airtel,tx-009448,user1448,user1147,14876,0,1790877505243862700
mvola,tx-009449,user1449,user1033,9272,0,1790877505251862700
orange,tx-009450,user1450,user1626,5774,0,1790877505259862700
airtel,tx-009451,user1451,user1806,15367,0,1790877505267862700
mvola,tx-009452,user1452,user0707,9249,0,1790877505275862700
orange,tx-009453,user1453,user0072,12104,0,1790877505283862700
airtel,tx-009454,user1454,user1446,3027,0,1790877505291862700
mvola,tx-009455,user1455,user0966,1942,0,1790877505299862700
orange,tx-009456,user1456,user0601,1806,0,1790877505307862700
airtel,tx-009457,user1457,user0306,20076,0,1790877505315862700
mvola,tx-009458,user1458,user1045,39104,0,1790877505323862700
orange,tx-009459,user1459,user0436,6356,0,1790877505331862700
airtel,tx-009460,user1460,user1658,42665,0,1790877505339862700
mvola,tx-009461,user1461,user1867,5577,0,1790877505347862700
orange,tx-009462,user1462,user1830,20650,0,1790877505355862700
airtel,tx-009463,user1463,user0425,43294,0,1790877505363862700
mvola,tx-009464,user1464,user0876,39367,0,1790877505371862700
orange,tx-009465,user1465,user0849,15658,0,1790877505379862700
airtel,tx-009466,user1466,user0551,20923,0,1790877505387862700
mvola,tx-009467,user1467,user1493,45966,0,1790877505395862700
orange,tx-009468,user1468,user0443,852,0,1790877505403862700
airtel,tx-009469,user1469,user0504,44868,0,1790877505411862700
mvola,tx-009470,user1470,user1624,4728,0,1790877505419862700
orange,tx-009471,user1471,user1641,18614,0,1790877505427862700
airtel,tx-009472,user1472,user1463,38119,0,1790877505435862700
mvola,tx-009473,user1473,user1877,29134,0,1790877505443862700
orange,tx-009474,user1474,user1133,22389,0,1790877505451862700
airtel,tx-009475,user1475,user1859,6650,0,1790877505459862700
mvola,tx-009476,user1476,user0726,24519,0,1790877505467862700
orange,tx-009477,user1477,user0182,9832,0,1790877505475862700
airtel,tx-009478,user1478,user0446,29791,0,1790877505483862700
mvola,tx-009479,user1479,user0159,7061,0,1790877505491862700
orange,tx-009480,user1480,user1381,32808,0,1790877505499862700
airtel,tx-009481,user1481,user1840,31237,0,1790877505507862700
mvola,tx-009482,user1482,user0464,13688,0,1790877505515862700
orange,tx-009483,user1483,user0436,18641,0,1790877505523862700
airtel,tx-009484,user1484,user0385,475,0,1790877505531862700
mvola,tx-009485,user1485,user1858,2811,0,1790877505539862700
orange,tx-009486,user1486,user1490,43130,0,1790877505547862700
airtel,tx-009487,user1487,user0581,29078,0,1790877505555862700
mvola,tx-009488,user1488,user0540,22386,0,1790877505563862700
orange,tx-009489,user1489,user0497,9842,0,1790877505571862700
airtel,tx-009490,user1490,user1167,17178,0,1790877505579862700
mvola,tx-009491,user1491,user0256,8114,0,1790877505587862700
orange,tx-009492,user1492,user1468,1118,0,1790877505595862700
airtel,tx-009493,user1493,user0497,20425,0,1790877505603862700
mvola,tx-009494,user1494,user1762,28210,0,1790877505611862700
orange,tx-009495,user1495,user0164,37335,0,1790877505619862700
airtel,tx-009496,user1496,user0730,35884,0,1790877505627862700
mvola,tx-009497,user1497,user1331,11356,0,1790877505635862700
orange,tx-009498,user1498,user0641,27223,0,1790877505643862700
airtel,tx-009499,user1499,user0528,26698,0,1790877505651862700
mvola,tx-009500,user1500,user0362,4804,0,1790877505659862700
orange,tx-009501,user1501,user0573,36755,0,1790877505667862700
airtel,tx-009502,user1502,user0191,27254,0,1790877505675862700
mvola,tx-009503,user1503,user0145,9428,0,1790877505683862700
orange,tx-009504,user1504,user1970,2279,0,1790877505691862700
airtel,tx-009505,user1505,user1129,45171,0,1790877505699862700
mvola,tx-009506,user1506,user0434,45227,0,1790877505707862700
orange,tx-009507,user1507,user1944,47634,0,1790877505715862700
airtel,tx-009508,user1508,user1705,29211,0,1790877505723862700
mvola,tx-009509,user1509,user0296,34609,0,1790877505731862700
orange,tx-009510,user1510,user1116,37068,0,1790877505739862700
airtel,tx-009511,user1511,user1221,48287,0,1790877505747862700
mvola,tx-009512,user1512,user0793,31029,0,1790877505755862700
orange,tx-009513,user1513,user0240,13253,0,1790877505763862700
airtel,tx-009514,user1514,user1832,28189,0,1790877505771862700
mvola,tx-009515,user1515,user1123,24947,0,1790877505779862700
orange,tx-009516,user1516,user1317,19371,0,1790877505787862700
airtel,tx-009517,user1517,user0354,21402,0,1790877505795862700
mvola,tx-009518,user1518,user1768,1334,0,1790877505803862700
orange,tx-009519,user1519,user0874,33905,0,1790877505811862700
airtel,tx-009520,user1520,user0406,41449,0,1790877505819862700
mvola,tx-009521,user1521,user1550,23555,0,1790877505827862700
orange,tx-009522,user1522,user0199,40778,0,1790877505835862700
airtel,tx-009523,user1523,user0480,4857,0,1790877505843862700
mvola,tx-009524,user1524,user1006,308,0,1790877505851862700
orange,tx-009525,user1525,user1562,20517,0,1790877505859862700
airtel,tx-009526,user1526,user0816,48937,0,1790877505867862700
mvola,tx-009527,user1527,user1827,43692,0,1790877505875862700
orange,tx-009528,user1528,user0525,15666,0,1790877505883862700
airtel,tx-009529,user1529,user0465,45297,0,1790877505891862700
mvola,tx-009530,user1530,user1495,19395,0,1790877505899862700
orange,tx-009531,user1531,user1978,32020,0,1790877505907862700
airtel,tx-009532,user1532,user1649,17933,0,1790877505915862700
mvola,tx-009533,user1533,user1928,22887,0,1790877505923862700
orange,tx-009534,user1534,user0942,18668,0,1790877505931862700
airtel,tx-009535,user1535,user1306,43086,0,1790877505939862700
mvola,tx-009536,user1536,user1671,41899,0,1790877505947862700
orange,tx-009537,user1537,user0248,30474,0,1790877505955862700
airtel,tx-009538,user1538,user0344,19914,0,1790877505963862700
mvola,tx-009539,user1539,user0367,46377,0,1790877505971862700
orange,tx-009540,user1540,user0803,13128,0,1790877505979862700
airtel,tx-009541,user1541,user0379,19054,0,1790877505987862700
mvola,tx-009542,user1542,user1416,14397,0,1790877505995862700
orange,tx-009543,user1543,user0200,35784,0,1790877506003862700
airtel,tx-009544,user1544,user1929,31941,0,1790877506011862700
mvola,tx-009545,user1545,user1793,8339,0,1790877506019862700
orange,tx-009546,user1546,user0807,40735,0,1790877506027862700
airtel,tx-009547,user1547,user0460,13323,0,1790877506035862700
mvola,tx-009548,user1548,user0843,16986,0,1790877506043862700
orange,tx-009549,user1549,user0302,18003,0,1790877506051862700
airtel,tx-009550,user1550,user0156,9132,0,1790877506059862700
mvola,tx-009551,user1551,user0515,39642,0,1790877506067862700
orange,tx-009552,user1552,user0850,16380,0,1790877506075862700
airtel,tx-009553,user1553,user1771,48931,0,1790877506083862700
mvola,tx-009554,user1554,user1281,24258,0,1790877506091862700
orange,tx-009555,user1555,user0552,5755,0,1790877506099862700
airtel,tx-009556,user1556,user1248,23254,0,1790877506107862700
mvola,tx-009557,user1557,user1980,26542,0,1790877506115862700
orange,tx-009558,user1558,user1025,8765,0,1790877506123862700
airtel,tx-009559,user1559,user1150,27368,0,1790877506131862700
mvola,tx-009560,user1560,user1382,47529,0,1790877506139862700
orange,tx-009561,user1561,user0213,31225,0,1790877506147862700
airtel,tx-009562,user1562,user0525,1865,0,1790877506155862700
mvola,tx-009563,user1563,user1602,39602,0,1790877506163862700
orange,tx-009564,user1564,user1129,17789,0,1790877506171862700
airtel,tx-009565,user1565,user1708,24730,0,1790877506179862700
mvola,tx-009566,user1566,user1743,22890,0,1790877506187862700
orange,tx-009567,user1567,user0784,4899,0,1790877506195862700
airtel,tx-009568,user1568,user0078,34058,0,1790877506203862700
mvola,tx-009569,user1569,user1999,41737,0,1790877506211862700
orange,tx-009570,user1570,user1668,35862,0,1790877506219862700
airtel,tx-009571,user1571,user1778,44246,0,1790877506227862700
mvola,tx-009572,user1572,user1216,5445,0,1790877506235862700
orange,tx-009573,user1573,user1623,41680,0,1790877506243862700
airtel,tx-009574,user1574,user1588,42695,0,1790877506251862700
mvola,tx-009575,user1575,user1848,27891,0,1790877506259862700
orange,tx-009576,user1576,user1052,43875,0,1790877506267862700
airtel,tx-009577,user1577,user0448,15124,0,1790877506275862700
mvola,tx-009578,user1578,user0984,11396,0,1790877506283862700
orange,tx-009579,user1579,user1987,24936,0,1790877506291862700
airtel,tx-009580,user1580,user1576,24726,0,1790877506299862700
mvola,tx-009581,user1581,user0720,21283,0,1790877506307862700
orange,tx-009582,user1582,user0115,46310,0,1790877506315862700
airtel,tx-009583,user1583,user0537,21672,0,1790877506323862700
mvola,tx-009584,user1584,user0111,44510,0,1790877506331862700
orange,tx-009585,user1585,user1639,41651,0,1790877506339862700
airtel,tx-009586,user1586,user0413,45134,0,1790877506347862700
mvola,tx-009587,user1587,user1380,26808,0,1790877506355862700
orange,tx-009588,user1588,user1305,26562,0,1790877506363862700
airtel,tx-009589,user1589,user1490,12770,0,1790877506371862700
mvola,tx-009590,user1590,user0915,49985,0,1790877506379862700
orange,tx-009591,user1591,user0682,9712,0,1790877506387862700
airtel,tx-009592,user1592,user1958,28661,0,1790877506395862700
mvola,tx-009593,user1593,user1931,39702,0,1790877506403862700
orange,tx-009594,user1594,user1232,5585,0,1790877506411862700
airtel,tx-009595,user1595,user0969,6614,0,1790877506419862700
mvola,tx-009596,user1596,user0768,34719,0,1790877506427862700
orange,tx-009597,user1597,user1125,44946,0,1790877506435862700
airtel,tx-009598,user1598,user1483,44990,0,1790877506443862700
mvola,tx-009599,user1599,user1089,29168,0,1790877506451862700
orange,tx-009600,user1600,user0046,5709,0,1790877506459862700
airtel,tx-009601,user1601,user1927,21672,0,1790877506467862700
mvola,tx-009602,user1602,user0500,3859,0,1790877506475862700
orange,tx-009603,user1603,user0747,7364,0,1790877506483862700
airtel,tx-009604,user1604,user0734,42983,0,1790877506491862700
mvola,tx-009605,user1605,user1792,44622,0,1790877506499862700
orange,tx-009606,user1606,user0639,11087,0,1790877506507862700
airtel,tx-009607,user1607,user0677,8208,0,1790877506515862700
mvola,tx-009608,user1608,user1105,41670,0,1790877506523862700
orange,tx-009609,user1609,user1217,20570,0,1790877506531862700
airtel,tx-009610,user1610,user0117,4926,0,1790877506539862700
mvola,tx-009611,user1611,user0156,9799,0,1790877506547862700
orange,tx-009612,user1612,user1144,15589,0,1790877506555862700
airtel,tx-009613,user1613,user1603,41284,0,1790877506563862700
mvola,tx-009614,user1614,user1037,30868,0,1790877506571862700
orange,tx-009615,user1615,user1912,8344,0,1790877506579862700
airtel,tx-009616,user1616,user1895,35340,0,1790877506587862700
mvola,tx-009617,user1617,user0525,40969,0,1790877506595862700
orange,tx-009618,user1618,user0984,48295,0,1790877506603862700
airtel,tx-009619,user1619,user0601,3980,0,1790877506611862700
mvola,tx-009620,user1620,user0096,10481,0,1790877506619862700
orange,tx-009621,user1621,user1498,47075,0,1790877506627862700
airtel,tx-009622,user1622,user0557,3545,0,1790877506635862700
mvola,tx-009623,user1623,user1547,23022,0,1790877506643862700
orange,tx-009624,user1624,user1772,11733,0,1790877506651862700
airtel,tx-009625,user1625,user0863,8829,0,1790877506659862700
mvola,tx-009626,user1626,user0895,39281,0,1790877506667862700
orange,tx-009627,user1627,user0301,46844,0,1790877506675862700
airtel,tx-009628,user1628,user1530,5943,0,1790877506683862700
mvola,tx-009629,user1629,user0281,26501,0,1790877506691862700
orange,tx-009630,user1630,user1256,39607,0,1790877506699862700
airtel,tx-009631,user1631,user1083,24301,0,1790877506707862700
mvola,tx-009632,user1632,user0446,1379,0,1790877506715862700
orange,tx-009633,user1633,user1401,29932,0,1790877506723862700
airtel,tx-009634,user1634,user0806,12153,0,1790877506731862700
mvola,tx-009635,user1635,user0928,41104,0,1790877506739862700
orange,tx-009636,user1636,user1453,22950,0,1790877506747862700
airtel,tx-009637,user1637,user1748,19676,0,1790877506755862700
mvola,tx-009638,user1638,user1524,2823,0,1790877506763862700
orange,tx-009639,user1639,user0853,21053,0,1790877506771862700
airtel,tx-009640,user1640,user1281,3721,0,1790877506779862700
mvola,tx-009641,user1641,user0395,38057,0,1790877506787862700
orange,tx-009642,user1642,user1962,1213,0,1790877506795862700
airtel,tx-009643,user1643,user1135,21065,0,1790877506803862700
mvola,tx-009644,user1644,user0991,34100,0,1790877506811862700
orange,tx-009645,user1645,user1071,8859,0,1790877506819862700
airtel,tx-009646,user1646,user0090,3934,0,1790877506827862700
mvola,tx-009647,user1647,user0468,12262,0,1790877506835862700
orange,tx-009648,user1648,user1717,7503,0,1790877506843862700
airtel,tx-009649,user1649,user1411,49811,0,1790877506851862700
mvola,tx-009650,user1650,user1727,34975,0,1790877506859862700
orange,tx-009651,user1651,user1858,22392,0,1790877506867862700
airtel,tx-009652,user1652,user0225,15388,0,1790877506875862700
mvola,tx-009653,user1653,user0344,886,0,1790877506883862700
orange,tx-009654,user1654,user0743,35564,0,1790877506891862700
airtel,tx-009655,user1655,user0028,22703,0,1790877506899862700
mvola,tx-009656,user1656,user1292,3179,0,1790877506907862700
orange,tx-009657,user1657,user1681,8783,0,1790877506915862700
airtel,tx-009658,user1658,user0517,49555,0,1790877506923862700
mvola,tx-009659,user1659,user1087,16048,0,1790877506931862700
orange,tx-009660,user1660,user1520,49269,0,1790877506939862700
airtel,tx-009661,user1661,user0824,31450,0,1790877506947862700
mvola,tx-009662,user1662,user1732,8978,0,1790877506955862700
orange,tx-009663,user1663,user1022,43693,0,1790877506963862700
airtel,tx-009664,user1664,user0173,32130,0,1790877506971862700
mvola,tx-009665,user1665,user0930,22413,0,1790877506979862700
orange,tx-009666,user1666,user1854,32632,0,1790877506987862700
airtel,tx-009667,user1667,user0839,32852,0,1790877506995862700
mvola,tx-009668,user1668,user0855,16812,0,1790877507003862700
orange,tx-009669,user1669,user0109,26759,0,1790877507011862700
airtel,tx-009670,user1670,user0006,48365,0,1790877507019862700
mvola,tx-009671,user1671,user0154,14948,0,1790877507027862700
orange,tx-009672,user1672,user1537,24136,0,1790877507035862700
airtel,tx-009673,user1673,user1878,24858,0,1790877507043862700
mvola,tx-009674,user1674,user1140,33623,0,1790877507051862700
orange,tx-009675,user1675,user0259,44210,0,1790877507059862700
airtel,tx-009676,user1676,user1712,43412,0,1790877507067862700
mvola,tx-009677,user1677,user1099,6578,0,1790877507075862700
orange,tx-009678,user1678,user1611,16658,0,1790877507083862700
airtel,tx-009679,user1679,user0272,11942,0,1790877507091862700
mvola,tx-009680,user1680,user0757,28043,0,1790877507099862700
orange,tx-009681,user1681,user1478,10772,0,1790877507107862700
airtel,tx-009682,user1682,user0158,5614,0,1790877507115862700
mvola,tx-009683,user1683,user0286,36538,0,1790877507123862700
orange,tx-009684,user1684,user0539,5992,0,1790877507131862700
airtel,tx-009685,user1685,user0312,20882,0,1790877507139862700
mvola,tx-009686,user1686,user0380,7415,0,1790877507147862700
orange,tx-009687,user1687,user0523,18850,0,1790877507155862700
airtel,tx-009688,user1688,user0175,34063,0,1790877507163862700
mvola,tx-009689,user1689,user0831,47903,0,1790877507171862700
orange,tx-009690,user1690,user0507,26015,0,1790877507179862700
airtel,tx-009691,user1691,user0092,7090,0,1790877507187862700
mvola,tx-009692,user1692,user0604,31034,0,1790877507195862700
orange,tx-009693,user1693,user0652,47014,0,1790877507203862700
airtel,tx-009694,user1694,user1813,35293,0,1790877507211862700
mvola,tx-009695,user1695,user0349,12604,0,1790877507219862700
orange,tx-009696,user1696,user0132,45851,0,1790877507227862700
airtel,tx-009697,user1697,user1996,28611,0,1790877507235862700
mvola,tx-009698,user1698,user1272,34619,0,1790877507243862700
orange,tx-009699,user1699,user0120,46639,0,1790877507251862700
airtel,tx-009700,user1700,user0648,44041,0,1790877507259862700
mvola,tx-009701,user1701,user1226,6370,0,1790877507267862700
orange,tx-009702,user1702,user0665,19966,0,1790877507275862700
airtel,tx-009703,user1703,user0986,40137,0,1790877507283862700
mvola,tx-009704,user1704,user1729,2075,0,1790877507291862700
orange,tx-009705,user1705,user0618,37904,0,1790877507299862700
airtel,tx-009706,user1706,user1977,36908,0,1790877507307862700
mvola,tx-009707,user1707,user0070,41797,0,1790877507315862700
orange,tx-009708,user1708,user1519,1344,0,1790877507323862700
airtel,tx-009709,user1709,user0937,28283,0,1790877507331862700
mvola,tx-009710,user1710,user1183,33333,0,1790877507339862700
orange,tx-009711,user1711,user0749,19928,0,1790877507347862700
airtel,tx-009712,user1712,user1692,41170,0,1790877507355862700
mvola,tx-009713,user1713,user1805,13916,0,1790877507363862700
orange,tx-009714,user1714,user0402,2657,0,1790877507371862700
airtel,tx-009715,user1715,user1124,37820,0,1790877507379862700
mvola,tx-009716,user1716,user0328,26558,0,1790877507387862700
orange,tx-009717,user1717,user0858,2702,0,1790877507395862700
airtel,tx-009718,user1718,user1952,5310,0,1790877507403862700
mvola,tx-009719,user1719,user0491,8436,0,1790877507411862700
orange,tx-009720,user1720,user1432,23382,0,1790877507419862700
airtel,tx-009721,user1721,user1365,45295,0,1790877507427862700
mvola,tx-009722,user1722,user1626,42627,0,1790877507435862700
orange,tx-009723,user1723,user0968,33606,0,1790877507443862700
airtel,tx-009724,user1724,user0863,37682,0,1790877507451862700
mvola,tx-009725,user1725,user1507,31272,0,1790877507459862700
orange,tx-009726,user1726,user0239,5064,0,1790877507467862700
airtel,tx-009727,user1727,user1547,10014,0,1790877507475862700
mvola,tx-009728,user1728,user0602,44619,0,1790877507483862700
orange,tx-009729,user1729,user0811,32837,0,1790877507491862700
airtel,tx-009730,user1730,user0313,2416,0,1790877507499862700
mvola,tx-009731,user1731,user1816,2002,0,1790877507507862700
orange,tx-009732,user1732,user1024,15937,0,1790877507515862700
airtel,tx-009733,user1733,user0894,19416,0,1790877507523862700
mvola,tx-009734,user1734,user0805,12244,0,1790877507531862700
orange,tx-009735,user1735,user0478,35925,0,1790877507539862700
airtel,tx-009736,user1736,user0531,37269,0,1790877507547862700
mvola,tx-009737,user1737,user0952,41580,0,1790877507555862700
orange,tx-009738,user1738,user1432,3760,0,1790877507563862700
airtel,tx-009739,user1739,user0349,38828,0,1790877507571862700
mvola,tx-009740,user1740,user0565,25490,0,1790877507579862700
orange,tx-009741,user1741,user1410,31441,0,1790877507587862700
airtel,tx-009742,user1742,user1701,21341,0,1790877507595862700
mvola,tx-009743,user1743,user1589,18029,0,1790877507603862700
orange,tx-009744,user1744,user1609,47374,0,1790877507611862700
airtel,tx-009745,user1745,user1373,35006,0,1790877507619862700
mvola,tx-009746,user1746,user1576,16340,0,1790877507627862700
orange,tx-009747,user1747,user0554,48360,0,1790877507635862700
airtel,tx-009748,user1748,user0413,19981,0,1790877507643862700
mvola,tx-009749,user1749,user1931,21297,0,1790877507651862700
orange,tx-009750,user1750,user0156,34224,0,1790877507659862700
airtel,tx-009751,user1751,user0821,5903,0,1790877507667862700
mvola,tx-009752,user1752,user0412,30359,0,1790877507675862700
orange,tx-009753,user1753,user0843,47529,0,1790877507683862700
airtel,tx-009754,user1754,user1815,14751,0,1790877507691862700
mvola,tx-009755,user1755,user1330,46891,0,1790877507699862700
orange,tx-009756,user1756,user0637,16508,0,1790877507707862700
airtel,tx-009757,user1757,user1802,35769,0,1790877507715862700
mvola,tx-009758,user1758,user0988,6045,0,1790877507723862700
orange,tx-009759,user1759,user0128,5123,0,1790877507731862700
airtel,tx-009760,user1760,user0661,11949,0,1790877507739862700
mvola,tx-009761,user1761,user1833,3030,0,1790877507747862700
orange,tx-009762,user1762,user0690,6008,0,1790877507755862700
airtel,tx-009763,user1763,user1610,19183,0,1790877507763862700
mvola,tx-009764,user1764,user1620,39960,0,1790877507771862700
orange,tx-009765,user1765,user0452,3497,0,1790877507779862700
airtel,tx-009766,user1766,user1801,4211,0,1790877507787862700
mvola,tx-009767,user1767,user1968,38181,0,1790877507795862700
orange,tx-009768,user1768,user1190,21259,0,1790877507803862700
airtel,tx-009769,user1769,user0307,8648,0,1790877507811862700
mvola,tx-009770,user1770,user0820,18304,0,1790877507819862700
orange,tx-009771,user1771,user1708,21500,0,1790877507827862700
airtel,tx-009772,user1772,user0919,48923,0,1790877507835862700
mvola,tx-009773,user1773,user0456,36857,0,1790877507843862700
orange,tx-009774,user1774,user1490,3872,0,1790877507851862700
airtel,tx-009775,user1775,user0724,18865,0,1790877507859862700
mvola,tx-009776,user1776,user1408,48568,0,1790877507867862700
orange,tx-009777,user1777,user0898,1510,0,1790877507875862700
airtel,tx-009778,user1778,user0016,23128,0,1790877507883862700
mvola,tx-009779,user1779,user0184,32821,0,1790877507891862700
orange,tx-009780,user1780,user1984,10261,0,1790877507899862700
airtel,tx-009781,user1781,user0702,40426,0,1790877507907862700
mvola,tx-009782,user1782,user1147,5617,0,1790877507915862700
orange,tx-009783,user1783,user0071,39450,0,1790877507923862700
airtel,tx-009784,user1784,user0093,19550,0,1790877507931862700
mvola,tx-009785,user1785,user1699,23958,0,1790877507939862700
orange,tx-009786,user1786,user0817,31675,0,1790877507947862700
airtel,tx-009787,user1787,user1420,46863,0,1790877507955862700
mvola,tx-009788,user1788,user1852,6243,0,1790877507963862700
orange,tx-009789,user1789,user1316,28584,0,1790877507971862700
airtel,tx-009790,user1790,user1142,13135,0,1790877507979862700
mvola,tx-009791,user1791,user0042,6224,0,1790877507987862700
orange,tx-009792,user1792,user1721,18568,0,1790877507995862700
airtel,tx-009793,user1793,user1314,11190,0,1790877508003862700
mvola,tx-009794,user1794,user0470,49949,0,1790877508011862700
orange,tx-009795,user1795,user1518,30174,0,1790877508019862700
airtel,tx-009796,user1796,user0094,43508,0,1790877508027862700
mvola,tx-009797,user1797,user1713,46569,0,1790877508035862700
orange,tx-009798,user1798,user0713,7438,0,1790877508043862700
airtel,tx-009799,user1799,user1829,11549,0,1790877508051862700
mvola,tx-009800,user1800,user1786,41204,0,1790877508059862700
orange,tx-009801,user1801,user0889,4005,0,1790877508067862700
airtel,tx-009802,user1802,user0630,15523,0,1790877508075862700
mvola,tx-009803,user1803,user1709,11783,0,1790877508083862700
orange,tx-009804,user1804,user1667,29654,0,1790877508091862700
airtel,tx-009805,user1805,user0301,23766,15,1790877508099862700
mvola,tx-009806,user1806,user0779,13141,4,1790877508107862700
orange,tx-009807,user1807,user0667,49468,8,1790877508115862700
airtel,tx-009808,user1808,user1209,13221,16,1790877508123862700
mvola,tx-009809,user1809,user0317,42062,22,1790877508131862700
orange,tx-009810,user1810,user1199,4662,11,1790877508139862700
airtel,tx-009811,user1811,user1185,2520,47,1790877508147862700
mvola,tx-009812,user1812,user1149,47008,16,1790877508155862700
orange,tx-009813,user1813,user1663,47336,14,1790877508163862700
airtel,tx-009814,user1814,user0362,29027,34,1790877508171862700
mvola,tx-009815,user1815,user0894,34555,48,1790877508179862700
orange,tx-009816,user1816,user0872,15935,33,1790877508187862700
airtel,tx-009817,user1817,user0930,49253,1,1790877508195862700
mvola,tx-009818,user1818,user1781,28392,27,1790877508203862700
orange,tx-009819,user1819,user0987,47007,23,1790877508211862700
airtel,tx-009820,user1820,user1303,10249,49,1790877508219862700
mvola,tx-009821,user1821,user1820,40164,3,1790877508227862700
orange,tx-009822,user1822,user0870,1442,44,1790877508235862700
airtel,tx-009823,user1823,user0598,33825,49,1790877508243862700
mvola,tx-009824,user1824,user1291,44217,42,1790877508251862700
orange,tx-009825,user1825,user0122,9227,24,1790877508259862700
airtel,tx-009826,user1826,user1438,18452,28,1790877508267862700
mvola,tx-009827,user1827,user0323,29165,3,1790877508275862700
orange,tx-009828,user1828,user1250,42680,9,1790877508283862700
airtel,tx-009829,user1829,user0962,19958,20,1790877508291862700
mvola,tx-009830,user1830,user1478,12737,48,1790877508299862700
orange,tx-009831,user1831,user0251,6175,50,1790877508307862700
airtel,tx-009832,user1832,user1570,22576,4,1790877508315862700
mvola,tx-009833,user1833,user1031,1714,21,1790877508323862700
orange,tx-009834,user1834,user0404,16873,36,1790877508331862700
airtel,tx-009835,user1835,user0862,7932,33,1790877508339862700
mvola,tx-009836,user1836,user1462,6688,19,1790877508347862700
orange,tx-009837,user1837,user1014,19594,36,1790877508355862700
airtel,tx-009838,user1838,user1469,29686,19,1790877508363862700
mvola,tx-009839,user1839,user1555,14325,17,1790877508371862700
orange,tx-009840,user1840,user1735,16857,48,1790877508379862700
airtel,tx-009841,user1841,user0568,37165,13,1790877508387862700
mvola,tx-009842,user1842,user1438,29879,45,1790877508395862700
orange,tx-009843,user1843,user1742,44496,36,1790877508403862700
airtel,tx-009844,user1844,user0444,38065,31,1790877508411862700
mvola,tx-009845,user1845,user1688,14811,5,1790877508419862700
orange,tx-009846,user1846,user1491,11654,16,1790877508427862700
airtel,tx-009847,user1847,user0732,14925,21,1790877508435862700
mvola,tx-009848,user1848,user1043,42965,41,1790877508443862700
orange,tx-009849,user1849,user0908,49554,35,1790877508451862700
airtel,tx-009850,user1850,user1095,20875,31,1790877508459862700
mvola,tx-009851,user1851,user1562,20614,7,1790877508467862700
orange,tx-009852,user1852,user1723,47806,19,1790877508475862700
airtel,tx-009853,user1853,user1351,36152,37,1790877508483862700
mvola,tx-009854,user1854,user0205,6235,50,1790877508491862700
orange,tx-009855,user1855,user0058,8641,1,1790877508499862700
airtel,tx-009856,user1856,user0376,24446,9,1790877508507862700
mvola,tx-009857,user1857,user0131,24523,40,1790877508515862700
orange,tx-009858,user1858,user1508,48882,35,1790877508523862700
airtel,tx-009859,user1859,user0693,48350,49,1790877508531862700
mvola,tx-009860,user1860,user0963,44179,35,1790877508539862700
orange,tx-009861,user1861,user1256,34038,14,1790877508547862700
airtel,tx-009862,user1862,user0406,39266,46,1790877508555862700
mvola,tx-009863,user1863,user0128,11955,32,1790877508563862700
orange,tx-009864,user1864,user1309,48487,19,1790877508571862700
airtel,tx-009865,user1865,user0087,39984,38,1790877508579862700
mvola,tx-009866,user1866,user1316,40805,46,1790877508587862700
orange,tx-009867,user1867,user0012,45393,24,1790877508595862700
airtel,tx-009868,user1868,user0458,36174,29,1790877508603862700
mvola,tx-009869,user1869,user0288,41706,39,1790877508611862700
orange,tx-009870,user1870,user1291,32188,44,1790877508619862700
airtel,tx-009871,user1871,user1118,2980,35,1790877508627862700
mvola,tx-009872,user1872,user0521,1198,9,1790877508635862700
orange,tx-009873,user1873,user0795,6533,35,1790877508643862700
airtel,tx-009874,user1874,user1997,16431,14,1790877508651862700
mvola,tx-009875,user1875,user0168,33416,32,1790877508659862700
orange,tx-009876,user1876,user0891,5257,30,1790877508667862700
airtel,tx-009877,user1877,user1367,22939,38,1790877508675862700
mvola,tx-009878,user1878,user0762,34554,25,1790877508683862700
orange,tx-009879,user1879,user1939,12632,49,1790877508691862700
airtel,tx-009880,user1880,user0562,35652,42,1790877508699862700
mvola,tx-009881,user1881,user1967,18016,43,1790877508707862700
orange,tx-009882,user1882,user0654,41601,19,1790877508715862700
airtel,tx-009883,user1883,user1770,48678,6,1790877508723862700
mvola,tx-009884,user1884,user1570,30976,20,1790877508731862700
orange,tx-009885,user1885,user1873,16317,33,1790877508739862700
airtel,tx-009886,user1886,user1710,31066,43,1790877508747862700
mvola,tx-009887,user1887,user0936,1767,48,1790877508755862700
orange,tx-009888,user1888,user0293,43413,10,1790877508763862700
airtel,tx-009889,user1889,user1049,12104,20,1790877508771862700
mvola,tx-009890,user1890,user0877,7432,29,1790877508779862700
orange,tx-009891,user1891,user1796,20928,41,1790877508787862700
airtel,tx-009892,user1892,user0037,24100,29,1790877508795862700
mvola,tx-009893,user1893,user1695,43528,11,1790877508803862700
orange,tx-009894,user1894,user1585,14771,9,1790877508811862700
airtel,tx-009895,user1895,user1416,2129,33,1790877508819862700
mvola,tx-009896,user1896,user1154,13316,41,1790877508827862700
orange,tx-009897,user1897,user0412,8324,26,1790877508835862700
airtel,tx-009898,user1898,user1033,41483,3,1790877508843862700
mvola,tx-009899,user1899,user0345,5520,31,1790877508851862700
orange,tx-009900,user1900,user1276,36520,16,1790877508859862700
airtel,tx-009901,user1901,user1289,49697,47,1790877508867862700
mvola,tx-009902,user1902,user0040,19714,16,1790877508875862700
orange,tx-009903,user1903,user0912,25713,29,1790877508883862700
airtel,tx-009904,user1904,user1408,47684,42,1790877508891862700
mvola,tx-009905,user1905,user0940,29897,23,1790877508899862700
orange,tx-009906,user1906,user0659,2197,45,1790877508907862700
airtel,tx-009907,user1907,user0901,3673,39,1790877508915862700
mvola,tx-009908,user1908,user1366,6290,43,1790877508923862700
orange,tx-009909,user1909,user0651,44419,34,1790877508931862700
airtel,tx-009910,user1910,user0408,44519,12,1790877508939862700
mvola,tx-009911,user1911,user0479,10169,2,1790877508947862700
orange,tx-009912,user1912,user0613,41107,38,1790877508955862700
airtel,tx-009913,user1913,user1396,12837,24,1790877508963862700
mvola,tx-009914,user1914,user0030,4008,32,1790877508971862700
orange,tx-009915,user1915,user0131,40069,45,1790877508979862700
airtel,tx-009916,user1916,user1181,15831,32,1790877508987862700
mvola,tx-009917,user1917,user1796,19545,45,1790877508995862700
orange,tx-009918,user1918,user1759,16359,9,1790877509003862700
airtel,tx-009919,user1919,user1128,12562,17,1790877509011862700
mvola,tx-009920,user1920,user1373,36341,12,1790877509019862700
orange,tx-009921,user1921,user1190,33385,12,1790877509027862700
airtel,tx-009922,user1922,user1110,41354,1,1790877509035862700
mvola,tx-009923,user1923,user1842,26497,47,1790877509043862700
orange,tx-009924,user1924,user0155,15449,30,1790877509051862700
airtel,tx-009925,user1925,user0562,37739,1,1790877509059862700
mvola,tx-009926,user1926,user0407,47936,20,1790877509067862700
orange,tx-009927,user1927,user0126,18244,2,1790877509075862700
airtel,tx-009928,user1928,user0616,14329,16,1790877509083862700
mvola,tx-009929,user1929,user1645,26546,35,1790877509091862700
orange,tx-009930,user1930,user0871,19049,48,1790877509099862700
airtel,tx-009931,user1931,user1827,8372,40,1790877509107862700
mvola,tx-009932,user1932,user0183,20046,18,1790877509115862700
orange,tx-009933,user1933,user1603,25538,38,1790877509123862700
airtel,tx-009934,user1934,user1694,27854,35,1790877509131862700
mvola,tx-009935,user1935,user0792,20185,43,1790877509139862700
orange,tx-009936,user1936,user0128,16159,28,1790877509147862700
airtel,tx-009937,user1937,user0140,40133,10,1790877509155862700
mvola,tx-009938,user1938,user1550,12369,47,1790877509163862700
orange,tx-009939,user1939,user0030,19993,31,1790877509171862700
airtel,tx-009940,user1940,user0665,19848,17,1790877509179862700
mvola,tx-009941,user1941,user1424,48483,42,1790877509187862700
orange,tx-009942,user1942,user0007,17042,29,1790877509195862700
airtel,tx-009943,user1943,user0660,24343,2,1790877509203862700
mvola,tx-009944,user1944,user0831,40351,23,1790877509211862700
orange,tx-009945,user1945,user0250,26364,22,1790877509219862700
airtel,tx-009946,user1946,user1768,20603,8,1790877509227862700
mvola,tx-009947,user1947,user1501,18829,29,1790877509235862700
orange,tx-009948,user1948,user1733,3456,18,1790877509243862700
airtel,tx-009949,user1949,user1460,2728,47,1790877509251862700
mvola,tx-009950,user1950,user0728,39092,43,1790877509259862700
orange,tx-009951,user1951,user0328,2968,30,1790877509267862700
airtel,tx-009952,user1952,user0715,35889,42,1790877509275862700
mvola,tx-009953,user1953,user1270,43605,28,1790877509283862700
orange,tx-009954,user1954,user0392,2421,39,1790877509291862700
airtel,tx-009955,user1955,user1784,48746,0,1790877509299862700
mvola,tx-009956,user1956,user0541,42856,0,1790877509307862700
orange,tx-009957,user1957,user1176,11639,0,1790877509315862700
airtel,tx-009958,user1958,user0261,13014,0,1790877509323862700
mvola,tx-009959,user1959,user1320,15981,0,1790877509331862700
orange,tx-009960,user1960,user1249,18091,0,1790877509339862700
airtel,tx-009961,user1961,user0647,51579,0,1790877509347862700
mvola,tx-009962,user1962,user1690,34705,0,1790877509355862700
orange,tx-009963,user1963,user0566,21045,0,1790877509363862700
airtel,tx-009964,user1964,user1512,20062,0,1790877509371862700
mvola,tx-009965,user1965,user0347,14174,0,1790877509379862700
orange,tx-009966,user1966,user0130,22436,0,1790877509387862700
airtel,tx-009967,user1967,user0988,23991,0,1790877509395862700
mvola,tx-009968,user1968,user1310,6222,0,1790877509403862700
orange,tx-009969,user1969,user1289,26949,0,1790877509411862700
airtel,tx-009970,user1970,user1805,16208,0,1790877509419862700
mvola,tx-009971,user1971,user1878,33698,0,1790877509427862700
orange,tx-009972,user1972,user1394,46623,0,1790877509435862700
airtel,tx-009973,user1973,user1036,37897,0,1790877509443862700
mvola,tx-009974,user1974,user1017,31265,0,1790877509451862700
orange,tx-009975,user1975,user0880,32613,0,1790877509459862700
airtel,tx-009976,user1976,user1205,42134,0,1790877509467862700
mvola,tx-009977,user1977,user1278,54527,0,1790877509475862700
orange,tx-009978,user1978,user0764,48929,0,1790877509483862700
airtel,tx-009979,user1979,user0047,9202,0,1790877509491862700
orange,orphan-000,ghost0,user111,40870,0,1790877509659862700
airtel,orphan-001,ghost1,user116,32911,0,1790877509667862700
airtel,orphan-002,ghost2,user123,8131,0,1790877509675862700
airtel,orphan-003,ghost3,user043,11651,0,1790877509683862700
orange,orphan-004,ghost4,user078,29268,0,1790877509691862700
orange,orphan-005,ghost5,user188,11049,0,1790877509699862700
mvola,orphan-006,ghost6,user196,10011,0,1790877509707862700
mvola,orphan-007,ghost7,user095,42778,0,1790877509715862700
orange,orphan-008,ghost8,user084,30579,0,1790877509723862700
airtel,orphan-009,ghost9,user001,40065,0,1790877509731862700
orange,orphan-010,ghost10,user069,36607,0,1790877509739862700
orange,orphan-011,ghost11,user154,4448,0,1790877509747862700
mvola,orphan-012,ghost12,user088,2915,0,1790877509755862700
orange,orphan-013,ghost13,user136,939,0,1790877509763862700
mvola,orphan-014,ghost14,user122,17749,0,1790877509771862700
broken,line,0
broken,line,1
broken,line,2
broken,line,3
broken,line,4
broken,line,5
broken,line,6
broken,line,7
broken,line,8
broken,line,9
